
            INSERT INTO products (id, sku, name, slug, category_id, unit_price, sale_price, preview_image_name, preview_image_path, views, description)
            VALUES (8800733201, 'SP10001', '[Mã FASHIONT4WA2 giảm 10K đơn 50K] Đầm Babydoll Nơ Ngực 🦋FREESHIP🦋 Váy Nữ Tay Bồng Dáng Suông 2 Màu', 'ma-fashiont4wa2-giam-10k-don-50k-dam-babydoll-no-nguc-🦋freeship🦋-vay-nu-tay-bong-dang-suong-2-mau', 10, 70000, 94000, 'SP_8800733201_0.jpg', 'images/products/10/SP_8800733201_0.jpg', 198514, 'Đầm Babydoll Nơ Ngực 🦋FREESHIP🦋 Váy Nữ Tay Bồng Dáng Suông 2 Màu 

🍃Mô  tả sản phẩm: 
•  Mẫu váy nhẹ nhàng tiểu thư cho các nàng bánh bèo vừa về kho Anie nha!
•  Mã mới xưởng bên anie mới thiết kế chào hàng các nàng luôn ạ
•  Thiết kế nơ ngưc buộc, tay bồng dáng dài xinh lắm nhé
•  Vải đũi xốp trắng mịn dày dặn
•  Dáng váy rất dễ phối với các phụ kiện nha, giày boots vs guốc cực hợp đó ạ
🍃Thông Tin Sản Phẩm
•  Full Size: M, L
          M: 40-51kg
          L:  52-61kg
•  Màu Sắc: Đen, Trắng
•  Dài 110cm

  💯 ANIESTORE  CAM KẾT 
🎗Sản Phẩm Như Hình
🎗Đổi trả sản phẩm trong 3 ngày
🎗Dịch vụ nhanh, chất lượng là số 1
🎗Shop chuyên sỉ, lẻ quần áo giá tận xưởng không qua trung gian ...
🎗Cập nhập mẫu mã liên tục giá tốt nhất
🎗Liên tục tuyển sỉ CTV toàn quốc - LẤY CÀNG NHIỀU • GIÁ CÀNG YÊU
🎗Sp luôn kèm ảnh tự chụp và Video tự quay 
🏠 ĐC kho: Số 30/220 TDP Trù 5, Cổ Nhuế 2, Bắc Từ Liêm, Hà Nội
📧https://www.facebook.com/trumthoitrangqc/
Zalo :0963867931
Shopee  https://shopee.vn/trumthoitrangqc
💋 Cảm ơn các bác đã ghé qua shop 💋
#vaynu #damnu #vay #dam #vaybabydoll #dambabydoll #vaymidi #dammidi #vayvoan #vaydutiec #vayxinh #freeship #aniestore #trumthoitrangqc');
            
            INSERT INTO product_images (product_id, name, path) 
            VALUES (8800733201, 'SP_8800733201_1.jpg', 'images/products/10/SP_8800733201_1.jpg');
            
            INSERT INTO product_images (product_id, name, path) 
            VALUES (8800733201, 'SP_8800733201_2.jpg', 'images/products/10/SP_8800733201_2.jpg');
            
            INSERT INTO product_images (product_id, name, path) 
            VALUES (8800733201, 'SP_8800733201_3.jpg', 'images/products/10/SP_8800733201_3.jpg');
            
            INSERT INTO product_images (product_id, name, path) 
            VALUES (8800733201, 'SP_8800733201_4.jpg', 'images/products/10/SP_8800733201_4.jpg');
            
            INSERT INTO product_images (product_id, name, path) 
            VALUES (8800733201, 'SP_8800733201_5.jpg', 'images/products/10/SP_8800733201_5.jpg');
            
            INSERT INTO product_images (product_id, name, path) 
            VALUES (8800733201, 'SP_8800733201_6.jpg', 'images/products/10/SP_8800733201_6.jpg');
            
            INSERT INTO product_images (product_id, name, path) 
            VALUES (8800733201, 'SP_8800733201_7.jpg', 'images/products/10/SP_8800733201_7.jpg');
            
            INSERT INTO product_images (product_id, name, path) 
            VALUES (8800733201, 'SP_8800733201_8.jpg', 'images/products/10/SP_8800733201_8.jpg');
            
            INSERT INTO product_images (product_id, name, path) 
            VALUES (8800733201, 'SP_8800733201_9.jpg', 'images/products/10/SP_8800733201_9.jpg');
            
            INSERT INTO product_details (id, product_id, size, color, unique_search_id, quantity)
            VALUES (63450776552, 8800733201, 'Size: M', 'Màu ĐEN', '  :adeeimmnsuz', 18570);
            
            INSERT INTO product_details (id, product_id, size, color, unique_search_id, quantity)
            VALUES (63450776553, 8800733201, 'Size: L', 'Màu ĐEN', '  :adeeilmnsuz', 28624);
            
            INSERT INTO product_details (id, product_id, size, color, unique_search_id, quantity)
            VALUES (63450776554, 8800733201, 'Size: M', 'Màu TRẮNG', '  :aaegimmnrstuz', 24766);
            
            INSERT INTO product_details (id, product_id, size, color, unique_search_id, quantity)
            VALUES (63450776555, 8800733201, 'Size: L', 'Màu TRẮNG', '  :aaegilmnrstuz', 27148);
            
            INSERT INTO products (id, sku, name, slug, category_id, unit_price, sale_price, preview_image_name, preview_image_path, views, description)
            VALUES (4782083306, 'SP10002', '[HÀNG ĐANG VỀ] Váy tiểu thư retro Pháp dài qua gối eo thon gọn tay bồng', 'hang-dang-ve-vay-tieu-thu-retro-phap-dai-qua-goi-eo-thon-gon-tay-bong', 10, 169468, 189468, 'SP_4782083306_0.jpg', 'images/products/10/SP_4782083306_0.jpg', 7322, 'Váy tiểu thư retro Pháp dài qua gối bó eo thon gọn tay bồng

✔Độ bền màu cao, không phai màu; tay áo bồng nhăn phía dưới 
✔Vải được dệt trơn co giãn bốn chiều, có đặc tính thân thiện với da và tạo cảm giác thoải mái khi mặc
✔Sợi vải ôm sát, không biến dạng
 
Size S: dưới 45kg 
Size M: 45kg-49kg
Size L: 50kg-56kg
Size XL: 56kg-61kg');
            
            INSERT INTO product_images (product_id, name, path) 
            VALUES (4782083306, 'SP_4782083306_1.jpg', 'images/products/10/SP_4782083306_1.jpg');
            
            INSERT INTO product_images (product_id, name, path) 
            VALUES (4782083306, 'SP_4782083306_2.jpg', 'images/products/10/SP_4782083306_2.jpg');
            
            INSERT INTO product_images (product_id, name, path) 
            VALUES (4782083306, 'SP_4782083306_3.jpg', 'images/products/10/SP_4782083306_3.jpg');
            
            INSERT INTO product_images (product_id, name, path) 
            VALUES (4782083306, 'SP_4782083306_4.jpg', 'images/products/10/SP_4782083306_4.jpg');
            
            INSERT INTO product_details (id, product_id, size, color, unique_search_id, quantity)
            VALUES (35100792422, 4782083306, 'XXL', 'Xanh lam nhạt', '  aaahhllmnntxxx', 235);
            
            INSERT INTO product_details (id, product_id, size, color, unique_search_id, quantity)
            VALUES (35100792423, 4782083306, 'XXL', 'Xanh hải quân', '  aaahhilnnquxxx', 236);
            
            INSERT INTO product_details (id, product_id, size, color, unique_search_id, quantity)
            VALUES (91132490632, 4782083306, 'L', 'Xanh lam nhạt', '  aaahhllmnntx', 235);
            
            INSERT INTO product_details (id, product_id, size, color, unique_search_id, quantity)
            VALUES (91132490633, 4782083306, 'XL', 'Xanh lam nhạt', '  aaahhllmnntxx', 236);
            
            INSERT INTO product_details (id, product_id, size, color, unique_search_id, quantity)
            VALUES (91132490634, 4782083306, 'S', 'Xanh hải quân', '  aaahhinnqsux', 237);
            
            INSERT INTO product_details (id, product_id, size, color, unique_search_id, quantity)
            VALUES (91132490635, 4782083306, 'M', 'Xanh hải quân', '  aaahhimnnqux', 236);
            
            INSERT INTO product_details (id, product_id, size, color, unique_search_id, quantity)
            VALUES (91132490636, 4782083306, 'L', 'Xanh hải quân', '  aaahhilnnqux', 236);
            
            INSERT INTO product_details (id, product_id, size, color, unique_search_id, quantity)
            VALUES (91132490637, 4782083306, 'XL', 'Xanh hải quân', '  aaahhilnnquxx', 236);
            
            INSERT INTO product_details (id, product_id, size, color, unique_search_id, quantity)
            VALUES (91132490638, 4782083306, 'S', 'Xanh lam nhạt', '  aaahhlmnnstx', 236);
            
            INSERT INTO product_details (id, product_id, size, color, unique_search_id, quantity)
            VALUES (91132490639, 4782083306, 'M', 'Xanh lam nhạt', '  aaahhlmmnntx', 235);
            
            INSERT INTO products (id, sku, name, slug, category_id, unit_price, sale_price, preview_image_name, preview_image_path, views, description)
            VALUES (5817987325, 'SP10003', 'Váy ulzzang dáng dài tiểu thư cổ tim Hàn Quốc, Váy dài Vintage dài tay cổ tim phong cách ulzzang Hàn Quốc V12 - Roxie', 'vay-ulzzang-dang-dai-tieu-thu-co-tim-han-quoc,-vay-dai-vintage-dai-tay-co-tim-phong-cach-ulzzang-han-quoc-v12-roxie', 10, 150000, 170000, 'SP_5817987325_0.jpg', 'images/products/10/SP_5817987325_0.jpg', 23506, '* Thông tin sản phẩm: Váy ulzzang dáng dài tiểu thư cổ tim Hàn Quốc, Đầm vintage dài tay cổ tim phong cách ulzzang Hàn Quốc
    + Đường may chắc chắn, vắt sổ
    + Giặt ko xù hay bay màu, thoải mái ko gò bó

* Màu sắc, kích thước: Váy ulzzang dáng dài tiểu thư cổ tim Hàn Quốc, Đầm vintage dài tay cổ tim phong cách ulzzang Hàn Quốc
    + Váy có màu: Nâu, Xanh Đen
-Size S: 44-47kg
-Size M: 47-50kg
-Size L: 50-54kg

Quý khách vui lòng inbox ngay cho shop nếu cần tư vấn thêm về size

* Hướng dẫn sử dụng, bảo quản: Váy ulzzang dáng dài tiểu thư cổ tim Hàn Quốc, Đầm vintage dài tay cổ tim phong cách ulzzang Hàn Quốc
    + Lần đầu nên lộn trái váy và giặt ở nhiệt độ thường
    + Không dùng chất tẩy mạnh
    + Khi phơi nên lộn trái váy tránh bị phai màu
    + Là, ủi váy ở nhiệt độ thích hợp

️* Cam kết của shop
    + Cam kết chất lượng sản phẩm giống với mô tả, hình ảnh.
    + Sản phẩm được kiểm tra cẩn thận, kĩ càng trước khi gói hàng giao cho Quý khách
    + Hàng còn mới 100% và chưa qua sử dụng
    + Chấp nhận đổi hàng khi size không vừa
    + Giao hàng trên toàn quốc, nhận hàng mới trả tiền
    + Hỗ trợ đổi trả theo quy định của Shopee 

1. Điều kiện áp dụng (trong vòng 07 ngày kể từ khi nhận sản phẩm) 
- Hàng hoá vẫn còn mới, chưa qua sử dụng 
- Hàng hoá bị lỗi hoặc hư hỏng do vận chuyển hoặc do nhà sản xuất 
2. Trường hợp được chấp nhận: 
- Hàng không đúng size, kiểu dáng như quý khách đặt hàng 
- Không đủ số lượng, không đủ bộ như trong đơn hàng 
3. Trường hợp không đủ điều kiện áp dụng chính sách: 
- Quá 07 ngày kể từ khi Quý khách nhận hàng 
- Gửi lại hàng không đúng mẫu mã, không phải sản phẩm của ROXIE.
- Không thích, không hợp, đặt nhầm mã, nhầm màu,... 
Do màn hình và điều kiện ánh sáng khác nhau, màu sắc thực tế của sản phẩm có thể chênh lệch khoảng 3-5%

#dam #nu #vay #dai #caro #ulzzang #vintage #vaysuong #vaydai #damnu #vayvintage #damvintage #damdai #vaynu #roxie');
            
            INSERT INTO product_images (product_id, name, path) 
            VALUES (5817987325, 'SP_5817987325_1.jpg', 'images/products/10/SP_5817987325_1.jpg');
            
            INSERT INTO product_images (product_id, name, path) 
            VALUES (5817987325, 'SP_5817987325_2.jpg', 'images/products/10/SP_5817987325_2.jpg');
            
            INSERT INTO product_images (product_id, name, path) 
            VALUES (5817987325, 'SP_5817987325_3.jpg', 'images/products/10/SP_5817987325_3.jpg');
            
            INSERT INTO product_images (product_id, name, path) 
            VALUES (5817987325, 'SP_5817987325_4.jpg', 'images/products/10/SP_5817987325_4.jpg');
            
            INSERT INTO product_images (product_id, name, path) 
            VALUES (5817987325, 'SP_5817987325_5.jpg', 'images/products/10/SP_5817987325_5.jpg');
            
            INSERT INTO product_images (product_id, name, path) 
            VALUES (5817987325, 'SP_5817987325_6.jpg', 'images/products/10/SP_5817987325_6.jpg');
            
            INSERT INTO product_images (product_id, name, path) 
            VALUES (5817987325, 'SP_5817987325_7.jpg', 'images/products/10/SP_5817987325_7.jpg');
            
            INSERT INTO product_images (product_id, name, path) 
            VALUES (5817987325, 'SP_5817987325_8.jpg', 'images/products/10/SP_5817987325_8.jpg');
            
            INSERT INTO product_details (id, product_id, size, color, unique_search_id, quantity)
            VALUES (13856010946, 5817987325, 'S (44-47kg)', 'Nâu', ' ()-4447agknsu', 5);
            
            INSERT INTO product_details (id, product_id, size, color, unique_search_id, quantity)
            VALUES (13856010947, 5817987325, 'M (47-50kg)', 'Nâu', ' ()-0457agkmnu', 6);
            
            INSERT INTO product_details (id, product_id, size, color, unique_search_id, quantity)
            VALUES (13856010948, 5817987325, 'L (50-54kg)', 'Nâu', ' ()-0455agklnu', 1);
            
            INSERT INTO product_details (id, product_id, size, color, unique_search_id, quantity)
            VALUES (13856010949, 5817987325, 'S (44-47kg)', ' Xanh Đen', '   ()-4447adeghknnsx', 5);
            
            INSERT INTO product_details (id, product_id, size, color, unique_search_id, quantity)
            VALUES (13856010950, 5817987325, 'M (47-50kg)', ' Xanh Đen', '   ()-0457adeghkmnnx', 1);
            
            INSERT INTO product_details (id, product_id, size, color, unique_search_id, quantity)
            VALUES (13856010951, 5817987325, 'L (50-54kg)', ' Xanh Đen', '   ()-0455adeghklnnx', 5);
            
            INSERT INTO product_details (id, product_id, size, color, unique_search_id, quantity)
            VALUES (13856010952, 5817987325, 'S (44-47kg)', 'Quần mặc trong váy', '    ()-4447aaacggkmnnoqrstuvy', 0);
            
            INSERT INTO product_details (id, product_id, size, color, unique_search_id, quantity)
            VALUES (13856010953, 5817987325, 'M (47-50kg)', 'Quần mặc trong váy', '    ()-0457aaacggkmmnnoqrtuvy', 0);
            
            INSERT INTO product_details (id, product_id, size, color, unique_search_id, quantity)
            VALUES (13856010954, 5817987325, 'L (50-54kg)', 'Quần mặc trong váy', '    ()-0455aaacggklmnnoqrtuvy', 0);
            
            INSERT INTO product_details (id, product_id, size, color, unique_search_id, quantity)
            VALUES (54612874860, 5817987325, 'XL (55-60kg)', ' Xanh Đen', '   ()-0556adeghklnnxx', 1);
            
            INSERT INTO product_details (id, product_id, size, color, unique_search_id, quantity)
            VALUES (54612874861, 5817987325, 'XL (55-60kg)', 'Nâu', ' ()-0556agklnux', 0);
            
            INSERT INTO product_details (id, product_id, size, color, unique_search_id, quantity)
            VALUES (54612874862, 5817987325, 'XL (55-60kg)', 'Quần mặc trong váy', '    ()-0556aaacggklmnnoqrtuvxy', 0);
            
            INSERT INTO products (id, sku, name, slug, category_id, unit_price, sale_price, preview_image_name, preview_image_path, views, description)
            VALUES (5144126798, 'SP10004', 'Váy cổ vuông rút bèo tay dài', 'vay-co-vuong-rut-beo-tay-dai', 10, 155000, 280000, 'SP_5144126798_0.jpg', 'images/products/10/SP_5144126798_0.jpg', 13100, '💥 ĐẦM CỔ VUÔNG RÚT BÈO💥

👉👉👉form xinh miễn bàn chất lượng khỏi chê nha, lót đúp cả đầm 💃💃💃
✔️Màu: nude/ đỏ đô/ trắng
✔️Size: S/M /L
✔️ Chất liệu: cotton mềm (vải hạt chéo) lót đúp cả đầm , không phải thun
ĐẦM DÀI 105cm chưa rút
〰️ Size S: 82-66-free
〰️ Size M: 86-70-free
〰️ Size L: 88-74-free
💵 2️⃣0️⃣5️⃣.0️⃣0️⃣0️⃣

Mua hàng tại Shopee: https://shopee.prf.hn/click/camref:1011ldrpg/destination:https%3A%2F%2Fshopee.vn%2Funiversal-link%2Fngocthai22
➖➖➖➖➖➖➖➖➖➖➖➖➖➖➖➖
                THAI KIM NGOC
CHUYÊN SỈ& LẺ THỜI TRANG THIẾT KẾ
➖ Sỉ từ 10sp (không bỏ sỉ mặc)
➖ Sỉ add 0938795471 (note lấy sỉ)

#ngocthai22 #thaikimngoc #đầm #váy #cưới #tiệc #đầmxoè #đầmcôngsở #đầmxinh #đầmdựtiệc #đầmtiệc #cưới #đầmváy
#đầmtrắng #damtrang #vaytrang #váytrắng
');
            
            INSERT INTO product_images (product_id, name, path) 
            VALUES (5144126798, 'SP_5144126798_1.jpg', 'images/products/10/SP_5144126798_1.jpg');
            
            INSERT INTO product_images (product_id, name, path) 
            VALUES (5144126798, 'SP_5144126798_2.jpg', 'images/products/10/SP_5144126798_2.jpg');
            
            INSERT INTO product_images (product_id, name, path) 
            VALUES (5144126798, 'SP_5144126798_3.jpg', 'images/products/10/SP_5144126798_3.jpg');
            
            INSERT INTO product_images (product_id, name, path) 
            VALUES (5144126798, 'SP_5144126798_4.jpg', 'images/products/10/SP_5144126798_4.jpg');
            
            INSERT INTO product_images (product_id, name, path) 
            VALUES (5144126798, 'SP_5144126798_5.jpg', 'images/products/10/SP_5144126798_5.jpg');
            
            INSERT INTO product_images (product_id, name, path) 
            VALUES (5144126798, 'SP_5144126798_6.jpg', 'images/products/10/SP_5144126798_6.jpg');
            
            INSERT INTO product_images (product_id, name, path) 
            VALUES (5144126798, 'SP_5144126798_7.jpg', 'images/products/10/SP_5144126798_7.jpg');
            
            INSERT INTO product_images (product_id, name, path) 
            VALUES (5144126798, 'SP_5144126798_8.jpg', 'images/products/10/SP_5144126798_8.jpg');
            
            INSERT INTO product_images (product_id, name, path) 
            VALUES (5144126798, 'SP_5144126798_9.jpg', 'images/products/10/SP_5144126798_9.jpg');
            
            INSERT INTO product_details (id, product_id, size, color, unique_search_id, quantity)
            VALUES (22356466683, 5144126798, 'Size L', 'Trắng(cotton mềm)', '  ()aceegilmmnnoorstttz', 20);
            
            INSERT INTO product_details (id, product_id, size, color, unique_search_id, quantity)
            VALUES (22356466684, 5144126798, 'Size L', 'Đỏ đô(cotton mềm)', '   ()cddeeilmmnoooosttz', 81);
            
            INSERT INTO product_details (id, product_id, size, color, unique_search_id, quantity)
            VALUES (22356466685, 5144126798, 'Size L', 'Nude(cotton mềm)', '  ()cdeeeilmmnnoosttuz', 83);
            
            INSERT INTO product_details (id, product_id, size, color, unique_search_id, quantity)
            VALUES (30623965847, 5144126798, 'Size S (TN)', 'Nude(cotton mềm)', '   (())cdeeeimmnnnoosstttuz', 0);
            
            INSERT INTO product_details (id, product_id, size, color, unique_search_id, quantity)
            VALUES (30623965848, 5144126798, 'Size S (TN)', 'Đỏ đô(cotton mềm)', '    (())cddeeimmnnoooosstttz', 1);
            
            INSERT INTO product_details (id, product_id, size, color, unique_search_id, quantity)
            VALUES (61202864749, 5144126798, 'Size M (TN)', 'Đỏ đô(cotton mềm)', '    (())cddeeimmmnnoooostttz', 92);
            
            INSERT INTO product_details (id, product_id, size, color, unique_search_id, quantity)
            VALUES (61202864750, 5144126798, 'Size S (TN)', 'Trắng(cotton mềm)', '   (())aceegimmnnnoorssttttz', 1);
            
            INSERT INTO product_details (id, product_id, size, color, unique_search_id, quantity)
            VALUES (61202864751, 5144126798, 'Size M (TN)', 'Trắng(cotton mềm)', '   (())aceegimmmnnnoorsttttz', 15);
            
            INSERT INTO product_details (id, product_id, size, color, unique_search_id, quantity)
            VALUES (61202864752, 5144126798, 'Size M (TN)', 'Nude(cotton mềm)', '   (())cdeeeimmmnnnoostttuz', 34);
            
            INSERT INTO products (id, sku, name, slug, category_id, unit_price, sale_price, preview_image_name, preview_image_path, views, description)
            VALUES (4269968357, 'SP10005', 'Váy trắng dài Jessica Dress -Lyn- Váy dài qua gối chất liệu gân Hàn cao cáp dáng xoè,dự tiệc,đi cưới,kỷ yếu.', 'vay-trang-dai-jessica-dress-lyn-vay-dai-qua-goi-chat-lieu-gan-han-cao-cap-dang-xoe,du-tiec,di-cuoi,ky-yeu', 10, 298000, 380000, 'SP_4269968357_0.jpg', 'images/products/10/SP_4269968357_0.jpg', 9107, 'Váy thiết kế trắng Jessica Dress dáng xoè,dự tiệc,đi cưới,kỷ yếu. 
Màu sắc: trắng 
Chất liệu:gân Hàn,lưới tuxu,lưới đính trai
Size:S;M;L

Size S : 38-45kg
Size M. : 46-54kg
Size L :  56- 65kg

Lưu ý: size theo chiều cao và kg, phù hợp cho dáng người trung bình, nếu mập, cao phải tăng size. 
✪ Kiểu Dáng :Form chuẩn phù hợp với vóc dáng phụ nữ Việt Nam 
✪ Sản Xuất : Sản xuất trực tiếp tại xưởng - hàng Việt Nam Xuất Khẩu 

 Shop CAM KẾT :
✔Về sản phẩm: ẢNH THẬT DO SHOP CHỤP. Shop cam kết cả về CHẤT LIỆU cũng như HÌNH DÁNG ( đúng với những gì được nêu bật trong phần mô tả sản phẩm). 
✔Về giá cả : Shop nhập với số lượng nhiều và trực tiếp nên chi phí sẽ là RẺ NHẤT nhé. 
✔Về dịch vụ: Shop sẽ cố gắng trả lời hết những thắc mắc xoay quanh sản phẩm nhé. 
✔Thời gian chuẩn bị hàng: Hàng có sẵn, thời gian chuẩn bị tối ưu nhất. 

🍃Quyền Lợi của Khách Hàng :
 ✔Chính sách bao đổi trả hàng miễn phí khi sản phẩm kém chất lượng và không giống hình, nhầm size, số lượng.
Khách hàng cũ : Mua lần thứ 2 trở đi sẽ được nhận mã giảm giá của shop
 << ib ngay cho mình nha>> để nhận nào . 

LƯU Ý KHI SỬ DỤNG CÁC SẢN PHẨM CỦA SHOP 
- Đối vơi sản phẩm đa dạng về chất liệu, kiểu dáng cách bảo quản sản phẩm tốt nhất là giặt tay với bột (nước) giặt nhẹ để giữ được độ bền của vải, tránh bị phai màu từ các loại quần áo khác. 
- Đối với những sản phẩm có thể giặt máy, chỉ nên để ở chế độ giặt nhẹ, hoặc mức trung bình và nên phân loại sản phẩm cùng màu và cùng loại vải khi giặt. 
- Nên phơi sản phẩm ở nơi thoáng mát, tránh ánh nắng trực tiếp dễ bị phai bạc màu, nên làm khô quần áo bằng cách phơi ở những điểm đón gió sẽ giữ được màu vải tốt hơn.

- Địa Chỉ Liên Hệ: Số 9 Ngách 506/10 Ngõ 506 Kim Giang Hoàng Mai Hà Nội 
- Hotline: 0921805860
#vaynu #damnu #vay #dam #vaybabydoll #dambabydoll #vaymidi #dammidi #vayvoan #vaydutiec #vayxinh #freeship #vaynuthoitrang #vaynuhanquoc

');
            
            INSERT INTO product_images (product_id, name, path) 
            VALUES (4269968357, 'SP_4269968357_1.jpg', 'images/products/10/SP_4269968357_1.jpg');
            
            INSERT INTO product_images (product_id, name, path) 
            VALUES (4269968357, 'SP_4269968357_2.jpg', 'images/products/10/SP_4269968357_2.jpg');
            
            INSERT INTO product_images (product_id, name, path) 
            VALUES (4269968357, 'SP_4269968357_3.jpg', 'images/products/10/SP_4269968357_3.jpg');
            
            INSERT INTO product_images (product_id, name, path) 
            VALUES (4269968357, 'SP_4269968357_4.jpg', 'images/products/10/SP_4269968357_4.jpg');
            
            INSERT INTO product_images (product_id, name, path) 
            VALUES (4269968357, 'SP_4269968357_5.jpg', 'images/products/10/SP_4269968357_5.jpg');
            
            INSERT INTO product_images (product_id, name, path) 
            VALUES (4269968357, 'SP_4269968357_6.jpg', 'images/products/10/SP_4269968357_6.jpg');
            
            INSERT INTO product_details (id, product_id, size, color, unique_search_id, quantity)
            VALUES (62535327865, 4269968357, 'M', 'Trắng', 'agmnrt', 87);
            
            INSERT INTO product_details (id, product_id, size, color, unique_search_id, quantity)
            VALUES (62535327866, 4269968357, 'L', 'Trắng', 'aglnrt', 93);
            
            INSERT INTO product_details (id, product_id, size, color, unique_search_id, quantity)
            VALUES (62535327867, 4269968357, 'S', 'Trắng', 'agnrst', 86);
            
            INSERT INTO products (id, sku, name, slug, category_id, unit_price, sale_price, preview_image_name, preview_image_path, views, description)
            VALUES (9244747998, 'SP10006', 'Váy Cổ Vuông Tay Dài Nữ ALICE Dáng Xòe Rộng Thắt Eo Tay Dài Bồng Bo Tay Thanh Lịch Cho Nữ Đi Dự Tiệc V657', 'vay-co-vuong-tay-dai-nu-alice-dang-xoe-rong-that-eo-tay-dai-bong-bo-tay-thanh-lich-cho-nu-di-du-tiec-v657', 10, 273000, 420000, 'SP_9244747998_0.jpg', 'images/products/10/SP_9244747998_0.jpg', 69, '💎 THÔNG TIN SẢN PHẨM
- Tên sản phẩm: Váy Cổ Vuông Tay Dài Nữ ALICE Dáng Xòe Rộng Thắt Eo Tay Dài Bồng Bo Tay Thanh Lịch Cho Nữ Đi Dự Tiệc V657
- Mã sản phẩm: V657
- Thương hiệu: ALICE 
- Xuất xứ: Việt Nam
- Chất liệu: Váy chất chéo hàn 
- Màu sắc: Đỏ 
- Kiểu dáng: Váy dáng xòe
- Họa tiết: Trơn 
- Size: S - M - L - XL

💎 BẢNG QUY ĐỔI KÍCH CỠ 
Bảng size theo số đo 3 vòng
SIZE                   S             M             L             XL 
Vòng 1:              86            90           94            98
Vòng 2:              66            70           74            78 
Vòng 3:              90            94           98           102

Bảng size theo cân nặng - chiều cao
SIZE                                S                    M                   L                     XL 
Cân nặng (Kg):           44 - 50            50 - 54           55 - 62            60 - 70
Chiều cao (cm):        148 - 160        148 - 160       151 - 161        155 - 170

💎 MÔ TẢ SẢN PHẨM
- Váy chất chéo hàn mềm mịn, lót lụa, co giãn nhẹ, thấm hút mồ hôi tốt, mặc mát. Đường may cao cấp, không bai, không xù, không dão.
- Váy được thiết kế dáng xòe rộng, thắt eo tôn dáng, cổ vuông thanh lịch, sang trọng.
- Sản phẩm phù hợp đi dự tiệc, đi chơi, đi dạo phố.

💎 HƯỚNG DẪN SỬ DỤNG VÀ BẢO QUẢN
- Giặt máy nhẹ nhàng, ở nhiệt độ thường
- Không nên chà xát mạnh bằng bàn chải, tránh phơi dưới ánh nắng gắt trực tiếp.
- Không sử dụng hóa chất tẩy
- Khi ủi sản phẩm, nên ủi bằng bàn là sử dụng chế độ hơi nước sẽ làm cho sản phẩm dễ ủi phẳng, mặt vải không bị cháy, bóng lỳ do sức nóng của nhiệt và giữ vải cũng như mầu vải của sản phẩm được đẹp và bền lâu hơn. Để nhiệt độ bàn là tùy theo từng chất liệu vải.

💎 CAM KẾT VÀ BẢO HÀNH
- Đảm bảo hàng chính hãng, cam kết sản phẩm đúng với mô tả và hình ảnh của shop
- Đổi trả sản phẩm, size trong vòng 3 ngày nếu do lỗi sản xuất. 
- Nếu có bất kì khiếu nại cần Shop hỗ trợ về sản phẩm, khi nhận được sản phẩm Quý Khách hàng vui lòng quay lại video quá trình mở sản phẩm để được đảm bảo 100% đổi lại sản phẩm mới nếu Shop giao bị lỗi.

--------------🌸🌿🌸 ALICE OFFICIAL 🌸🌿🌸-------------- ❤
Phương châm Bán Hàng Có Tâm - Khách hàng khi nhận hàng phải ưng ý nhất.
❤ Thiết kế những sản phẩm đẹp nhất, lung linh nhất. 
❤ Cập nhật xu hướng Phong cách & Thời thượng cùng chất liệu cao cấp. 
❤ Váy Đầm Thiết Kế được may tỉ mỉ thủ công hoàn toàn từ những người thợ lành nghề nhất.

#alice #aliceofficial #vaycovuong #vaycovuongtaybong #vaycovuongdangdai #vaycovuonghoanhi #vaycovuongtaydai #vaycovuongxeta #vaycovuongtrang #vaycovuongdo #vaycovuongden #vaycovuongnu #vaycovuongtaydainu #vaycovuongnutaybong #vaycovuongnudangdai #vaycovuongnutaydai #vaycovuongnutrang #vaycovuongnudo #vaycovuongnuden');
            
            INSERT INTO product_images (product_id, name, path) 
            VALUES (9244747998, 'SP_9244747998_1.jpg', 'images/products/10/SP_9244747998_1.jpg');
            
            INSERT INTO product_images (product_id, name, path) 
            VALUES (9244747998, 'SP_9244747998_2.jpg', 'images/products/10/SP_9244747998_2.jpg');
            
            INSERT INTO product_images (product_id, name, path) 
            VALUES (9244747998, 'SP_9244747998_3.jpg', 'images/products/10/SP_9244747998_3.jpg');
            
            INSERT INTO product_images (product_id, name, path) 
            VALUES (9244747998, 'SP_9244747998_4.jpg', 'images/products/10/SP_9244747998_4.jpg');
            
            INSERT INTO product_images (product_id, name, path) 
            VALUES (9244747998, 'SP_9244747998_5.jpg', 'images/products/10/SP_9244747998_5.jpg');
            
            INSERT INTO product_images (product_id, name, path) 
            VALUES (9244747998, 'SP_9244747998_6.jpg', 'images/products/10/SP_9244747998_6.jpg');
            
            INSERT INTO product_images (product_id, name, path) 
            VALUES (9244747998, 'SP_9244747998_7.jpg', 'images/products/10/SP_9244747998_7.jpg');
            
            INSERT INTO product_details (id, product_id, size, color, unique_search_id, quantity)
            VALUES (25475576660, 9244747998, 'S', 'Đỏ', 'dos', 20);
            
            INSERT INTO product_details (id, product_id, size, color, unique_search_id, quantity)
            VALUES (25475576661, 9244747998, 'M', 'Đỏ', 'dmo', 20);
            
            INSERT INTO product_details (id, product_id, size, color, unique_search_id, quantity)
            VALUES (25475576662, 9244747998, 'L', 'Đỏ', 'dlo', 20);
            
            INSERT INTO product_details (id, product_id, size, color, unique_search_id, quantity)
            VALUES (25475576663, 9244747998, 'XL', 'Đỏ', 'dlox', 0);
            
            INSERT INTO products (id, sku, name, slug, category_id, unit_price, sale_price, preview_image_name, preview_image_path, views, description)
            VALUES (4484874180, 'SP10007', 'Váy maxi nữ Váy suông Váy dáng dài mùa hè 2021 phong cách mới khí chất Pháp Váy dài qua gối cổ chữ V nữ đầu', 'vay-maxi-nu-vay-suong-vay-dang-dai-mua-he-2021-phong-cach-moi-khi-chat-phap-vay-dai-qua-goi-co-chu-v-nu-dau', 10, 253000, 656000, 'SP_4484874180_0.jpg', 'images/products/10/SP_4484874180_0.jpg', 29, '??? Các sản phẩm trong cửa hàng đều được bán hết.
? Shop giảm giá hơn 10% ?
?Store có thể cung cấp
? Luôn kèm theo hình ảnh / video thực tế. Hãy chắc chắn rằng hình ảnh là chính xác.
? Nếu không giống trong hình, cam kết hoàn tiền 100%.
? Giá rẻ mà chất lượng đảm bảo, chất vải đẹp, tha hồ lựa chọn và đặt hàng! !!
? Áo đẹp nhiều màu
? Có đầy đủ kích thước.
? Nếu bạn có bất kỳ câu hỏi nào, vui lòng liên hệ với bộ phận chăm sóc khách hàng.');
            
            INSERT INTO product_images (product_id, name, path) 
            VALUES (4484874180, 'SP_4484874180_1.jpg', 'images/products/10/SP_4484874180_1.jpg');
            
            INSERT INTO product_images (product_id, name, path) 
            VALUES (4484874180, 'SP_4484874180_2.jpg', 'images/products/10/SP_4484874180_2.jpg');
            
            INSERT INTO product_images (product_id, name, path) 
            VALUES (4484874180, 'SP_4484874180_3.jpg', 'images/products/10/SP_4484874180_3.jpg');
            
            INSERT INTO product_images (product_id, name, path) 
            VALUES (4484874180, 'SP_4484874180_4.jpg', 'images/products/10/SP_4484874180_4.jpg');
            
            INSERT INTO product_details (id, product_id, size, color, unique_search_id, quantity)
            VALUES (64683122528, 4484874180, ' S ', ' đen [ngắn tay] ', '      []aadegnnnsty', 500);
            
            INSERT INTO product_details (id, product_id, size, color, unique_search_id, quantity)
            VALUES (64683122529, 4484874180, ' S ', ' Tay áo dài màu đen ', '        aaaaddeimnostuy', 500);
            
            INSERT INTO product_details (id, product_id, size, color, unique_search_id, quantity)
            VALUES (64683122530, 4484874180, ' M ', ' Tay áo dài màu đen ', '        aaaaddeimmnotuy', 500);
            
            INSERT INTO product_details (id, product_id, size, color, unique_search_id, quantity)
            VALUES (64683122531, 4484874180, ' M ', ' Màu tím tay áo dài ', '        aaaadiimmmottuy', 500);
            
            INSERT INTO product_details (id, product_id, size, color, unique_search_id, quantity)
            VALUES (64683122532, 4484874180, ' XL ', 'Màu tím [Tay áo n', '      [aaailmmnottuxy', 500);
            
            INSERT INTO product_details (id, product_id, size, color, unique_search_id, quantity)
            VALUES (64683122533, 4484874180, ' M ', 'Màu đỏ tía [Tay á', '      [aaaadimmottuy', 500);
            
            INSERT INTO product_details (id, product_id, size, color, unique_search_id, quantity)
            VALUES (64683122534, 4484874180, ' M ', ' đen [ngắn tay] ', '      []aadegmnnnty', 500);
            
            INSERT INTO product_details (id, product_id, size, color, unique_search_id, quantity)
            VALUES (64683122535, 4484874180, ' M ', 'Áo dài tay màu vàng ', '       aaaaadgimmnotuvy', 500);
            
            INSERT INTO product_details (id, product_id, size, color, unique_search_id, quantity)
            VALUES (64683122536, 4484874180, ' S ', ' Màu tím tay áo dài ', '        aaaadiimmosttuy', 500);
            
            INSERT INTO product_details (id, product_id, size, color, unique_search_id, quantity)
            VALUES (64683122537, 4484874180, ' S ', 'Màu trắng tay áo', '     aaaagmnorsttuy', 500);
            
            INSERT INTO product_details (id, product_id, size, color, unique_search_id, quantity)
            VALUES (64683122538, 4484874180, ' L ', 'Màu trắng tay áo', '     aaaaglmnorttuy', 500);
            
            INSERT INTO product_details (id, product_id, size, color, unique_search_id, quantity)
            VALUES (64683122539, 4484874180, ' XL ', 'xanh lam [ngắn ta', '     [aaaaghllmnnntxx', 500);
            
            INSERT INTO product_details (id, product_id, size, color, unique_search_id, quantity)
            VALUES (64683122540, 4484874180, ' L ', 'Màu tím [Tay áo n', '      [aaailmmnottuy', 500);
            
            INSERT INTO product_details (id, product_id, size, color, unique_search_id, quantity)
            VALUES (64683122541, 4484874180, ' L ', ' đen [ngắn tay] ', '      []aadeglnnnty', 500);
            
            INSERT INTO product_details (id, product_id, size, color, unique_search_id, quantity)
            VALUES (64683122542, 4484874180, ' M ', 'Màu tím [Tay áo n', '      [aaaimmmnottuy', 500);
            
            INSERT INTO product_details (id, product_id, size, color, unique_search_id, quantity)
            VALUES (64683122543, 4484874180, ' XL ', ' Màu tím tay áo dài ', '        aaaadiilmmottuxy', 500);
            
            INSERT INTO product_details (id, product_id, size, color, unique_search_id, quantity)
            VALUES (64683122544, 4484874180, ' XL ', ' Tay áo dài màu mơ ', '        aaaadilmmootuxy', 500);
            
            INSERT INTO product_details (id, product_id, size, color, unique_search_id, quantity)
            VALUES (64683122545, 4484874180, ' M ', 'Màu trắng tay áo', '     aaaagmmnorttuy', 500);
            
            INSERT INTO product_details (id, product_id, size, color, unique_search_id, quantity)
            VALUES (64683122546, 4484874180, ' XL ', 'Màu đỏ tía [Tay á', '      [aaaadilmottuxy', 500);
            
            INSERT INTO product_details (id, product_id, size, color, unique_search_id, quantity)
            VALUES (64683122547, 4484874180, ' M ', 'xanh lam [ngắn ta', '     [aaaaghlmmnnntx', 500);
            
            INSERT INTO product_details (id, product_id, size, color, unique_search_id, quantity)
            VALUES (64683122548, 4484874180, ' M ', ' Tay áo dài màu mơ ', '        aaaadimmmootuy', 500);
            
            INSERT INTO product_details (id, product_id, size, color, unique_search_id, quantity)
            VALUES (64683122549, 4484874180, ' XL ', 'Màu trắng tay áo', '     aaaaglmnorttuxy', 500);
            
            INSERT INTO product_details (id, product_id, size, color, unique_search_id, quantity)
            VALUES (64683122550, 4484874180, ' L ', 'Màu đỏ tía [Tay á', '      [aaaadilmottuy', 500);
            
            INSERT INTO product_details (id, product_id, size, color, unique_search_id, quantity)
            VALUES (64683122551, 4484874180, ' L ', 'xanh lam [ngắn ta', '     [aaaaghllmnnntx', 500);
            
            INSERT INTO product_details (id, product_id, size, color, unique_search_id, quantity)
            VALUES (64683122552, 4484874180, ' S ', 'Màu xanh lá cây [', '      [aaaachlmnsuxy', 486);
            
            INSERT INTO product_details (id, product_id, size, color, unique_search_id, quantity)
            VALUES (64683122553, 4484874180, ' XL ', 'Màu xanh lá cây [', '      [aaaachllmnuxxy', 500);
            
            INSERT INTO product_details (id, product_id, size, color, unique_search_id, quantity)
            VALUES (64683122554, 4484874180, ' XL ', ' đen [ngắn tay] ', '      []aadeglnnntxy', 500);
            
            INSERT INTO product_details (id, product_id, size, color, unique_search_id, quantity)
            VALUES (64683122555, 4484874180, ' L ', 'trắng [ngắn tay]', '    []aaagglnnnrtty', 500);
            
            INSERT INTO product_details (id, product_id, size, color, unique_search_id, quantity)
            VALUES (64683122556, 4484874180, ' S ', 'Màu đỏ tía [Tay á', '      [aaaadimosttuy', 500);
            
            INSERT INTO product_details (id, product_id, size, color, unique_search_id, quantity)
            VALUES (64683122557, 4484874180, ' S ', 'Màu tím [Tay áo n', '      [aaaimmnosttuy', 500);
            
            INSERT INTO product_details (id, product_id, size, color, unique_search_id, quantity)
            VALUES (64683122558, 4484874180, ' L ', 'Áo dài tay màu vàng ', '       aaaaadgilmnotuvy', 500);
            
            INSERT INTO product_details (id, product_id, size, color, unique_search_id, quantity)
            VALUES (64683122559, 4484874180, ' L ', ' Tay áo dài màu mơ ', '        aaaadilmmootuy', 500);
            
            INSERT INTO product_details (id, product_id, size, color, unique_search_id, quantity)
            VALUES (64683122560, 4484874180, ' S ', ' Tay áo dài màu mơ ', '        aaaadimmoostuy', 500);
            
            INSERT INTO product_details (id, product_id, size, color, unique_search_id, quantity)
            VALUES (64683122561, 4484874180, ' L ', 'Màu xanh lá cây [', '      [aaaachllmnuxy', 500);
            
            INSERT INTO product_details (id, product_id, size, color, unique_search_id, quantity)
            VALUES (64683122562, 4484874180, ' M ', 'Màu xanh lá cây [', '      [aaaachlmmnuxy', 500);
            
            INSERT INTO product_details (id, product_id, size, color, unique_search_id, quantity)
            VALUES (64683122563, 4484874180, ' M ', 'trắng [ngắn tay]', '    []aaaggmnnnrtty', 500);
            
            INSERT INTO product_details (id, product_id, size, color, unique_search_id, quantity)
            VALUES (64683122564, 4484874180, ' S ', 'xanh lam [ngắn ta', '     [aaaaghlmnnnstx', 497);
            
            INSERT INTO product_details (id, product_id, size, color, unique_search_id, quantity)
            VALUES (64683122565, 4484874180, ' S ', 'trắng [ngắn tay]', '    []aaaggnnnrstty', 500);
            
            INSERT INTO product_details (id, product_id, size, color, unique_search_id, quantity)
            VALUES (64683122566, 4484874180, ' XL ', 'Áo dài tay màu vàng ', '       aaaaadgilmnotuvxy', 500);
            
            INSERT INTO product_details (id, product_id, size, color, unique_search_id, quantity)
            VALUES (64683122567, 4484874180, ' S ', 'Áo dài tay màu vàng ', '       aaaaadgimnostuvy', 500);
            
            INSERT INTO product_details (id, product_id, size, color, unique_search_id, quantity)
            VALUES (64683122568, 4484874180, ' L ', ' Tay áo dài màu đen ', '        aaaaddeilmnotuy', 500);
            
            INSERT INTO product_details (id, product_id, size, color, unique_search_id, quantity)
            VALUES (64683122569, 4484874180, ' XL ', ' Tay áo dài màu đen ', '        aaaaddeilmnotuxy', 500);
            
            INSERT INTO product_details (id, product_id, size, color, unique_search_id, quantity)
            VALUES (64683122570, 4484874180, ' L ', ' Màu tím tay áo dài ', '        aaaadiilmmottuy', 500);
            
            INSERT INTO product_details (id, product_id, size, color, unique_search_id, quantity)
            VALUES (64683122571, 4484874180, ' XL ', 'trắng [ngắn tay]', '    []aaagglnnnrttxy', 500);
            
            INSERT INTO products (id, sku, name, slug, category_id, unit_price, sale_price, preview_image_name, preview_image_path, views, description)
            VALUES (4081736556, 'SP10008', 'Váy voan trung dài phổ biến mùa xuân hè 2021 Pháp mới siêu cổ tích rừng thần tiên ngọt ngào qua đầu gối', 'vay-voan-trung-dai-pho-bien-mua-xuan-he-2021-phap-moi-sieu-co-tich-rung-than-tien-ngot-ngao-qua-dau-goi', 10, 275000, 550000, 'SP_4081736556_0.jpg', 'images/products/10/SP_4081736556_0.jpg', 13, '💁🏻 Hướng dẫn mua hàng:

🔺Sản phẩm sẽ được giao sau khoảng 15 ngày kể từ khi đặt hàng, nếu có ngày lễ sẽ giao hàng chậm hơn 2-3 ngày, các bạn đừng đặt hàng gấp nhé!
🔺 Giờ phục vụ trực tuyến từ Thứ Hai đến Thứ Sáu, 9: 30-19: 30 và dịch vụ khách hàng sẽ được cung cấp vào Thứ Bảy và Chủ Nhật. Nếu bạn cần dịch vụ, vui lòng kiên nhẫn chờ đợi.
Sau khi đặt hàng, bạn có thể thay đổi và hủy đơn hàng tùy ý, cửa hàng sẽ không phục vụ bạn nữa!
Do ánh sáng chụp và sản phẩm thực tế, sản phẩm sẽ có một chút sắc sai và sẽ bị mòn một chút sau khi vận chuyển.
Cảm ơn bạn đã ghé thăm cửa hàng của chúng tôi! chúc bạn một cuộc sống hạnh phúc! !');
            
            INSERT INTO product_images (product_id, name, path) 
            VALUES (4081736556, 'SP_4081736556_1.jpg', 'images/products/10/SP_4081736556_1.jpg');
            
            INSERT INTO product_images (product_id, name, path) 
            VALUES (4081736556, 'SP_4081736556_2.jpg', 'images/products/10/SP_4081736556_2.jpg');
            
            INSERT INTO product_images (product_id, name, path) 
            VALUES (4081736556, 'SP_4081736556_3.jpg', 'images/products/10/SP_4081736556_3.jpg');
            
            INSERT INTO product_images (product_id, name, path) 
            VALUES (4081736556, 'SP_4081736556_4.jpg', 'images/products/10/SP_4081736556_4.jpg');
            
            INSERT INTO product_images (product_id, name, path) 
            VALUES (4081736556, 'SP_4081736556_5.jpg', 'images/products/10/SP_4081736556_5.jpg');
            
            INSERT INTO product_images (product_id, name, path) 
            VALUES (4081736556, 'SP_4081736556_6.jpg', 'images/products/10/SP_4081736556_6.jpg');
            
            INSERT INTO product_images (product_id, name, path) 
            VALUES (4081736556, 'SP_4081736556_7.jpg', 'images/products/10/SP_4081736556_7.jpg');
            
            INSERT INTO product_details (id, product_id, size, color, unique_search_id, quantity)
            VALUES (74126128641, 4081736556, ' L ', ' màu xanh lá cây táo', '       aaaaachllmnotuxy', 1000);
            
            INSERT INTO product_details (id, product_id, size, color, unique_search_id, quantity)
            VALUES (74126128642, 4081736556, ' 2XL ', ' màu xanh lá cây táo', '       2aaaaachllmnotuxxy', 1000);
            
            INSERT INTO product_details (id, product_id, size, color, unique_search_id, quantity)
            VALUES (74126128643, 4081736556, ' L ', ' xanh da trời ', '      aadhilnortx', 1000);
            
            INSERT INTO product_details (id, product_id, size, color, unique_search_id, quantity)
            VALUES (74126128644, 4081736556, ' 3XL ', ' xanh da trời ', '      3aadhilnortxx', 1000);
            
            INSERT INTO product_details (id, product_id, size, color, unique_search_id, quantity)
            VALUES (74126128645, 4081736556, ' S ', ' màu xanh lá cây táo', '       aaaaachlmnostuxy', 1000);
            
            INSERT INTO product_details (id, product_id, size, color, unique_search_id, quantity)
            VALUES (74126128646, 4081736556, ' 4XL', ' màu xanh lá cây táo', '      4aaaaachllmnotuxxy', 1000);
            
            INSERT INTO product_details (id, product_id, size, color, unique_search_id, quantity)
            VALUES (74126128647, 4081736556, ' 2XL ', ' xanh da trời ', '      2aadhilnortxx', 1000);
            
            INSERT INTO product_details (id, product_id, size, color, unique_search_id, quantity)
            VALUES (74126128648, 4081736556, ' 4XL', ' xanh da trời ', '     4aadhilnortxx', 1000);
            
            INSERT INTO product_details (id, product_id, size, color, unique_search_id, quantity)
            VALUES (74126128649, 4081736556, ' 3XL ', ' màu xanh lá cây táo', '       3aaaaachllmnotuxxy', 1000);
            
            INSERT INTO product_details (id, product_id, size, color, unique_search_id, quantity)
            VALUES (74126128650, 4081736556, ' XL ', ' xanh da trời ', '      aadhilnortxx', 1000);
            
            INSERT INTO product_details (id, product_id, size, color, unique_search_id, quantity)
            VALUES (74126128651, 4081736556, ' M ', ' màu xanh lá cây táo', '       aaaaachlmmnotuxy', 1000);
            
            INSERT INTO product_details (id, product_id, size, color, unique_search_id, quantity)
            VALUES (74126128652, 4081736556, ' XL ', ' màu xanh lá cây táo', '       aaaaachllmnotuxxy', 1000);
            
            INSERT INTO product_details (id, product_id, size, color, unique_search_id, quantity)
            VALUES (74126128653, 4081736556, ' S ', ' xanh da trời ', '      aadhinorstx', 1000);
            
            INSERT INTO product_details (id, product_id, size, color, unique_search_id, quantity)
            VALUES (74126128654, 4081736556, ' M ', ' xanh da trời ', '      aadhimnortx', 1000);
            
            INSERT INTO products (id, sku, name, slug, category_id, unit_price, sale_price, preview_image_name, preview_image_path, views, description)
            VALUES (8517199936, 'SP10009', 'Váy nữ sinh phiên bản Hàn Quốc tay dài cổ vuông ngắn 2021 mùa hè mới màu đỏ lưới qua đầu gối trắng dáng người n', 'vay-nu-sinh-phien-ban-han-quoc-tay-dai-co-vuong-ngan-2021-mua-he-moi-mau-do-luoi-qua-dau-goi-trang-dang-nguoi-n', 10, 390000, 780000, 'SP_8517199936_0.jpg', 'images/products/10/SP_8517199936_0.jpg', 140, 'style: đi làm đơn giản / phiên bản tiếng Hàn
Yếu tố phổ biến / thủ công: màu tinh khiết
dây kéo
Hình thức kết hợp: mảnh đơn
Phong cách: váy lớn
chiều dài tay áo: tay áo ngắn
Váy dài: váy dài
Kiểu cổ áo: cổ vuông
Vải / Chất liệu: Bông / Bông
Nội dung thành phần: 31% (bao gồm) -50% (bao gồm)
Độ tuổi áp dụng: thanh niên (18-25 tuổi)
Có thêm cashmere: không cashmere
Mùa niêm yết: Mùa xuân năm 2021
Loại tay áo: thông thường  Buy Attention Things ：

  After order is placed, about15Delivery Day ， It will definitely be delayed for a few days during the holiday. Do not place an order immediately！
  Online Service Time from Monday to Friday 9: 30-19: 30 ， Saturday Sunday, There Will Be Customer Service On Duty ， If You Need Service Please Wait Patiently。
  If you have any questions that do not understand the size of the product, please contact customer service and then place an order. ， Feel free to change the cancellation order after ordering.！
  Products will have slight color differences due to lighting and display problems. ， Or after long distance transportation, there will be some wear and tear 。All of the above are normal ， High standard is not acceptable, please do not place an order！

  If you have any problems with the product, please take a picture and contact customer service to resolve it immediately. ， Do not communicate with the rating！
  I hope you like our products and give a five star compliment.！

  Our store will host various events in a row ， For the first time you can get your favorite items and the lowest prices ， Please Pay Attention To Us！');
            
            INSERT INTO product_images (product_id, name, path) 
            VALUES (8517199936, 'SP_8517199936_1.jpg', 'images/products/10/SP_8517199936_1.jpg');
            
            INSERT INTO product_images (product_id, name, path) 
            VALUES (8517199936, 'SP_8517199936_2.jpg', 'images/products/10/SP_8517199936_2.jpg');
            
            INSERT INTO product_images (product_id, name, path) 
            VALUES (8517199936, 'SP_8517199936_3.jpg', 'images/products/10/SP_8517199936_3.jpg');
            
            INSERT INTO product_images (product_id, name, path) 
            VALUES (8517199936, 'SP_8517199936_4.jpg', 'images/products/10/SP_8517199936_4.jpg');
            
            INSERT INTO product_images (product_id, name, path) 
            VALUES (8517199936, 'SP_8517199936_5.jpg', 'images/products/10/SP_8517199936_5.jpg');
            
            INSERT INTO product_images (product_id, name, path) 
            VALUES (8517199936, 'SP_8517199936_6.jpg', 'images/products/10/SP_8517199936_6.jpg');
            
            INSERT INTO product_details (id, product_id, size, color, unique_search_id, quantity)
            VALUES (73765768242, 8517199936, ' L (105-115) kg ', ' > Trắng <', '       ()-011155<>aggklnrt', 50);
            
            INSERT INTO product_details (id, product_id, size, color, unique_search_id, quantity)
            VALUES (73765768243, 8517199936, ' XL (115-130 ) Jin ', ' > Trắng <', '        ()-011135<>agijlnnrtx', 50);
            
            INSERT INTO product_details (id, product_id, size, color, unique_search_id, quantity)
            VALUES (73765768244, 8517199936, ' S dưới 95 kg ', ' đen ', '       59ddegiknosu', 295);
            
            INSERT INTO product_details (id, product_id, size, color, unique_search_id, quantity)
            VALUES (73765768245, 8517199936, ' M (95-105) kg ', ' đen ', '      ()-01559degkmn', 184);
            
            INSERT INTO product_details (id, product_id, size, color, unique_search_id, quantity)
            VALUES (73765768246, 8517199936, ' L (105-115) kg ', ' đen ', '      ()-011155degkln', 50);
            
            INSERT INTO product_details (id, product_id, size, color, unique_search_id, quantity)
            VALUES (73765768247, 8517199936, ' XL (115-130 ) Jin ', ' đen ', '       ()-011135deijlnnx', 50);
            
            INSERT INTO product_details (id, product_id, size, color, unique_search_id, quantity)
            VALUES (73765768248, 8517199936, ' S dưới 95 kg ', ' > Trắng <', '        59<>adggiknorstu', 50);
            
            INSERT INTO product_details (id, product_id, size, color, unique_search_id, quantity)
            VALUES (73765768249, 8517199936, ' M (95-105) kg ', ' > Trắng <', '       ()-01559<>aggkmnrt', 49);
            
            INSERT INTO products (id, sku, name, slug, category_id, unit_price, sale_price, preview_image_name, preview_image_path, views, description)
            VALUES (8148080257, 'SP10010', 'Váy nữ dáng A ngắn tay, đầm dài qua gối cổ vest màu be hồng vàng thời trang', 'vay-nu-dang-a-ngan-tay,-dam-dai-qua-goi-co-vest-mau-be-hong-vang-thoi-trang', 10, 248000, 265000, 'SP_8148080257_0.jpg', 'images/products/10/SP_8148080257_0.jpg', 18, 'Size: Xem ảnh -> Ib shop tư vấn size nhé!

LƯU Ý: ✈ HÀNG ORDER QUẢNG CHÂU: Một số mẫu có sẵn, một số mẫu cần ORDER thì có hàng sau  7➡️15 ngày nhé.

=> CAM KẾT SHOP: Hàng đảm bảo giống hình, chất lượng. Đổi trả miễn phí nếu sai màu hoặc sản phẩm hỏng rách trước khi đến tay khách hàng.

🙇   HÃY CHẮC CHẮC KHI ĐẶT HÀNG (MÀU VÀ SIZE): Hãy là người mua hàng văn minh. Stella Fashion kinh doanh uy tín và cũng đặt niềm tin vào khách hàng.

🤝   ĐẢM BẢO QUYỀN LỢI: Nhận hàng có vấn đề (màu, size), ib Stella Fashion để được đổi, giải quyết thỏa đáng!

💌  Nếu còn thắc mắc  hãy Ib với Stella Fashion để được tư vấn trước khi lên đơn hàng nhé!
――――――――――――――――
Đầm nữ dáng A, đầm dài qua gối cổ vest màu be hồng vàng thời trang
#damdangsuong #damxe #damcovuong #damtayphong #vaydangdai #vaydangA #vaythietke #vayvitage #dam #damnu #vay #vaynu #damdangA #damnuquagoi');
            
            INSERT INTO product_images (product_id, name, path) 
            VALUES (8148080257, 'SP_8148080257_1.jpg', 'images/products/10/SP_8148080257_1.jpg');
            
            INSERT INTO product_images (product_id, name, path) 
            VALUES (8148080257, 'SP_8148080257_2.jpg', 'images/products/10/SP_8148080257_2.jpg');
            
            INSERT INTO product_images (product_id, name, path) 
            VALUES (8148080257, 'SP_8148080257_3.jpg', 'images/products/10/SP_8148080257_3.jpg');
            
            INSERT INTO product_images (product_id, name, path) 
            VALUES (8148080257, 'SP_8148080257_4.jpg', 'images/products/10/SP_8148080257_4.jpg');
            
            INSERT INTO product_images (product_id, name, path) 
            VALUES (8148080257, 'SP_8148080257_5.jpg', 'images/products/10/SP_8148080257_5.jpg');
            
            INSERT INTO product_images (product_id, name, path) 
            VALUES (8148080257, 'SP_8148080257_6.jpg', 'images/products/10/SP_8148080257_6.jpg');
            
            INSERT INTO product_images (product_id, name, path) 
            VALUES (8148080257, 'SP_8148080257_7.jpg', 'images/products/10/SP_8148080257_7.jpg');
            
            INSERT INTO product_images (product_id, name, path) 
            VALUES (8148080257, 'SP_8148080257_8.jpg', 'images/products/10/SP_8148080257_8.jpg');
            
            INSERT INTO product_images (product_id, name, path) 
            VALUES (8148080257, 'SP_8148080257_9.jpg', 'images/products/10/SP_8148080257_9.jpg');
            
            INSERT INTO product_details (id, product_id, size, color, unique_search_id, quantity)
            VALUES (81615442602, 8148080257, 'XL', 'Be', 'belx', 99);
            
            INSERT INTO product_details (id, product_id, size, color, unique_search_id, quantity)
            VALUES (81615442603, 8148080257, 'S', 'Hồng', 'ghnos', 99);
            
            INSERT INTO product_details (id, product_id, size, color, unique_search_id, quantity)
            VALUES (81615442604, 8148080257, 'M', 'Hồng', 'ghmno', 99);
            
            INSERT INTO product_details (id, product_id, size, color, unique_search_id, quantity)
            VALUES (81615442605, 8148080257, 'L', 'Hồng', 'ghlno', 99);
            
            INSERT INTO product_details (id, product_id, size, color, unique_search_id, quantity)
            VALUES (81615442606, 8148080257, 'XL', 'Hồng', 'ghlnox', 99);
            
            INSERT INTO product_details (id, product_id, size, color, unique_search_id, quantity)
            VALUES (81615442607, 8148080257, 'M', 'Vàng', 'agmnv', 99);
            
            INSERT INTO product_details (id, product_id, size, color, unique_search_id, quantity)
            VALUES (81615442608, 8148080257, 'S', 'Be', 'bes', 99);
            
            INSERT INTO product_details (id, product_id, size, color, unique_search_id, quantity)
            VALUES (81615442609, 8148080257, 'L', 'Be', 'bel', 99);
            
            INSERT INTO product_details (id, product_id, size, color, unique_search_id, quantity)
            VALUES (81615442610, 8148080257, 'XL', 'Vàng', 'aglnvx', 99);
            
            INSERT INTO product_details (id, product_id, size, color, unique_search_id, quantity)
            VALUES (81615442611, 8148080257, 'L', 'Vàng', 'aglnv', 99);
            
            INSERT INTO product_details (id, product_id, size, color, unique_search_id, quantity)
            VALUES (81615442612, 8148080257, 'M', 'Be', 'bem', 99);
            
            INSERT INTO product_details (id, product_id, size, color, unique_search_id, quantity)
            VALUES (81615442613, 8148080257, 'S', 'Vàng', 'agnsv', 99);
            
            INSERT INTO products (id, sku, name, slug, category_id, unit_price, sale_price, preview_image_name, preview_image_path, views, description)
            VALUES (9543902107, 'SP10011', 'Váy Phông Ngắn Tay Sát Nách Cổ Tròn Dài Qua Gối Màu Đen Cam', 'vay-phong-ngan-tay-sat-nach-co-tron-dai-qua-goi-mau-den-cam', 10, 149000, 169000, 'SP_9543902107_0.jpg', 'images/products/10/SP_9543902107_0.jpg', 34, 'Váy phông dáng dài in chữ phong cách trẻ trung, cá tính.
Thiết kế phom rộng, dáng suông tạo dự thoải mái khi mặc và có thêm túi.
Size từ M đến XXL.

📌LƯU Ý:
✅ Hàng order về sau 2-3 tuần (có thể nhanh hay chậm tuỳ tình hình vận chuyển)  - Vui lòng không huỷ ngang.
✅ Đảm bảo hàng y hình từ kiểu dáng đến chất liệu.
✅ Được đổi trả nếu hàng không đúng hình, lỗi do nhà sản xuất trong vòng 3 ngày kể từ ngày mua hàng.
💌 Nếu bạn cần tư vấn thêm vui lòng chat trực tiếp với shop.');
            
            INSERT INTO product_images (product_id, name, path) 
            VALUES (9543902107, 'SP_9543902107_1.jpg', 'images/products/10/SP_9543902107_1.jpg');
            
            INSERT INTO product_images (product_id, name, path) 
            VALUES (9543902107, 'SP_9543902107_2.jpg', 'images/products/10/SP_9543902107_2.jpg');
            
            INSERT INTO product_images (product_id, name, path) 
            VALUES (9543902107, 'SP_9543902107_3.jpg', 'images/products/10/SP_9543902107_3.jpg');
            
            INSERT INTO product_images (product_id, name, path) 
            VALUES (9543902107, 'SP_9543902107_4.jpg', 'images/products/10/SP_9543902107_4.jpg');
            
            INSERT INTO product_images (product_id, name, path) 
            VALUES (9543902107, 'SP_9543902107_5.jpg', 'images/products/10/SP_9543902107_5.jpg');
            
            INSERT INTO product_details (id, product_id, size, color, unique_search_id, quantity)
            VALUES (74938765158, 9543902107, 'L', 'Cam', 'aclm', 20);
            
            INSERT INTO product_details (id, product_id, size, color, unique_search_id, quantity)
            VALUES (74938765159, 9543902107, 'XL', 'Cam', 'aclmx', 20);
            
            INSERT INTO product_details (id, product_id, size, color, unique_search_id, quantity)
            VALUES (74938765160, 9543902107, 'XXL', 'Cam', 'aclmxx', 20);
            
            INSERT INTO product_details (id, product_id, size, color, unique_search_id, quantity)
            VALUES (74938765161, 9543902107, 'M', 'Đen', 'demn', 20);
            
            INSERT INTO product_details (id, product_id, size, color, unique_search_id, quantity)
            VALUES (74938765162, 9543902107, 'L', 'Đen', 'deln', 20);
            
            INSERT INTO product_details (id, product_id, size, color, unique_search_id, quantity)
            VALUES (74938765163, 9543902107, 'XL', 'Đen', 'delnx', 20);
            
            INSERT INTO product_details (id, product_id, size, color, unique_search_id, quantity)
            VALUES (74938765164, 9543902107, 'XXL', 'Đen', 'delnxx', 20);
            
            INSERT INTO product_details (id, product_id, size, color, unique_search_id, quantity)
            VALUES (74938765165, 9543902107, 'M', 'Cam', 'acmm', 20);
            
            INSERT INTO products (id, sku, name, slug, category_id, unit_price, sale_price, preview_image_name, preview_image_path, views, description)
            VALUES (3542170859, 'SP10012', 'Váy chiffon mỏng dáng chữ A dài qua gối tay ngắn màu trơn thời trang đi biển mùa hè/ dự tiệc cho nữ', 'vay-chiffon-mong-dang-chu-a-dai-qua-goi-tay-ngan-mau-tron-thoi-trang-di-bien-mua-he/-du-tiec-cho-nu', 10, 302764, 432521, 'SP_3542170859_0.jpg', 'images/products/10/SP_3542170859_0.jpg', 59, 'susandama
★Welcome to our shop！
★Orders will be shipped within1-2 days, and usually reach with 8-15 days.
100% Brand New 
Garment Care: Hand-wash and Machine washable, Dry Clean , ☆Will not fade☆
#susandamadress
☜ ☜ Click here to have more cheap and nice style!
Material:Chiffon
Package: 1pcs
S  Length:114cm  Bust:86cm    Waist:70cm
M Length:115cm  Bust:90cm   Waist:74cm
L  Length:116cm  Bust:94cm    Waist:78cm
XL Length:117cm Bust:98cm  Waist:82cm
2XL  Length:118cm  Bust:102cm  Waist:86cm
3XL Length:119cm Bust:106cm Waist:90cm
Note: Due to the difference between different monitors, the picture may not reflect the actual color of the item. We guarantee the style is the same as shown in the pictures, but not the same performance on different bodies as on the model. Thank you!

please allow 1%-3%cm differs due to manual measurement, thanks (All measurement in cm and please note 1cm=0.39inch)');
            
            INSERT INTO product_images (product_id, name, path) 
            VALUES (3542170859, 'SP_3542170859_1.jpg', 'images/products/10/SP_3542170859_1.jpg');
            
            INSERT INTO product_images (product_id, name, path) 
            VALUES (3542170859, 'SP_3542170859_2.jpg', 'images/products/10/SP_3542170859_2.jpg');
            
            INSERT INTO product_images (product_id, name, path) 
            VALUES (3542170859, 'SP_3542170859_3.jpg', 'images/products/10/SP_3542170859_3.jpg');
            
            INSERT INTO product_images (product_id, name, path) 
            VALUES (3542170859, 'SP_3542170859_4.jpg', 'images/products/10/SP_3542170859_4.jpg');
            
            INSERT INTO product_images (product_id, name, path) 
            VALUES (3542170859, 'SP_3542170859_5.jpg', 'images/products/10/SP_3542170859_5.jpg');
            
            INSERT INTO product_images (product_id, name, path) 
            VALUES (3542170859, 'SP_3542170859_6.jpg', 'images/products/10/SP_3542170859_6.jpg');
            
            INSERT INTO product_images (product_id, name, path) 
            VALUES (3542170859, 'SP_3542170859_7.jpg', 'images/products/10/SP_3542170859_7.jpg');
            
            INSERT INTO product_images (product_id, name, path) 
            VALUES (3542170859, 'SP_3542170859_8.jpg', 'images/products/10/SP_3542170859_8.jpg');
            
            INSERT INTO product_images (product_id, name, path) 
            VALUES (3542170859, 'SP_3542170859_9.jpg', 'images/products/10/SP_3542170859_9.jpg');
            
            INSERT INTO product_details (id, product_id, size, color, unique_search_id, quantity)
            VALUES (30277885307, 3542170859, 'S', 'Light Purple', ' eghillpprstu', 3999);
            
            INSERT INTO product_details (id, product_id, size, color, unique_search_id, quantity)
            VALUES (30277885308, 3542170859, '3XL', 'Dark Purple', ' 3adekllpprrux', 3999);
            
            INSERT INTO product_details (id, product_id, size, color, unique_search_id, quantity)
            VALUES (30277885309, 3542170859, 'L', 'Light Purple', ' eghilllpprtu', 3999);
            
            INSERT INTO product_details (id, product_id, size, color, unique_search_id, quantity)
            VALUES (30277885310, 3542170859, 'L', 'Dark Purple', ' adekllpprru', 3999);
            
            INSERT INTO product_details (id, product_id, size, color, unique_search_id, quantity)
            VALUES (30277885311, 3542170859, '3XL', 'Royal Blue', ' 3abellloruxy', 3999);
            
            INSERT INTO product_details (id, product_id, size, color, unique_search_id, quantity)
            VALUES (30277885312, 3542170859, 'L', 'Wine Red', ' deeilnrw', 3999);
            
            INSERT INTO product_details (id, product_id, size, color, unique_search_id, quantity)
            VALUES (30277885313, 3542170859, 'M', 'Pink', 'ikmnp', 3999);
            
            INSERT INTO product_details (id, product_id, size, color, unique_search_id, quantity)
            VALUES (30277885314, 3542170859, 'L', 'Royal Blue', ' abellloruy', 3999);
            
            INSERT INTO product_details (id, product_id, size, color, unique_search_id, quantity)
            VALUES (30277885315, 3542170859, 'M', 'Black', 'abcklm', 3999);
            
            INSERT INTO product_details (id, product_id, size, color, unique_search_id, quantity)
            VALUES (30277885316, 3542170859, 'S', 'Wine Red', ' deeinrsw', 3999);
            
            INSERT INTO product_details (id, product_id, size, color, unique_search_id, quantity)
            VALUES (30277885317, 3542170859, '3XL', 'Pink', '3iklnpx', 3999);
            
            INSERT INTO product_details (id, product_id, size, color, unique_search_id, quantity)
            VALUES (30277885318, 3542170859, 'M', 'White', 'ehimtw', 3999);
            
            INSERT INTO product_details (id, product_id, size, color, unique_search_id, quantity)
            VALUES (30277885319, 3542170859, 'XL', 'Dark Purple', ' adekllpprrux', 3999);
            
            INSERT INTO product_details (id, product_id, size, color, unique_search_id, quantity)
            VALUES (30277885320, 3542170859, '3XL', 'Black', '3abckllx', 3999);
            
            INSERT INTO product_details (id, product_id, size, color, unique_search_id, quantity)
            VALUES (30277885321, 3542170859, 'M', 'Light Purple', ' eghillmpprtu', 3999);
            
            INSERT INTO product_details (id, product_id, size, color, unique_search_id, quantity)
            VALUES (30277885322, 3542170859, 'XL', 'Wine Red', ' deeilnrwx', 3999);
            
            INSERT INTO product_details (id, product_id, size, color, unique_search_id, quantity)
            VALUES (30277885323, 3542170859, '3XL', 'White', '3ehiltwx', 3998);
            
            INSERT INTO product_details (id, product_id, size, color, unique_search_id, quantity)
            VALUES (30277885324, 3542170859, '2XL', 'Wine Red', ' 2deeilnrwx', 3999);
            
            INSERT INTO product_details (id, product_id, size, color, unique_search_id, quantity)
            VALUES (30277885325, 3542170859, 'XL', 'Pink', 'iklnpx', 3999);
            
            INSERT INTO product_details (id, product_id, size, color, unique_search_id, quantity)
            VALUES (30277885326, 3542170859, 'S', 'Black', 'abckls', 3999);
            
            INSERT INTO product_details (id, product_id, size, color, unique_search_id, quantity)
            VALUES (30277885327, 3542170859, '2XL', 'Black', '2abckllx', 3999);
            
            INSERT INTO product_details (id, product_id, size, color, unique_search_id, quantity)
            VALUES (30277885328, 3542170859, 'S', 'Dark Purple', ' adeklpprrsu', 3999);
            
            INSERT INTO product_details (id, product_id, size, color, unique_search_id, quantity)
            VALUES (40277885228, 3542170859, 'XL', 'White', 'ehiltwx', 3998);
            
            INSERT INTO product_details (id, product_id, size, color, unique_search_id, quantity)
            VALUES (40277885229, 3542170859, '3XL', 'Wine Red', ' 3deeilnrwx', 3999);
            
            INSERT INTO product_details (id, product_id, size, color, unique_search_id, quantity)
            VALUES (40277885230, 3542170859, 'XL', 'Light Purple', ' eghilllpprtux', 3999);
            
            INSERT INTO product_details (id, product_id, size, color, unique_search_id, quantity)
            VALUES (40277885231, 3542170859, 'M', 'Royal Blue', ' abellmoruy', 3999);
            
            INSERT INTO product_details (id, product_id, size, color, unique_search_id, quantity)
            VALUES (40277885232, 3542170859, 'L', 'Black', 'abckll', 3999);
            
            INSERT INTO product_details (id, product_id, size, color, unique_search_id, quantity)
            VALUES (40277885233, 3542170859, 'L', 'White', 'ehiltw', 3999);
            
            INSERT INTO product_details (id, product_id, size, color, unique_search_id, quantity)
            VALUES (40277885234, 3542170859, '3XL', 'Light Purple', ' 3eghilllpprtux', 3999);
            
            INSERT INTO product_details (id, product_id, size, color, unique_search_id, quantity)
            VALUES (40277885235, 3542170859, 'S', 'White', 'ehistw', 3999);
            
            INSERT INTO product_details (id, product_id, size, color, unique_search_id, quantity)
            VALUES (40277885236, 3542170859, 'M', 'Wine Red', ' deeimnrw', 3999);
            
            INSERT INTO product_details (id, product_id, size, color, unique_search_id, quantity)
            VALUES (40277885237, 3542170859, 'XL', 'Royal Blue', ' abellloruxy', 3999);
            
            INSERT INTO product_details (id, product_id, size, color, unique_search_id, quantity)
            VALUES (40277885238, 3542170859, '2XL', 'White', '2ehiltwx', 3999);
            
            INSERT INTO product_details (id, product_id, size, color, unique_search_id, quantity)
            VALUES (40277885239, 3542170859, '2XL', 'Royal Blue', ' 2abellloruxy', 3999);
            
            INSERT INTO product_details (id, product_id, size, color, unique_search_id, quantity)
            VALUES (40277885240, 3542170859, 'L', 'Pink', 'iklnp', 3999);
            
            INSERT INTO product_details (id, product_id, size, color, unique_search_id, quantity)
            VALUES (40277885241, 3542170859, 'S', 'Royal Blue', ' abellorsuy', 3999);
            
            INSERT INTO product_details (id, product_id, size, color, unique_search_id, quantity)
            VALUES (40277885242, 3542170859, '2XL', 'Pink', '2iklnpx', 3999);
            
            INSERT INTO product_details (id, product_id, size, color, unique_search_id, quantity)
            VALUES (40277885243, 3542170859, '2XL', 'Dark Purple', ' 2adekllpprrux', 3999);
            
            INSERT INTO product_details (id, product_id, size, color, unique_search_id, quantity)
            VALUES (40277885244, 3542170859, 'M', 'Dark Purple', ' adeklmpprru', 3999);
            
            INSERT INTO product_details (id, product_id, size, color, unique_search_id, quantity)
            VALUES (40277885245, 3542170859, 'S', 'Pink', 'iknps', 3999);
            
            INSERT INTO product_details (id, product_id, size, color, unique_search_id, quantity)
            VALUES (40277885246, 3542170859, 'XL', 'Black', 'abckllx', 3999);
            
            INSERT INTO product_details (id, product_id, size, color, unique_search_id, quantity)
            VALUES (40277885247, 3542170859, '2XL', 'Light Purple', ' 2eghilllpprtux', 3999);
            
            INSERT INTO products (id, sku, name, slug, category_id, unit_price, sale_price, preview_image_name, preview_image_path, views, description)
            VALUES (4062255621, 'SP10013', '[CÓ SẴN] Đầm váy nữ mùa đông dệt kim lót nhung len dự tiệc cao cấp đẹp bigsize giá rẻ tay dài nâu đen dài qua gối', 'co-san-dam-vay-nu-mua-dong-det-kim-lot-nhung-len-du-tiec-cao-cap-dep-bigsize-gia-re-tay-dai-nau-den-dai-qua-goi', 10, 573685, 593685, 'SP_4062255621_0.jpg', 'images/products/10/SP_4062255621_0.jpg', 182, '#hàngquảngchâu
 #hàngorder 
🌸 Hàng ORDER không cọc.
 Khách suy nghĩ kỹ trước khi đặt tránh trường hợp ship ko nhận, huỷ đơn. 
HÃY LÀ NGƯỜI MUA HÀNG VĂN MINH! 

🌸 Cam kết hàng như ảnh. Ngoài có thể không được tươi sáng như ảnh do góc chụp và ánh sáng shop không chịu trách nhiệm. Hàng order MIỄN ĐỔI TRẢ. 

🌸 Hàng thường về từ 7-10 ngày nhưng một vài trường hợp tắc biên có thể về chậm 3-4 ngày. Rất  Mong quý khách thông cảm! 

🌸 Liên hệ ngay với shop qua 84818987027 (Zalo) / 0352514485 (Zalo) để được tư vấn chu đáo hơn nhé!
#áo #khoác #lông #cừu #áo #choàng #len #không #tay #bigsize #size #đại #giá #rẻ 

Size  Chiều dài đầm Ngực  Vai Chiều dài tay áo
M    105    92    36  55
L     105   96    37   56
XL   105   100   38   57  
2XL  105   104   39  58
3XL   105    108   40   59');
            
            INSERT INTO product_images (product_id, name, path) 
            VALUES (4062255621, 'SP_4062255621_1.jpg', 'images/products/10/SP_4062255621_1.jpg');
            
            INSERT INTO product_images (product_id, name, path) 
            VALUES (4062255621, 'SP_4062255621_2.jpg', 'images/products/10/SP_4062255621_2.jpg');
            
            INSERT INTO product_images (product_id, name, path) 
            VALUES (4062255621, 'SP_4062255621_3.jpg', 'images/products/10/SP_4062255621_3.jpg');
            
            INSERT INTO product_images (product_id, name, path) 
            VALUES (4062255621, 'SP_4062255621_4.jpg', 'images/products/10/SP_4062255621_4.jpg');
            
            INSERT INTO product_images (product_id, name, path) 
            VALUES (4062255621, 'SP_4062255621_5.jpg', 'images/products/10/SP_4062255621_5.jpg');
            
            INSERT INTO product_images (product_id, name, path) 
            VALUES (4062255621, 'SP_4062255621_6.jpg', 'images/products/10/SP_4062255621_6.jpg');
            
            INSERT INTO product_images (product_id, name, path) 
            VALUES (4062255621, 'SP_4062255621_7.jpg', 'images/products/10/SP_4062255621_7.jpg');
            
            INSERT INTO product_images (product_id, name, path) 
            VALUES (4062255621, 'SP_4062255621_8.jpg', 'images/products/10/SP_4062255621_8.jpg');
            
            INSERT INTO product_images (product_id, name, path) 
            VALUES (4062255621, 'SP_4062255621_9.jpg', 'images/products/10/SP_4062255621_9.jpg');
            
            INSERT INTO product_details (id, product_id, size, color, unique_search_id, quantity)
            VALUES (61774717027, 4062255621, 'XL', 'Màu lông chuột', '  acghllmnootuux', 0);
            
            INSERT INTO product_details (id, product_id, size, color, unique_search_id, quantity)
            VALUES (61774717028, 4062255621, '3XL', 'Màu lông chuột', '  3acghllmnootuux', 1);
            
            INSERT INTO product_details (id, product_id, size, color, unique_search_id, quantity)
            VALUES (61774717029, 4062255621, 'L', 'Màu đen tuyền', '  adeelmnntuuy', 0);
            
            INSERT INTO product_details (id, product_id, size, color, unique_search_id, quantity)
            VALUES (61774717030, 4062255621, '3XL', 'Màu đen tuyền', '  3adeelmnntuuxy', 0);
            
            INSERT INTO product_details (id, product_id, size, color, unique_search_id, quantity)
            VALUES (61774717031, 4062255621, 'L', 'Màu lông chuột', '  acghllmnootuu', 0);
            
            INSERT INTO product_details (id, product_id, size, color, unique_search_id, quantity)
            VALUES (61774717032, 4062255621, 'M', 'Màu lông chuột', '  acghlmmnootuu', 0);
            
            INSERT INTO product_details (id, product_id, size, color, unique_search_id, quantity)
            VALUES (61774717033, 4062255621, '2XL', 'Màu lông chuột', '  2acghllmnootuux', 0);
            
            INSERT INTO product_details (id, product_id, size, color, unique_search_id, quantity)
            VALUES (61774717034, 4062255621, 'M', 'Màu đen tuyền', '  adeemmnntuuy', 0);
            
            INSERT INTO product_details (id, product_id, size, color, unique_search_id, quantity)
            VALUES (61774717035, 4062255621, 'XL', 'Màu đen tuyền', '  adeelmnntuuxy', 0);
            
            INSERT INTO product_details (id, product_id, size, color, unique_search_id, quantity)
            VALUES (61774717036, 4062255621, '2XL', 'Màu đen tuyền', '  2adeelmnntuuxy', 0);
            
            INSERT INTO products (id, sku, name, slug, category_id, unit_price, sale_price, preview_image_name, preview_image_path, views, description)
            VALUES (7839214986, 'SP10014', 'Đầm, Váy Bầu Công Sở Azuno AZ105 Có Cổ, Ngẵn Tay, Dáng Suông, Dài Qua Gối Có Thể Mặc Đi Tiệc, Chất Vải Thô Đũi Mềm Mát', 'dam,-vay-bau-cong-so-azuno-az105-co-co,-ngan-tay,-dang-suong,-dai-qua-goi-co-the-mac-di-tiec,-chat-vai-tho-dui-mem-mat', 10, 350100, 370100, 'SP_7839214986_0.jpg', 'images/products/10/SP_7839214986_0.jpg', 32, 'Đầm bầu công sở Azuno AZ105 được thiết kế dáng suông dài qua gối lịch sự, sang chảnh

Chất vải thô đũi mặc mát, không phai màu và không nhăn khi giặt

Cổ ren dễ thương, đường may chắc chắn, tỉ mỉ đến từng chi tiết

Mẹ bầu có thể mặc đi làm hay đi tiệc..., mĩ với nhiều phụ kiện khác nhau

Phom đầm rộng thoải mái cho mẹ từ tháng 1 - tháng 9 thai kỳ

Đầm ngắn tay có thể mặc mùa hè hoặc mùa thu

Màu sắc nhã nhặn, tươi tắn giúp mẹ bầu luôn xinh đẹp

Màu sắc: xanh và vàng

Size M-L- XL từ 48-75kg: M: 48-55kg, L: 53-65kg, XL: 63-75kg
__bauxinh123 __
Chuyên sỉ lẻ quần áo lót các loại, đồ bầu các loại');
            
            INSERT INTO product_images (product_id, name, path) 
            VALUES (7839214986, 'SP_7839214986_1.jpg', 'images/products/10/SP_7839214986_1.jpg');
            
            INSERT INTO product_images (product_id, name, path) 
            VALUES (7839214986, 'SP_7839214986_2.jpg', 'images/products/10/SP_7839214986_2.jpg');
            
            INSERT INTO product_images (product_id, name, path) 
            VALUES (7839214986, 'SP_7839214986_3.jpg', 'images/products/10/SP_7839214986_3.jpg');
            
            INSERT INTO product_images (product_id, name, path) 
            VALUES (7839214986, 'SP_7839214986_4.jpg', 'images/products/10/SP_7839214986_4.jpg');
            
            INSERT INTO product_images (product_id, name, path) 
            VALUES (7839214986, 'SP_7839214986_5.jpg', 'images/products/10/SP_7839214986_5.jpg');
            
            INSERT INTO product_images (product_id, name, path) 
            VALUES (7839214986, 'SP_7839214986_6.jpg', 'images/products/10/SP_7839214986_6.jpg');
            
            INSERT INTO product_images (product_id, name, path) 
            VALUES (7839214986, 'SP_7839214986_7.jpg', 'images/products/10/SP_7839214986_7.jpg');
            
            INSERT INTO product_images (product_id, name, path) 
            VALUES (7839214986, 'SP_7839214986_8.jpg', 'images/products/10/SP_7839214986_8.jpg');
            
            INSERT INTO product_images (product_id, name, path) 
            VALUES (7839214986, 'SP_7839214986_9.jpg', 'images/products/10/SP_7839214986_9.jpg');
            
            INSERT INTO product_details (id, product_id, size, color, unique_search_id, quantity)
            VALUES (40067812261, 7839214986, 'M', 'Vàng', 'agmnv', 30);
            
            INSERT INTO product_details (id, product_id, size, color, unique_search_id, quantity)
            VALUES (40067812262, 7839214986, 'L', 'Vàng', 'aglnv', 30);
            
            INSERT INTO product_details (id, product_id, size, color, unique_search_id, quantity)
            VALUES (40067812263, 7839214986, 'XL', 'Vàng', 'aglnvx', 30);
            
            INSERT INTO product_details (id, product_id, size, color, unique_search_id, quantity)
            VALUES (40067812264, 7839214986, 'M', 'Xanh', 'ahmnx', 29);
            
            INSERT INTO product_details (id, product_id, size, color, unique_search_id, quantity)
            VALUES (40067812265, 7839214986, 'L', 'Xanh', 'ahlnx', 28);
            
            INSERT INTO product_details (id, product_id, size, color, unique_search_id, quantity)
            VALUES (40067812266, 7839214986, 'XL', 'Xanh', 'ahlnxx', 29);
            
            INSERT INTO products (id, sku, name, slug, category_id, unit_price, sale_price, preview_image_name, preview_image_path, views, description)
            VALUES (3843475873, 'SP10015', 'Váy ôm dài qua gối tay ngắn phối vải ren màu trơn thời trang phong cách Hàn Quốc cho nữ', 'vay-om-dai-qua-goi-tay-ngan-phoi-vai-ren-mau-tron-thoi-trang-phong-cach-han-quoc-cho-nu', 10, 412410, 699000, 'SP_3843475873_0.jpg', 'images/products/10/SP_3843475873_0.jpg', 38, '100% Brand New 
Garment Care: Hand-wash and Machine washable, Dry Clean , Will not fade
Material：Lace, Polyester
Package: 1pcs

S--   Length:105cm  Waist:66cm  Hip:84cm  Bust:82cm  Sleeve:28cm
M--  Length:106cm  Waist:70cm  Hip:88cm  Bust:86cm  Sleeve:29cm
L--  Length:107cm  Waist:74cm   Hip:92cm  Bust:90cm  Sleeve:30cm
XL-- Length:108cm  Waist:78cm  Hip:96cm  Bust:94cm  Sleeve:31cm

Note:
- Due to the difference between different monitors, the picture may not reflect the actual color of the item. 
- We guarantee the style is the same as shown in the pictures, but not the same performance on different bodies as on the model. Thank you!
- Please allow 1%-3%cm differs due to manual measurement, thanks (All measurement in cm and please note 1cm=0.39inch)');
            
            INSERT INTO product_images (product_id, name, path) 
            VALUES (3843475873, 'SP_3843475873_1.jpg', 'images/products/10/SP_3843475873_1.jpg');
            
            INSERT INTO product_images (product_id, name, path) 
            VALUES (3843475873, 'SP_3843475873_2.jpg', 'images/products/10/SP_3843475873_2.jpg');
            
            INSERT INTO product_images (product_id, name, path) 
            VALUES (3843475873, 'SP_3843475873_3.jpg', 'images/products/10/SP_3843475873_3.jpg');
            
            INSERT INTO product_images (product_id, name, path) 
            VALUES (3843475873, 'SP_3843475873_4.jpg', 'images/products/10/SP_3843475873_4.jpg');
            
            INSERT INTO product_images (product_id, name, path) 
            VALUES (3843475873, 'SP_3843475873_5.jpg', 'images/products/10/SP_3843475873_5.jpg');
            
            INSERT INTO product_images (product_id, name, path) 
            VALUES (3843475873, 'SP_3843475873_6.jpg', 'images/products/10/SP_3843475873_6.jpg');
            
            INSERT INTO product_images (product_id, name, path) 
            VALUES (3843475873, 'SP_3843475873_7.jpg', 'images/products/10/SP_3843475873_7.jpg');
            
            INSERT INTO product_images (product_id, name, path) 
            VALUES (3843475873, 'SP_3843475873_8.jpg', 'images/products/10/SP_3843475873_8.jpg');
            
            INSERT INTO product_images (product_id, name, path) 
            VALUES (3843475873, 'SP_3843475873_9.jpg', 'images/products/10/SP_3843475873_9.jpg');
            
            INSERT INTO product_details (id, product_id, size, color, unique_search_id, quantity)
            VALUES (50381329186, 3843475873, 'S', 'Black', 'abckls', 500);
            
            INSERT INTO product_details (id, product_id, size, color, unique_search_id, quantity)
            VALUES (50381329187, 3843475873, 'S', 'Orange Pink', ' aegiknnoprs', 500);
            
            INSERT INTO product_details (id, product_id, size, color, unique_search_id, quantity)
            VALUES (50381329188, 3843475873, 'XL', 'Black', 'abckllx', 500);
            
            INSERT INTO product_details (id, product_id, size, color, unique_search_id, quantity)
            VALUES (50381329189, 3843475873, 'M', 'Black', 'abcklm', 500);
            
            INSERT INTO product_details (id, product_id, size, color, unique_search_id, quantity)
            VALUES (50381329190, 3843475873, 'L', 'Orange Pink', ' aegiklnnopr', 500);
            
            INSERT INTO product_details (id, product_id, size, color, unique_search_id, quantity)
            VALUES (50381329191, 3843475873, 'XL', 'Orange Pink', ' aegiklnnoprx', 500);
            
            INSERT INTO product_details (id, product_id, size, color, unique_search_id, quantity)
            VALUES (50381329192, 3843475873, 'L', 'Black', 'abckll', 500);
            
            INSERT INTO product_details (id, product_id, size, color, unique_search_id, quantity)
            VALUES (50381329193, 3843475873, 'M', 'Orange Pink', ' aegikmnnopr', 500);
            
            INSERT INTO products (id, sku, name, slug, category_id, unit_price, sale_price, preview_image_name, preview_image_path, views, description)
            VALUES (9840272956, 'SP10016', '-FREESHIP- VÁY ĐẦM HOA NHÍ VINTAGE CỔ NƠ CHÂN VÁY XẾP LY DÀI ,VÁY DÀI QUA GỐI, VÁY VOAN CỔ NƠ NGẮN TAY 🎖️ .', '-freeship-vay-dam-hoa-nhi-vintage-co-no-chan-vay-xep-ly-dai-,vay-dai-qua-goi,-vay-voan-co-no-ngan-tay-🎖️', 10, 269101, 289101, 'SP_9840272956_0.jpg', 'images/products/10/SP_9840272956_0.jpg', 14, 'VÁY ĐẦM HOA NHÍ VINTAGE CỔ NƠ CHÂN VÁY XẾP LY DÀI ,VÁY DÀI QUA GỐI, VÁY VOAN CỔ NƠ NGẮN TAY là thiết kế mới cực đẹp cho nàng thích phong cách dịu dàng bánh bèo pha chút cổ điển.
Mẫu váy voan tơ cổ nơ xòe cực xinh này phù hợp mặc dự tiệc sang trọng, đi làm, đi chơi, chụp ảnh...rất ngọt ngào ạ.
Chất vải đẹp, cao cấp, mềm, mịn, ko bai ko xù, an toàn cho da, giặt giũ dễ dàng. 
Màu: HỒNG, VÀNG, ĐỎ
Size: S( 40-48 kí) M(49-55 kí) L(55-62 kí)
Cam kết:
- Sản phẩm hàng chuẩn ảnh
- Chất lượng xịn thiết kế, cực mát, co giãn cực mê
- Hàng lỗi đươc hỗ trợ đổi trả
Cảm ơn các chị yêu đã tin dùng sản phẩm bên em, khi nhận hàng thấy oke nhớ cho em Dương đánh giá 5* kèm hình ảnh các chị yêu nhé
Hàng có sẵn ship ngay khi lên đơn ạ.
#đầm_nữ #đầm_dự_tiệc #đầm_công_chúa #đầm_thiết_kế #đầm_tiểu_thư #đầm_hoa_nhí #đầm_hoa #maxi_đi_biển #váy_suông #váy_đẹp #đầm_dài #đầm_maxi_đi_biển #đầm_chữ_a #đầm_dự_tiệc_sang_trọng #đầm_đi_biển #đầm_đi_tiệc #váy_đầm #váy_xòe');
            
            INSERT INTO product_images (product_id, name, path) 
            VALUES (9840272956, 'SP_9840272956_1.jpg', 'images/products/10/SP_9840272956_1.jpg');
            
            INSERT INTO product_images (product_id, name, path) 
            VALUES (9840272956, 'SP_9840272956_2.jpg', 'images/products/10/SP_9840272956_2.jpg');
            
            INSERT INTO product_images (product_id, name, path) 
            VALUES (9840272956, 'SP_9840272956_3.jpg', 'images/products/10/SP_9840272956_3.jpg');
            
            INSERT INTO product_images (product_id, name, path) 
            VALUES (9840272956, 'SP_9840272956_4.jpg', 'images/products/10/SP_9840272956_4.jpg');
            
            INSERT INTO product_images (product_id, name, path) 
            VALUES (9840272956, 'SP_9840272956_5.jpg', 'images/products/10/SP_9840272956_5.jpg');
            
            INSERT INTO product_images (product_id, name, path) 
            VALUES (9840272956, 'SP_9840272956_6.jpg', 'images/products/10/SP_9840272956_6.jpg');
            
            INSERT INTO product_details (id, product_id, size, color, unique_search_id, quantity)
            VALUES (74776735039, 9840272956, 'L', 'VÀNG', 'aglnv', 4284);
            
            INSERT INTO product_details (id, product_id, size, color, unique_search_id, quantity)
            VALUES (74776735040, 9840272956, 'S', 'VÀNG', 'agnsv', 4284);
            
            INSERT INTO product_details (id, product_id, size, color, unique_search_id, quantity)
            VALUES (74776735041, 9840272956, 'M', 'VÀNG', 'agmnv', 4284);
            
            INSERT INTO product_details (id, product_id, size, color, unique_search_id, quantity)
            VALUES (74776735042, 9840272956, 'L', 'ĐỎ', 'dlo', 4284);
            
            INSERT INTO product_details (id, product_id, size, color, unique_search_id, quantity)
            VALUES (74776735043, 9840272956, 'S', 'HỒNG', 'ghnos', 4284);
            
            INSERT INTO product_details (id, product_id, size, color, unique_search_id, quantity)
            VALUES (74776735044, 9840272956, 'S', 'ĐỎ', 'dos', 4284);
            
            INSERT INTO product_details (id, product_id, size, color, unique_search_id, quantity)
            VALUES (74776735045, 9840272956, 'M', 'HỒNG', 'ghmno', 4284);
            
            INSERT INTO product_details (id, product_id, size, color, unique_search_id, quantity)
            VALUES (74776735046, 9840272956, 'M', 'ĐỎ', 'dmo', 4284);
            
            INSERT INTO product_details (id, product_id, size, color, unique_search_id, quantity)
            VALUES (74776735047, 9840272956, 'L', 'HỒNG', 'ghlno', 4284);
            
            INSERT INTO products (id, sku, name, slug, category_id, unit_price, sale_price, preview_image_name, preview_image_path, views, description)
            VALUES (6429205729, 'SP10017', 'Đầm, Váy Bầu Công Sở Dài Qua Gối Azuno Az1304 Dáng Suông,Ngắn Tay Cho Mùa Hè, Họa Tiết Kẻ Caro Dễ Thương', 'dam,-vay-bau-cong-so-dai-qua-goi-azuno-az1304-dang-suong,ngan-tay-cho-mua-he,-hoa-tiet-ke-caro-de-thuong', 10, 250000, 350000, 'SP_6429205729_0.jpg', 'images/products/10/SP_6429205729_0.jpg', 262, 'Đầm, Váy Bầu Công Sở Dài Qua Gối Azuno Az1304 làm từ chất liệu vải thô đũi mềm mại, nhẹ mát

Đầm ngắn tay thích hợp cho mùa hè, dáng suông, form rộng thoải mái cho mẹ bầu

Đường may chắc chắn, không phai màu và không nhăn khi giặt

Dáng dài qua gối mẹ bầu có thể mặc đi làm hay đi dự tiệc đều dễ thương, sang trọng

Họa tiết kẻ caro nhẹ nhàng, túi thiết kế 2 bên hông tiện lợi để đồ

Màu sắc: kẻ đen và kẻ đỏ

Size: M-L-XL: M<54kg, L<64lkg. XL<74kg
Hướng Dẫn Chọn Size xem phần hình ảnh sản phẩm');
            
            INSERT INTO product_images (product_id, name, path) 
            VALUES (6429205729, 'SP_6429205729_1.jpg', 'images/products/10/SP_6429205729_1.jpg');
            
            INSERT INTO product_images (product_id, name, path) 
            VALUES (6429205729, 'SP_6429205729_2.jpg', 'images/products/10/SP_6429205729_2.jpg');
            
            INSERT INTO product_images (product_id, name, path) 
            VALUES (6429205729, 'SP_6429205729_3.jpg', 'images/products/10/SP_6429205729_3.jpg');
            
            INSERT INTO product_images (product_id, name, path) 
            VALUES (6429205729, 'SP_6429205729_4.jpg', 'images/products/10/SP_6429205729_4.jpg');
            
            INSERT INTO product_images (product_id, name, path) 
            VALUES (6429205729, 'SP_6429205729_5.jpg', 'images/products/10/SP_6429205729_5.jpg');
            
            INSERT INTO product_images (product_id, name, path) 
            VALUES (6429205729, 'SP_6429205729_6.jpg', 'images/products/10/SP_6429205729_6.jpg');
            
            INSERT INTO product_images (product_id, name, path) 
            VALUES (6429205729, 'SP_6429205729_7.jpg', 'images/products/10/SP_6429205729_7.jpg');
            
            INSERT INTO product_images (product_id, name, path) 
            VALUES (6429205729, 'SP_6429205729_8.jpg', 'images/products/10/SP_6429205729_8.jpg');
            
            INSERT INTO product_images (product_id, name, path) 
            VALUES (6429205729, 'SP_6429205729_9.jpg', 'images/products/10/SP_6429205729_9.jpg');
            
            INSERT INTO product_details (id, product_id, size, color, unique_search_id, quantity)
            VALUES (16338851250, 6429205729, 'Kẻ đen', 'M', ' deekmn', 5);
            
            INSERT INTO product_details (id, product_id, size, color, unique_search_id, quantity)
            VALUES (16338851253, 6429205729, 'Kẻ đỏ', 'M', ' dekmo', 3);
            
            INSERT INTO product_details (id, product_id, size, color, unique_search_id, quantity)
            VALUES (16338851255, 6429205729, 'Kẻ đen', 'L', ' deekln', 0);
            
            INSERT INTO product_details (id, product_id, size, color, unique_search_id, quantity)
            VALUES (16338851257, 6429205729, 'Kẻ đỏ', 'L', ' deklo', 1);
            
            INSERT INTO product_details (id, product_id, size, color, unique_search_id, quantity)
            VALUES (16338851259, 6429205729, 'Kẻ đen', 'XL', ' deeklnx', 0);
            
            INSERT INTO product_details (id, product_id, size, color, unique_search_id, quantity)
            VALUES (16338851261, 6429205729, 'Kẻ đỏ', 'XL', ' deklox', 0);
            