
            INSERT INTO products (id, sku, name, slug, category_id, unit_price, sale_price, preview_image_name, preview_image_path, views, description)
            VALUES (7086377143, 'SP11001', 'Váy hoá nhí vintage,dây buộc nơ ngực,dáng ngắn', 'vay-hoa-nhi-vintage,day-buoc-no-nguc,dang-ngan', 11, 200000, 250000, 'SP_7086377143_0.jpg', 'images/products/11/SP_7086377143_0.jpg', 53, 'CÙNG FOLOW SHOP ĐỂ CẬP NHẬT NHIỀU MẪU MỚI XINH NHA CẢ NHÀ

ẢNH THẬT 100% shop tự chụp
— Thông tin sản phẩm :
- Váy chất voan mát mẻ
- Váy có dây buộc nớ ở phần ngực.có thể buộc và tuỳ chỉnh theo ý muốn
- Váy cổ V gợi cảm.có miếng mút ngực
- Váy thiết kế tay bồng xinh xẻo
- Form váy dáng A.form ngắn mặc cực kì tôn dáng
- Có 2 màu duy nhất,màu dễ mặc,tôn da lắm nha
- Có 2 size S M (S:40-47kg, M : 47-53kg)
Lưu ý: Quý khách vui lòng đọc kỹ thông tin sản phẩm trước khi mua hàng,không chấp nhận hoàn trả với bất kì lý do gì khác 

#Váy_hoa_nhí_đẹp
#Váy_hoa_nhí_ngắn
#Váy_hoa_nhí_vintage
#Váy_hè_đẹp
#Váy_hoa nhí_buộc_nơ
#Đầm_đẹp
#Váy_cổ_V

');
            
            INSERT INTO product_images (product_id, name, path) 
            VALUES (7086377143, 'SP_7086377143_1.jpg', 'images/products/11/SP_7086377143_1.jpg');
            
            INSERT INTO product_images (product_id, name, path) 
            VALUES (7086377143, 'SP_7086377143_2.jpg', 'images/products/11/SP_7086377143_2.jpg');
            
            INSERT INTO product_images (product_id, name, path) 
            VALUES (7086377143, 'SP_7086377143_3.jpg', 'images/products/11/SP_7086377143_3.jpg');
            
            INSERT INTO product_images (product_id, name, path) 
            VALUES (7086377143, 'SP_7086377143_4.jpg', 'images/products/11/SP_7086377143_4.jpg');
            
            INSERT INTO product_images (product_id, name, path) 
            VALUES (7086377143, 'SP_7086377143_5.jpg', 'images/products/11/SP_7086377143_5.jpg');
            
            INSERT INTO product_images (product_id, name, path) 
            VALUES (7086377143, 'SP_7086377143_6.jpg', 'images/products/11/SP_7086377143_6.jpg');
            
            INSERT INTO product_images (product_id, name, path) 
            VALUES (7086377143, 'SP_7086377143_7.jpg', 'images/products/11/SP_7086377143_7.jpg');
            
            INSERT INTO product_images (product_id, name, path) 
            VALUES (7086377143, 'SP_7086377143_8.jpg', 'images/products/11/SP_7086377143_8.jpg');
            
            INSERT INTO product_images (product_id, name, path) 
            VALUES (7086377143, 'SP_7086377143_9.jpg', 'images/products/11/SP_7086377143_9.jpg');
            
            INSERT INTO product_details (id, product_id, size, color, unique_search_id, quantity)
            VALUES (44968548440, 7086377143, 'M', 'Be', 'bem', 8);
            
            INSERT INTO product_details (id, product_id, size, color, unique_search_id, quantity)
            VALUES (44968548441, 7086377143, 'S', 'Xanh', 'ahnsx', 7);
            
            INSERT INTO product_details (id, product_id, size, color, unique_search_id, quantity)
            VALUES (44968548442, 7086377143, 'M', 'Xanh', 'ahmnx', 7);
            
            INSERT INTO product_details (id, product_id, size, color, unique_search_id, quantity)
            VALUES (44968548443, 7086377143, 'S', 'Be', 'bes', 7);
            
            INSERT INTO products (id, sku, name, slug, category_id, unit_price, sale_price, preview_image_name, preview_image_path, views, description)
            VALUES (9322269944, 'SP11002', 'Váy Babydoll Dáng Xoè,From Ngắn,Hàng Loại 1,đầm đi tiệc,đi biển,bar sang chảnh', 'vay-babydoll-dang-xoe,from-ngan,hang-loai-1,dam-di-tiec,di-bien,bar-sang-chanh', 11, 261000, 290000, 'SP_9322269944_0.jpg', 'images/products/11/SP_9322269944_0.jpg', 931, 'Váy babydoll dáng xoè From ngắn siêu hack chân 

📍 Thông số sp:
SIZE S: 40-48kg eo<69cm 
SIZE M:49-56kg eo<76cm 

_HÌNH THẬT VÀ VIDEO THẬT Ở CUỐI khách xem kĩ trước khi mua giúp Shop ạ 

_Vải đẹp, không xù lông , chất dày dặn

_Dạng babydoll mặc xinh như búp bê, chị em mê công chúa bánh bèo thì không thể bỏ qua em này được đâu ạ 

_HÀNG QUẢNG CHÂU CAM KẾT FROM chuẩn mẫu mặc 

SHOP CAM KẾT 
_Hàng giống hình
_CAM KẾT đổi trả nếu sản phẩm không giống hình 
_Hỗ trợ đổi trả theo đúng quy định Shopee 

LƯU Ý:
Kiểm hàng và khiếu nại: Đơn của khách đều được shop kiểm tra chắc chắn không có lỗi và đã quay lại quá trình đóng hàng trước khi giao. Nên quý khách vui lòng quay lại quá trình kiểm hàng để tránh trường hợp nhận sai hàng,hàng kém chất lượng, tráo hàng. Shop sẽ không xử lý khiếu nại khi khách hàng không thực hiện thao tác trên và có video kiểm hàng.
        
Cảm ơn bạn đã tin tưởng và ủng hộ shop trong hàng ngàn sự lựa chọn .

          
  
');
            
            INSERT INTO product_images (product_id, name, path) 
            VALUES (9322269944, 'SP_9322269944_1.jpg', 'images/products/11/SP_9322269944_1.jpg');
            
            INSERT INTO product_images (product_id, name, path) 
            VALUES (9322269944, 'SP_9322269944_2.jpg', 'images/products/11/SP_9322269944_2.jpg');
            
            INSERT INTO product_images (product_id, name, path) 
            VALUES (9322269944, 'SP_9322269944_3.jpg', 'images/products/11/SP_9322269944_3.jpg');
            
            INSERT INTO product_images (product_id, name, path) 
            VALUES (9322269944, 'SP_9322269944_4.jpg', 'images/products/11/SP_9322269944_4.jpg');
            
            INSERT INTO product_images (product_id, name, path) 
            VALUES (9322269944, 'SP_9322269944_5.jpg', 'images/products/11/SP_9322269944_5.jpg');
            
            INSERT INTO product_images (product_id, name, path) 
            VALUES (9322269944, 'SP_9322269944_6.jpg', 'images/products/11/SP_9322269944_6.jpg');
            
            INSERT INTO product_images (product_id, name, path) 
            VALUES (9322269944, 'SP_9322269944_7.jpg', 'images/products/11/SP_9322269944_7.jpg');
            
            INSERT INTO product_images (product_id, name, path) 
            VALUES (9322269944, 'SP_9322269944_8.jpg', 'images/products/11/SP_9322269944_8.jpg');
            
            INSERT INTO product_details (id, product_id, size, color, unique_search_id, quantity)
            VALUES (73999731670, 9322269944, 'S', 'Đen', 'dens', 16);
            
            INSERT INTO product_details (id, product_id, size, color, unique_search_id, quantity)
            VALUES (73999731671, 9322269944, 'M', 'Đen', 'demn', 25);
            
            INSERT INTO product_details (id, product_id, size, color, unique_search_id, quantity)
            VALUES (73999731672, 9322269944, 'S', 'Trắng', 'agnrst', 18);
            
            INSERT INTO product_details (id, product_id, size, color, unique_search_id, quantity)
            VALUES (73999731673, 9322269944, 'M', 'Trắng', 'agmnrt', 23);
            
            INSERT INTO products (id, sku, name, slug, category_id, unit_price, sale_price, preview_image_name, preview_image_path, views, description)
            VALUES (5686912744, 'SP11003', 'Váy ngắn gợi cảm khí chất liền chữ a chiết eo trẻ trung kiểu nơ bướm tôn dáng mẫu mới mùa hè 2021 cho nữ', 'vay-ngan-goi-cam-khi-chat-lien-chu-a-chiet-eo-tre-trung-kieu-no-buom-ton-dang-mau-moi-mua-he-2021-cho-nu', 11, 223000, 243000, 'SP_5686912744_0.jpg', 'images/products/11/SP_5686912744_0.jpg', 16, 'Hãy đến với tôi để được mua những sản phẩm giá rẻ.
Nhiều sản phẩm mới được cập nhật trong cửa hàng của tôi mỗi ngày. Để giúp bạn nhận được chiết khấu lớn nhất, hãy chú ý theo dõi.
Tất cả các mặt hàng trong cửa hàng đều có trong kho. Thời gian giao hàng thông thường là 15 ngày.
Để đảm bảo rằng bạn tận hưởng một dịch vụ mua sắm dễ chịu, chúng tôi sẽ tiến hành kiểm tra chất lượng nghiêm ngặt về chất lượng của hàng hóa bạn mua.
Màu trắng
Màu đen
S
M
L
XL
2XL');
            
            INSERT INTO product_images (product_id, name, path) 
            VALUES (5686912744, 'SP_5686912744_1.jpg', 'images/products/11/SP_5686912744_1.jpg');
            
            INSERT INTO product_images (product_id, name, path) 
            VALUES (5686912744, 'SP_5686912744_2.jpg', 'images/products/11/SP_5686912744_2.jpg');
            
            INSERT INTO product_images (product_id, name, path) 
            VALUES (5686912744, 'SP_5686912744_3.jpg', 'images/products/11/SP_5686912744_3.jpg');
            
            INSERT INTO product_images (product_id, name, path) 
            VALUES (5686912744, 'SP_5686912744_4.jpg', 'images/products/11/SP_5686912744_4.jpg');
            
            INSERT INTO product_images (product_id, name, path) 
            VALUES (5686912744, 'SP_5686912744_5.jpg', 'images/products/11/SP_5686912744_5.jpg');
            
            INSERT INTO product_images (product_id, name, path) 
            VALUES (5686912744, 'SP_5686912744_6.jpg', 'images/products/11/SP_5686912744_6.jpg');
            
            INSERT INTO product_images (product_id, name, path) 
            VALUES (5686912744, 'SP_5686912744_7.jpg', 'images/products/11/SP_5686912744_7.jpg');
            
            INSERT INTO product_details (id, product_id, size, color, unique_search_id, quantity)
            VALUES (25563353707, 5686912744, 'L', 'Màu trắng', ' aaglmnrtu', 1000);
            
            INSERT INTO product_details (id, product_id, size, color, unique_search_id, quantity)
            VALUES (25563353708, 5686912744, '2XL', 'Màu trắng', ' 2aaglmnrtux', 1000);
            
            INSERT INTO product_details (id, product_id, size, color, unique_search_id, quantity)
            VALUES (25563353709, 5686912744, 'S', 'Màu đen', ' ademnsu', 1000);
            
            INSERT INTO product_details (id, product_id, size, color, unique_search_id, quantity)
            VALUES (25563353710, 5686912744, 'M', 'Màu đen', ' ademmnu', 1000);
            
            INSERT INTO product_details (id, product_id, size, color, unique_search_id, quantity)
            VALUES (25563353711, 5686912744, 'L', 'Màu đen', ' adelmnu', 1000);
            
            INSERT INTO product_details (id, product_id, size, color, unique_search_id, quantity)
            VALUES (25563353712, 5686912744, '2XL', 'Màu đen', ' 2adelmnux', 1000);
            
            INSERT INTO product_details (id, product_id, size, color, unique_search_id, quantity)
            VALUES (25563353713, 5686912744, 'S', 'Màu trắng', ' aagmnrstu', 1000);
            
            INSERT INTO product_details (id, product_id, size, color, unique_search_id, quantity)
            VALUES (25563353714, 5686912744, 'XL', 'Màu trắng', ' aaglmnrtux', 1000);
            
            INSERT INTO product_details (id, product_id, size, color, unique_search_id, quantity)
            VALUES (25563353715, 5686912744, 'XL', 'Màu đen', ' adelmnux', 1000);
            
            INSERT INTO product_details (id, product_id, size, color, unique_search_id, quantity)
            VALUES (25563353716, 5686912744, 'M', 'Màu trắng', ' aagmmnrtu', 1000);
            
            INSERT INTO products (id, sku, name, slug, category_id, unit_price, sale_price, preview_image_name, preview_image_path, views, description)
            VALUES (4784852769, 'SP11004', '[HÀNG QUẢNG CHÂU]VÁY LIỀN DÁNG XOÈ CỔ VUÔNG TAY NGẮN', 'hang-quang-chauvay-lien-dang-xoe-co-vuong-tay-ngan', 11, 359000, 379000, 'SP_4784852769_0.jpg', 'images/products/11/SP_4784852769_0.jpg', 65, 'THÔNG TIN SẢN PHẨM
váy xoè tay phồng cổ vuông vải đẹp
✅Thông số kĩ thuật:
Màu: xanh như hình
SIZE: SML
CHẤT: vải cotton xô
- Xuất xứ: Quảng Châu
-----------------------------------------------------------
👉Hãy cùng Nhà bi trải nghiệm những sản phẩm THỜI TRANG - THIẾT KẾ - CHẤT LƯỢNG  tại Shopee ngay nhé!
-----------------------------------------------------------------
FB PAGE: NHÀ BI-TỔNG KHO SỈ ORDER HÀNG QUẢNG CHÂU TAOBAO 1688 VỀ HUẾ
LINK FACEBOOK: https://m.facebook.com/profile.php?id=104264697739934&ref=content_filter
Lưu ý QUAN TRỌNG:
✅ CAM KẾT 100% hàng cao cấp từ Quảng Châu
✅ KHUYẾN KHÍCH KHÁCH HÀNG LIÊN HỆ VỚI SHOP ĐỂ CHỌN SIZE CHUẨN NHẤT');
            
            INSERT INTO product_images (product_id, name, path) 
            VALUES (4784852769, 'SP_4784852769_1.jpg', 'images/products/11/SP_4784852769_1.jpg');
            
            INSERT INTO product_images (product_id, name, path) 
            VALUES (4784852769, 'SP_4784852769_2.jpg', 'images/products/11/SP_4784852769_2.jpg');
            
            INSERT INTO product_images (product_id, name, path) 
            VALUES (4784852769, 'SP_4784852769_3.jpg', 'images/products/11/SP_4784852769_3.jpg');
            
            INSERT INTO product_details (id, product_id, size, color, unique_search_id, quantity)
            VALUES (34679158142, 4784852769, 'S', 'Xanh', 'ahnsx', 99);
            
            INSERT INTO product_details (id, product_id, size, color, unique_search_id, quantity)
            VALUES (34679158143, 4784852769, 'M', 'Xanh', 'ahmnx', 100);
            
            INSERT INTO product_details (id, product_id, size, color, unique_search_id, quantity)
            VALUES (34679158144, 4784852769, 'L', 'Xanh', 'ahlnx', 100);
            
            INSERT INTO products (id, sku, name, slug, category_id, unit_price, sale_price, preview_image_name, preview_image_path, views, description)
            VALUES (6373777445, 'SP11005', '[Order + k hủy ngang] Váy đầm liền thân tay bèo dáng ngắn thiết kế vải lưới lộ tay gợi cảm VA008', 'order-k-huy-ngang-vay-dam-lien-than-tay-beo-dang-ngan-thiet-ke-vai-luoi-lo-tay-goi-cam-va008', 11, 460000, 480000, 'SP_6373777445_0.jpg', 'images/products/11/SP_6373777445_0.jpg', 54, '* cổ và tay thiết kế vải lưới gợi cảm
* chất liệu vải họa tiết lấp lánh dưới ánh đèn
* chân váy xòa nhẹ tự nhiên tôn dáng
Kiểu dáng váy dễ mặc, dễ phối đồ, phù hợp để đi chơi, đi dự tiệc,... tạo sự nhẹ nhàng mà sang trọng. 
Phù hợp với độ tuổi từ 20 đến 35 tuổi.
Hàng order từ 7 đến 10 ngày.

');
            
            INSERT INTO product_images (product_id, name, path) 
            VALUES (6373777445, 'SP_6373777445_1.jpg', 'images/products/11/SP_6373777445_1.jpg');
            
            INSERT INTO product_images (product_id, name, path) 
            VALUES (6373777445, 'SP_6373777445_2.jpg', 'images/products/11/SP_6373777445_2.jpg');
            
            INSERT INTO product_images (product_id, name, path) 
            VALUES (6373777445, 'SP_6373777445_3.jpg', 'images/products/11/SP_6373777445_3.jpg');
            
            INSERT INTO product_images (product_id, name, path) 
            VALUES (6373777445, 'SP_6373777445_4.jpg', 'images/products/11/SP_6373777445_4.jpg');
            
            INSERT INTO product_images (product_id, name, path) 
            VALUES (6373777445, 'SP_6373777445_5.jpg', 'images/products/11/SP_6373777445_5.jpg');
            
            INSERT INTO product_images (product_id, name, path) 
            VALUES (6373777445, 'SP_6373777445_6.jpg', 'images/products/11/SP_6373777445_6.jpg');
            
            INSERT INTO product_images (product_id, name, path) 
            VALUES (6373777445, 'SP_6373777445_7.jpg', 'images/products/11/SP_6373777445_7.jpg');
            
            INSERT INTO product_images (product_id, name, path) 
            VALUES (6373777445, 'SP_6373777445_8.jpg', 'images/products/11/SP_6373777445_8.jpg');
            
            INSERT INTO product_images (product_id, name, path) 
            VALUES (6373777445, 'SP_6373777445_9.jpg', 'images/products/11/SP_6373777445_9.jpg');
            
            INSERT INTO product_details (id, product_id, size, color, unique_search_id, quantity)
            VALUES (43107948250, 6373777445, 'L', 'Đen', 'deln', 300);
            
            INSERT INTO product_details (id, product_id, size, color, unique_search_id, quantity)
            VALUES (43107948251, 6373777445, 'XL', 'Đen', 'delnx', 300);
            
            INSERT INTO product_details (id, product_id, size, color, unique_search_id, quantity)
            VALUES (43107948252, 6373777445, 'S', 'Đen', 'dens', 299);
            
            INSERT INTO product_details (id, product_id, size, color, unique_search_id, quantity)
            VALUES (43107948253, 6373777445, 'M', 'Đen', 'demn', 300);
            
            INSERT INTO products (id, sku, name, slug, category_id, unit_price, sale_price, preview_image_name, preview_image_path, views, description)
            VALUES (9042106200, 'SP11006', 'Váy đen nhỏ phối hợp theo phong cách Hepburn mùa hè 2021 được ưa chuộng trong năm nay, ngắn liền thân, thiết kế lý,', 'vay-den-nho-phoi-hop-theo-phong-cach-hepburn-mua-he-2021-duoc-ua-chuong-trong-nam-nay,-ngan-lien-than,-thiet-ke-ly,', 11, 181600, 227000, 'SP_9042106200_0.jpg', 'images/products/11/SP_9042106200_0.jpg', 12, 'Tên vải: sợi polyester
Nguồn ảnh chính: chụp thật với người mẫu
Danh mục cung cấp: Giao ngay
Phong cách: thanh lịch
mô hình: trơn
Quy trình: In / Nhuộm

Loại hàng tồn kho: toàn bộ đơn đặt hàng
Phong cách: địu
Hình thức kết hợp: mảnh đơn
Váy dài: váy giữa
Loại váy: váy công chúa
Loại eo: Thắt lưng lỏng lẻo
Quần áo placket: bảo hiểm rủi ro
Năm / mùa niêm yết: Mùa hè năm 2021
Thành phần vải chính: sợi polyester (polyester)
Hàm lượng của thành phần vải chính: 81% -90%
Thành phần vải chính 2: sợi polyester (polyester)
Hàm lượng thành phần vải chính 2: 51% -70%
Thành phần lớp lót: sợi polyester (polyester)
Nội dung thành phần lót: 51% -70%
Hàng tồn kho: có
Mã số: 991 Chaorenfang-899
Nguồn gốc vải nhập khẩu chính ngạch hay không: Không
Cho dù ngoại thương: Có
Màu đen
Kích thước: S, M, L, XL, 2XL, 3XL
Nền tảng hạ lưu chính: ,,,,,
Khu vực bán hàng chính: Châu Phi, Châu Âu, Nam Mỹ, Đông Nam Á, Bắc Mỹ, Đông Bắc Á, Trung Đông
Độ tuổi phù hợp: 18-24 tuổi
Nguồn cung cấp độc quyền xuất khẩu xuyên biên giới hay không: Có
Loại phong cách: tính khí đi làm
Hồ sơ: Loại A
Mùa áp dụng: mùa hè');
            
            INSERT INTO product_images (product_id, name, path) 
            VALUES (9042106200, 'SP_9042106200_1.jpg', 'images/products/11/SP_9042106200_1.jpg');
            
            INSERT INTO product_images (product_id, name, path) 
            VALUES (9042106200, 'SP_9042106200_2.jpg', 'images/products/11/SP_9042106200_2.jpg');
            
            INSERT INTO product_images (product_id, name, path) 
            VALUES (9042106200, 'SP_9042106200_3.jpg', 'images/products/11/SP_9042106200_3.jpg');
            
            INSERT INTO product_images (product_id, name, path) 
            VALUES (9042106200, 'SP_9042106200_4.jpg', 'images/products/11/SP_9042106200_4.jpg');
            
            INSERT INTO product_images (product_id, name, path) 
            VALUES (9042106200, 'SP_9042106200_5.jpg', 'images/products/11/SP_9042106200_5.jpg');
            
            INSERT INTO product_details (id, product_id, size, color, unique_search_id, quantity)
            VALUES (44857223680, 9042106200, ' 2XL ', ' Màu đen ', '     2adelmnux', 5000);
            
            INSERT INTO product_details (id, product_id, size, color, unique_search_id, quantity)
            VALUES (44857223681, 9042106200, ' 3XL ', ' Màu đen ', '     3adelmnux', 5000);
            
            INSERT INTO product_details (id, product_id, size, color, unique_search_id, quantity)
            VALUES (44857223682, 9042106200, ' L ', ' Màu đen ', '     adelmnu', 5000);
            
            INSERT INTO product_details (id, product_id, size, color, unique_search_id, quantity)
            VALUES (44857223683, 9042106200, ' M ', ' Màu đen ', '     ademmnu', 5000);
            
            INSERT INTO product_details (id, product_id, size, color, unique_search_id, quantity)
            VALUES (44857223684, 9042106200, ' S ', ' Màu đen ', '     ademnsu', 5000);
            
            INSERT INTO product_details (id, product_id, size, color, unique_search_id, quantity)
            VALUES (44857223685, 9042106200, ' XL ', ' Màu đen ', '     adelmnux', 5000);
            
            INSERT INTO products (id, sku, name, slug, category_id, unit_price, sale_price, preview_image_name, preview_image_path, views, description)
            VALUES (9021100708, 'SP11007', '[ORDER] Váy liền thân ngắn xanh vổ V', 'order-vay-lien-than-ngan-xanh-vo-v', 11, 239000, 259000, 'SP_9021100708_0.jpg', 'images/products/11/SP_9021100708_0.jpg', 17, 'Chào mừng đến vơi Pansy’s House
Shop chuyên order hàng Taobao, hottrend, hotgirl tiktok Trung Quốc. idol Hàn quốc

Váy liền thân ngắn xanh cổ V

Size: S, M

Mã sản phẩm: VL11

 ‼️Hàng không có sẵn 
🌸Order trong 7-20 ngày  
🌸Hàng order không huỷ ngang giúp shop ạ 
📞IB để được tư vấn 


FB:Link FB: https://www.facebook.com/Pansys-house-Chuyên-order-hàng-taobao-100524911916391/

');
            
            INSERT INTO product_images (product_id, name, path) 
            VALUES (9021100708, 'SP_9021100708_1.jpg', 'images/products/11/SP_9021100708_1.jpg');
            
            INSERT INTO product_images (product_id, name, path) 
            VALUES (9021100708, 'SP_9021100708_2.jpg', 'images/products/11/SP_9021100708_2.jpg');
            
            INSERT INTO product_images (product_id, name, path) 
            VALUES (9021100708, 'SP_9021100708_3.jpg', 'images/products/11/SP_9021100708_3.jpg');
            
            INSERT INTO product_images (product_id, name, path) 
            VALUES (9021100708, 'SP_9021100708_4.jpg', 'images/products/11/SP_9021100708_4.jpg');
            
            INSERT INTO product_images (product_id, name, path) 
            VALUES (9021100708, 'SP_9021100708_5.jpg', 'images/products/11/SP_9021100708_5.jpg');
            
            INSERT INTO product_details (id, product_id, size, color, unique_search_id, quantity)
            VALUES (63949411124, 9021100708, 'S', 'Xanh', 'ahnsx', 100);
            
            INSERT INTO product_details (id, product_id, size, color, unique_search_id, quantity)
            VALUES (63949411125, 9021100708, 'M', 'Xanh', 'ahmnx', 100);
            
            INSERT INTO products (id, sku, name, slug, category_id, unit_price, sale_price, preview_image_name, preview_image_path, views, description)
            VALUES (9824797278, 'SP11008', 'Váy đỏ dài giữa mùa hè kiểu Pháp cổ điển tay phồng vuông liền thân công chúa cạp cao ngọt ngào [phát hành vào', 'vay-do-dai-giua-mua-he-kieu-phap-co-dien-tay-phong-vuong-lien-than-cong-chua-cap-cao-ngot-ngao-phat-hanh-vao', 11, 234000, 468000, 'SP_9824797278_0.jpg', 'images/products/11/SP_9824797278_0.jpg', 14, '🌱Thiết kế Tay  và Hoa Ngực phối ren siêu xinh
🌱 Kiểu dáng sang chảnh
🌱 Quá phù hợp với thời tiết này 
🌱 Các chị có thể phối được với nhiều kiểu trang phục khác nhau 

Full size: 47-72kg
M: 47-51kg
L: 52-57kg
XL: 58-62kg
XXL: 63-68kg
3XL: 69-72kg

 Hướng dẫn giặt ủi (là) - Nên giặt sản phẩm trước khi sử dụng.
- Tốt nhất nên giặt tay và không nên chà mạnh bằng bàn chải có sợi cứng. 
- Nếu giặt máy, nên chọn chế độ giặt nhẹ và sản phẩm có chất vải phù hợp để bảo quản được lâu. - Không nên sử dụng chất giặt tẩy. 
- Không nên ngâm chung với trang phục ra bị màu.
- Tránh phơi với ánh nắng trực tiếp. 
- Ủi (là) sản phẩm nếu cần và cài đặt nhiệt độ bàn ủi (là) phù hợp với từng loại vải.  

CHÍNH SÁCH & HẬU MÃI: 
- Shop cam kết không bán hàng giả, hàng nhái, chất lượng luôn là hàng đầu để shop có thể phát triển thương hiệu và vươn xa. 
- Sản phẩm cam kết như hình thật 100% 
- Đổi trả trong vòng 7 ngày nếu hàng lỗi, sai mẫu cho quý khách. 
- Tư vấn nhiệt tình, chu đáo luôn lắng nghe khách hàng để phục vụ tốt.
- Giao hàng nhanh đúng tiến độ không phải để quý khách chờ đợi lâu để nhận hàng. 
✔ Ấn Like và theo dõi để ủng hộ shop và tham khảo các sản phẩm mới của shop rất hân hạnh được phục vụ quý khách. 
✅ shop AT Store chuyên cung cấp quần áo, phụ kiện thời trang nữ. 
✅ Cam kết giá tốt nhất thị trường, chất lượng đảm bảo.
✅ Uy tín được đảm bảo qua hàng vạn đơn hàng trên khắp cả nước 
✅ Đổi trả trong vòng 7 ngày nếu hàng lỗi, sai mẫu cho quý khách.

#aothun #aothunnu #aothunnudaitay #aothunthudong #aophong #aophongnu
#áothun #áothunnữ #áothunnữdàitay #áothunthuđông #áophông #áophôngnữ
#áo-thun #ao-thun-nu #áo-thun-nữ-dài-tay #áo-thun-nữ #áo-phông #ao-phong #áo-phông-nữ #ao-phong-nu');
            
            INSERT INTO product_images (product_id, name, path) 
            VALUES (9824797278, 'SP_9824797278_1.jpg', 'images/products/11/SP_9824797278_1.jpg');
            
            INSERT INTO product_images (product_id, name, path) 
            VALUES (9824797278, 'SP_9824797278_2.jpg', 'images/products/11/SP_9824797278_2.jpg');
            
            INSERT INTO product_images (product_id, name, path) 
            VALUES (9824797278, 'SP_9824797278_3.jpg', 'images/products/11/SP_9824797278_3.jpg');
            
            INSERT INTO product_images (product_id, name, path) 
            VALUES (9824797278, 'SP_9824797278_4.jpg', 'images/products/11/SP_9824797278_4.jpg');
            
            INSERT INTO product_images (product_id, name, path) 
            VALUES (9824797278, 'SP_9824797278_5.jpg', 'images/products/11/SP_9824797278_5.jpg');
            
            INSERT INTO product_images (product_id, name, path) 
            VALUES (9824797278, 'SP_9824797278_6.jpg', 'images/products/11/SP_9824797278_6.jpg');
            
            INSERT INTO product_details (id, product_id, size, color, unique_search_id, quantity)
            VALUES (81091067184, 9824797278, ' S ', ' đỏ ', '    dos', 1000);
            
            INSERT INTO product_details (id, product_id, size, color, unique_search_id, quantity)
            VALUES (81091067185, 9824797278, ' L ', ' đỏ ', '    dlo', 1000);
            
            INSERT INTO product_details (id, product_id, size, color, unique_search_id, quantity)
            VALUES (81091067186, 9824797278, ' S ', ' đen ', '    dens', 0);
            
            INSERT INTO product_details (id, product_id, size, color, unique_search_id, quantity)
            VALUES (81091067187, 9824797278, ' XL', ' đen ', '   delnx', 0);
            
            INSERT INTO product_details (id, product_id, size, color, unique_search_id, quantity)
            VALUES (81091067188, 9824797278, ' 2XL ', ' đen ', '    2delnx', 0);
            
            INSERT INTO product_details (id, product_id, size, color, unique_search_id, quantity)
            VALUES (81091067189, 9824797278, ' M ', ' đỏ ', '    dmo', 763);
            
            INSERT INTO product_details (id, product_id, size, color, unique_search_id, quantity)
            VALUES (81091067190, 9824797278, ' XL', ' đỏ ', '   dlox', 1000);
            
            INSERT INTO product_details (id, product_id, size, color, unique_search_id, quantity)
            VALUES (81091067191, 9824797278, ' 2XL ', ' đỏ ', '    2dlox', 1000);
            
            INSERT INTO product_details (id, product_id, size, color, unique_search_id, quantity)
            VALUES (81091067192, 9824797278, ' M ', ' đen ', '    demn', 0);
            
            INSERT INTO product_details (id, product_id, size, color, unique_search_id, quantity)
            VALUES (81091067193, 9824797278, ' L ', ' đen ', '    deln', 0);
            
            
            INSERT INTO products (id, sku, name, slug, category_id, unit_price, sale_price, preview_image_name, preview_image_path, views, description)
            VALUES (4222569225, 'SP11010', 'Đầm hoa tay dài dáng ngắn voan hoa vintage Hàn Quốc, Váy hoa nhí cổ tim ulzzang nhún eo Hàn Quốc V05 - Peyy Clothing', 'dam-hoa-tay-dai-dang-ngan-voan-hoa-vintage-han-quoc,-vay-hoa-nhi-co-tim-ulzzang-nhun-eo-han-quoc-v05-peyy-clothing', 11, 269000, 329000, 'SP_4222569225_0.jpg', 'images/products/11/SP_4222569225_0.jpg', 3427, '🌺 Thông tin sản phẩm: Đầm hoa tay dài dáng ngắn voan hoa vintage Hàn Quốc, Váy hoa nhí cổ tim ulzzang nhún eo Hàn Quốc
    + Chất liệu: Voan
    + Đường may chắc chắn, vắt sổ
    + Giặt ko xù hay bay màu, thoải mái ko gò bó

️🌺 Màu sắc, kích thước: Đầm hoa tay dài dáng ngắn voan hoa vintage Hàn Quốc, Váy hoa nhí cổ tim ulzzang nhún eo Hàn Quốc
    + Váy có 2 màu: Xanh - Trắng ⚪ 
    + Váy có 3 size:S M L
👉Size S: 43-46kg
👉Size M: 47-50kg
👉Size L: 50-55kg

Quý khách vui lòng inbox ngay cho shop nếu cần tư vấn thêm về size

️🌺 Hướng dẫn sử dụng, bảo quản: Đầm hoa tay dài dáng ngắn voan hoa vintage Hàn Quốc, Váy hoa nhí cổ tim ulzzang nhún eo Hàn Quốc
    + Lần đầu nên lộn trái áo và giặt ở nhiệt độ thường
    + Không dùng chất tẩy mạnh
    + Khi phơi nên lộn trái áo tránh bị phai màu
    + Là, ủi áo ở nhiệt độ thích hợp

️🌺 Cam kết của shop
    + Cam kết chất lượng sản phẩm giống với mô tả, hình ảnh.
    + Sản phẩm được kiểm tra cẩn thận, kĩ càng trước khi gói hàng giao cho Quý khách
    + Hàng còn mới 100% và chưa qua sử dụng
    + Chấp nhận đổi hàng khi size không vừa
    + Giao hàng trên toàn quốc, nhận hàng mới trả tiền

#dam #vay #nu #chua #daitay #cothuyen #hoanhi #chua #basic #ulzzang #peyyclothing #vayxoe #vintage');
            
            INSERT INTO product_images (product_id, name, path) 
            VALUES (4222569225, 'SP_4222569225_1.jpg', 'images/products/11/SP_4222569225_1.jpg');
            
            INSERT INTO product_images (product_id, name, path) 
            VALUES (4222569225, 'SP_4222569225_2.jpg', 'images/products/11/SP_4222569225_2.jpg');
            
            INSERT INTO product_images (product_id, name, path) 
            VALUES (4222569225, 'SP_4222569225_3.jpg', 'images/products/11/SP_4222569225_3.jpg');
            
            INSERT INTO product_images (product_id, name, path) 
            VALUES (4222569225, 'SP_4222569225_4.jpg', 'images/products/11/SP_4222569225_4.jpg');
            
            INSERT INTO product_images (product_id, name, path) 
            VALUES (4222569225, 'SP_4222569225_5.jpg', 'images/products/11/SP_4222569225_5.jpg');
            
            INSERT INTO product_images (product_id, name, path) 
            VALUES (4222569225, 'SP_4222569225_6.jpg', 'images/products/11/SP_4222569225_6.jpg');
            
            INSERT INTO product_images (product_id, name, path) 
            VALUES (4222569225, 'SP_4222569225_7.jpg', 'images/products/11/SP_4222569225_7.jpg');
            
            INSERT INTO product_details (id, product_id, size, color, unique_search_id, quantity)
            VALUES (15346061494, 4222569225, 'S (43-46kg)', 'Trắng', ' ()-3446aggknrst', 8);
            
            INSERT INTO product_details (id, product_id, size, color, unique_search_id, quantity)
            VALUES (15346061496, 4222569225, 'M (47-50kg)', 'Trắng', ' ()-0457aggkmnrt', 0);
            
            INSERT INTO product_details (id, product_id, size, color, unique_search_id, quantity)
            VALUES (15346061498, 4222569225, 'L (50-55kg)', 'Trắng', ' ()-0555aggklnrt', 5);
            
            INSERT INTO product_details (id, product_id, size, color, unique_search_id, quantity)
            VALUES (15346061500, 4222569225, 'S (43-46kg)', 'Xanh', ' ()-3446aghknsx', 12);
            
            INSERT INTO product_details (id, product_id, size, color, unique_search_id, quantity)
            VALUES (15346061501, 4222569225, 'M (47-50kg)', 'Xanh', ' ()-0457aghkmnx', 9);
            
            INSERT INTO product_details (id, product_id, size, color, unique_search_id, quantity)
            VALUES (15346061503, 4222569225, 'L (50-55kg)', 'Xanh', ' ()-0555aghklnx', 10);
            
            INSERT INTO product_details (id, product_id, size, color, unique_search_id, quantity)
            VALUES (15346061505, 4222569225, 'S (43-46kg)', 'Quần mặc trong váy', '    ()-3446aaacggkmnnoqrstuvy', 0);
            
            INSERT INTO product_details (id, product_id, size, color, unique_search_id, quantity)
            VALUES (15346061507, 4222569225, 'M (47-50kg)', 'Quần mặc trong váy', '    ()-0457aaacggkmmnnoqrtuvy', 0);
            
            INSERT INTO product_details (id, product_id, size, color, unique_search_id, quantity)
            VALUES (15346061509, 4222569225, 'L (50-55kg)', 'Quần mặc trong váy', '    ()-0555aaacggklmnnoqrtuvy', 0);
            
            INSERT INTO products (id, sku, name, slug, category_id, unit_price, sale_price, preview_image_name, preview_image_path, views, description)
            VALUES (5985040822, 'SP11011', 'Váy hoa cúc ngọc xoè dáng ngắn', 'vay-hoa-cuc-ngoc-xoe-dang-ngan', 11, 297500, 350000, 'SP_5985040822_0.jpg', 'images/products/11/SP_5985040822_0.jpg', 81, 'Váy hoa cúc ngọc xoè dáng ngắn
🌸Chất cotton mềm mịn nhẹ thoáng mát mặc rất thích và thoải mái
🌸Váy 2 lớp 
🌸Màu sắc có thể đậm hoặc nhạt hơn hình (yếu tố khách quan)
🌸Trong quá trình vận chuyển khó tránh khỏi sản phẩm bị nhàu hoặc mất nếp gấp, nàng nên giặt ủi trước khi sử dụng.
🌸Đầm nằm trong BST Xuân hè là hàng thiết kế độc quyền bên Tấm các nàng nha.Tấm cẩn thận trong từng khâu từ chọn vải, đến cắt may, đến kiểm hàng từng chút 1 để giao đến tay khách là sản phẩm chất lượng nhất ạ. Nên các nàng yên tâm và tin tưởng Tấm nha
☎ Call: 096 939 4466
🌍Fanpage: Tấm
💎 Zalo: 096 939 4466
💌 Instagram : tamclothes
🏡 Add: Tòa nhà The Light Tố Hữu, Nam Từ Liêm, Hà Nội
#tam #thoit rangnu #damthietke #thoitrangthietke #vaythietke
#vayxinh #đầm_cổ sơmi 
#Váy_tiểu_thư #Váy_dự_tiệc #VÁy_xoè');
            
            INSERT INTO product_images (product_id, name, path) 
            VALUES (5985040822, 'SP_5985040822_1.jpg', 'images/products/11/SP_5985040822_1.jpg');
            
            INSERT INTO product_images (product_id, name, path) 
            VALUES (5985040822, 'SP_5985040822_2.jpg', 'images/products/11/SP_5985040822_2.jpg');
            
            INSERT INTO product_images (product_id, name, path) 
            VALUES (5985040822, 'SP_5985040822_3.jpg', 'images/products/11/SP_5985040822_3.jpg');
            
            INSERT INTO product_images (product_id, name, path) 
            VALUES (5985040822, 'SP_5985040822_4.jpg', 'images/products/11/SP_5985040822_4.jpg');
            
            INSERT INTO product_images (product_id, name, path) 
            VALUES (5985040822, 'SP_5985040822_5.jpg', 'images/products/11/SP_5985040822_5.jpg');
            
            INSERT INTO product_details (id, product_id, size, color, unique_search_id, quantity)
            VALUES (25241265999, 5985040822, 'XS', 'Trắng hoa xanh', '  aaaghhnnorstxx', 40);
            
            INSERT INTO product_details (id, product_id, size, color, unique_search_id, quantity)
            VALUES (25241266000, 5985040822, 'XL', 'Trắng hoa xanh', '  aaaghhlnnortxx', 40);
            
            INSERT INTO product_details (id, product_id, size, color, unique_search_id, quantity)
            VALUES (34715119010, 5985040822, 'XS', 'Trắng hoa vàng', '  aaagghnnorstvx', 40);
            
            INSERT INTO product_details (id, product_id, size, color, unique_search_id, quantity)
            VALUES (34715119011, 5985040822, 'M', 'Trắng hoa vàng', '  aaagghmnnortv', 40);
            
            INSERT INTO product_details (id, product_id, size, color, unique_search_id, quantity)
            VALUES (34715119012, 5985040822, 'XL', 'Trắng hoa vàng', '  aaagghlnnortvx', 40);
            
            INSERT INTO product_details (id, product_id, size, color, unique_search_id, quantity)
            VALUES (34715119013, 5985040822, 'S', 'Trắng hoa xanh', '  aaaghhnnorstx', 40);
            
            INSERT INTO product_details (id, product_id, size, color, unique_search_id, quantity)
            VALUES (34715119014, 5985040822, 'M', 'Trắng hoa xanh', '  aaaghhmnnortx', 40);
            
            INSERT INTO product_details (id, product_id, size, color, unique_search_id, quantity)
            VALUES (34715119015, 5985040822, 'L', 'Trắng hoa xanh', '  aaaghhlnnortx', 40);
            
            INSERT INTO product_details (id, product_id, size, color, unique_search_id, quantity)
            VALUES (34715119016, 5985040822, 'S', 'Trắng hoa vàng', '  aaagghnnorstv', 39);
            
            INSERT INTO product_details (id, product_id, size, color, unique_search_id, quantity)
            VALUES (34715119017, 5985040822, 'L', 'Trắng hoa vàng', '  aaagghlnnortv', 40);
            
            INSERT INTO products (id, sku, name, slug, category_id, unit_price, sale_price, preview_image_name, preview_image_path, views, description)
            VALUES (2131886189, 'SP11012', 'Váy Ôm Body Họa Tiết Hoa Nhí Dáng Ngắn/ Đầm Cổ Vuông Trễ Ngực Cộc Tay Buộc Dây V00113', 'vay-om-body-hoa-tiet-hoa-nhi-dang-ngan/-dam-co-vuong-tre-nguc-coc-tay-buoc-day-v00113', 11, 189000, 198435, 'SP_2131886189_0.jpg', 'images/products/11/SP_2131886189_0.jpg', 548, 'Váy Ôm Body Họa Tiết Hoa Nhí Dáng Ngắn/ Đầm Cổ Vuông Trễ Ngực Cộc Tay Buộc Dây

Kích thước:
Size S: Eo 64cm/ Ngực 74cm/ Tay dài 31cm/ Váy dài 70cm
Size M: Eo 68cm/ Ngực 78cm/ Tay dài 32cm/ Váy dài 71cm
Size L: Eo 72cm/ Ngực 82cm/ Tay dài 33cm/ Váy dài 72cm
Size XL: Eo 76cm/ Ngực 86cm/ Tay dài 34cm/ Váy dài 73cm
Size 2XL: Eo 80cm/ Ngực 90cm/ Tay dài 34cm/ Váy dài 74cm

Hàng order 10 ngày

Cam kết đổi trả đối với các sản phẩm nhầm size, nhầm màu, nhầm mẫu, hàng lỗi,... Các khách lưu ý giữ nguyên tem mác của sản phẩm và đổi trả trong vòng 3 ngày kể từ khi nhận được sản phẩm.

#vayxuong #vaythocam #vayxuongtaybo #đầmhọatiết #đầmthêuhoa');
            
            INSERT INTO product_images (product_id, name, path) 
            VALUES (2131886189, 'SP_2131886189_1.jpg', 'images/products/11/SP_2131886189_1.jpg');
            
            INSERT INTO product_images (product_id, name, path) 
            VALUES (2131886189, 'SP_2131886189_2.jpg', 'images/products/11/SP_2131886189_2.jpg');
            
            INSERT INTO product_images (product_id, name, path) 
            VALUES (2131886189, 'SP_2131886189_3.jpg', 'images/products/11/SP_2131886189_3.jpg');
            
            INSERT INTO product_images (product_id, name, path) 
            VALUES (2131886189, 'SP_2131886189_4.jpg', 'images/products/11/SP_2131886189_4.jpg');
            
            INSERT INTO product_images (product_id, name, path) 
            VALUES (2131886189, 'SP_2131886189_5.jpg', 'images/products/11/SP_2131886189_5.jpg');
            
            INSERT INTO product_images (product_id, name, path) 
            VALUES (2131886189, 'SP_2131886189_6.jpg', 'images/products/11/SP_2131886189_6.jpg');
            
            INSERT INTO product_images (product_id, name, path) 
            VALUES (2131886189, 'SP_2131886189_7.jpg', 'images/products/11/SP_2131886189_7.jpg');
            
            INSERT INTO product_images (product_id, name, path) 
            VALUES (2131886189, 'SP_2131886189_8.jpg', 'images/products/11/SP_2131886189_8.jpg');
            
            INSERT INTO product_details (id, product_id, size, color, unique_search_id, quantity)
            VALUES (25219382612, 2131886189, 'L', 'Trắng', 'aglnrt', 5);
            
            INSERT INTO product_details (id, product_id, size, color, unique_search_id, quantity)
            VALUES (25219382613, 2131886189, 'XL', 'Xanh', 'ahlnxx', 5);
            
            INSERT INTO product_details (id, product_id, size, color, unique_search_id, quantity)
            VALUES (25219382614, 2131886189, 'L', 'Đen', 'deln', 5);
            
            INSERT INTO product_details (id, product_id, size, color, unique_search_id, quantity)
            VALUES (25219382615, 2131886189, 'L', 'Xanh', 'ahlnx', 5);
            
            INSERT INTO product_details (id, product_id, size, color, unique_search_id, quantity)
            VALUES (25219382616, 2131886189, 'S', 'Trắng', 'agnrst', 4);
            
            INSERT INTO product_details (id, product_id, size, color, unique_search_id, quantity)
            VALUES (25219382617, 2131886189, '2XL', 'Trắng', '2aglnrtx', 5);
            
            INSERT INTO product_details (id, product_id, size, color, unique_search_id, quantity)
            VALUES (25219382618, 2131886189, 'S', 'Xanh', 'ahnsx', 5);
            
            INSERT INTO product_details (id, product_id, size, color, unique_search_id, quantity)
            VALUES (25219382619, 2131886189, 'M', 'Xanh', 'ahmnx', 5);
            
            INSERT INTO product_details (id, product_id, size, color, unique_search_id, quantity)
            VALUES (25219382620, 2131886189, 'XL', 'Trắng', 'aglnrtx', 5);
            
            INSERT INTO product_details (id, product_id, size, color, unique_search_id, quantity)
            VALUES (25219382621, 2131886189, '2XL', 'Xanh', '2ahlnxx', 5);
            
            INSERT INTO product_details (id, product_id, size, color, unique_search_id, quantity)
            VALUES (25219382622, 2131886189, 'M', 'Đen', 'demn', 5);
            
            INSERT INTO product_details (id, product_id, size, color, unique_search_id, quantity)
            VALUES (25219382623, 2131886189, 'M', 'Trắng', 'agmnrt', 5);
            
            INSERT INTO product_details (id, product_id, size, color, unique_search_id, quantity)
            VALUES (25219382624, 2131886189, 'S', 'Đen', 'dens', 5);
            
            INSERT INTO product_details (id, product_id, size, color, unique_search_id, quantity)
            VALUES (25219382625, 2131886189, 'XL', 'Đen', 'delnx', 5);
            
            INSERT INTO product_details (id, product_id, size, color, unique_search_id, quantity)
            VALUES (25219382626, 2131886189, '2XL', 'Đen', '2delnx', 5);
            
            INSERT INTO products (id, sku, name, slug, category_id, unit_price, sale_price, preview_image_name, preview_image_path, views, description)
            VALUES (4325133547, 'SP11013', '-ORDER- Váy hoa MORAN retro ngọt ngào cổ V dây thắt eo xòe ngắn đuôi cá style Hàn Quốc -Phong cách mới 2021-', '-order-vay-hoa-moran-retro-ngot-ngao-co-v-day-that-eo-xoe-ngan-duoi-ca-style-han-quoc-phong-cach-moi-2021-', 11, 275100, 295100, 'SP_4325133547_0.jpg', 'images/products/11/SP_4325133547_0.jpg', 310, '(ORDER) Váy hoa MORAN retro ngọt ngào cổ V dây thắt eo xòe ngắn đuôi cá style Hàn Quốc
✔️Màu: Tím - Vàng
✔️Size: S M L, XL

:x:Hàng đặt khoảng 7 ngày sẽ nhận được hàng.
:x:CAM KẾT HÀNG GIỐNG HÌNH
MÀU SẮC CÓ THỂ KHÁC CHÚT SO VỚI ẢNH DO ÁNH SÁNG KHI CHỤP.
:x:Khách vui lòng ibox shop để được xem ảnh thật, tư vấn cụ thể về size và màu sắc sản phẩm
#order #taobao #orderquangchau #vayke #vaymoran #vaymuahe #vaycovuong #vayvintage #vaydep #vayke #vaydaitaymuathu #vayMORAN #vaythateo #vaymuahe #vaymaudo #vayhoanhi #vaydress #vayxinhcongchua #vayomdang #vaybody #vaydutieccuoi #vayhaiday #vaysexy #nguyenthutckt #vintage #shopnguyenthutckt

');
            
            INSERT INTO product_images (product_id, name, path) 
            VALUES (4325133547, 'SP_4325133547_1.jpg', 'images/products/11/SP_4325133547_1.jpg');
            
            INSERT INTO product_images (product_id, name, path) 
            VALUES (4325133547, 'SP_4325133547_2.jpg', 'images/products/11/SP_4325133547_2.jpg');
            
            INSERT INTO product_images (product_id, name, path) 
            VALUES (4325133547, 'SP_4325133547_3.jpg', 'images/products/11/SP_4325133547_3.jpg');
            
            INSERT INTO product_images (product_id, name, path) 
            VALUES (4325133547, 'SP_4325133547_4.jpg', 'images/products/11/SP_4325133547_4.jpg');
            
            INSERT INTO product_images (product_id, name, path) 
            VALUES (4325133547, 'SP_4325133547_5.jpg', 'images/products/11/SP_4325133547_5.jpg');
            
            INSERT INTO product_images (product_id, name, path) 
            VALUES (4325133547, 'SP_4325133547_6.jpg', 'images/products/11/SP_4325133547_6.jpg');
            
            INSERT INTO product_images (product_id, name, path) 
            VALUES (4325133547, 'SP_4325133547_7.jpg', 'images/products/11/SP_4325133547_7.jpg');
            
            INSERT INTO product_images (product_id, name, path) 
            VALUES (4325133547, 'SP_4325133547_8.jpg', 'images/products/11/SP_4325133547_8.jpg');
            
            INSERT INTO product_details (id, product_id, size, color, unique_search_id, quantity)
            VALUES (15738937178, 4325133547, 'S', 'Tím', 'imst', 27);
            
            INSERT INTO product_details (id, product_id, size, color, unique_search_id, quantity)
            VALUES (15738937179, 4325133547, 'M', 'Tím', 'immt', 28);
            
            INSERT INTO product_details (id, product_id, size, color, unique_search_id, quantity)
            VALUES (15738937180, 4325133547, 'L', 'Tím', 'ilmt', 27);
            
            INSERT INTO product_details (id, product_id, size, color, unique_search_id, quantity)
            VALUES (15738937181, 4325133547, 'S', 'Vàng', 'agnsv', 30);
            
            INSERT INTO product_details (id, product_id, size, color, unique_search_id, quantity)
            VALUES (15738937182, 4325133547, 'M', 'Vàng', 'agmnv', 29);
            
            INSERT INTO product_details (id, product_id, size, color, unique_search_id, quantity)
            VALUES (15738937183, 4325133547, 'L', 'Vàng', 'aglnv', 30);
            
            INSERT INTO product_details (id, product_id, size, color, unique_search_id, quantity)
            VALUES (15738937184, 4325133547, 'XL', 'Tím', 'ilmtx', 28);
            
            INSERT INTO product_details (id, product_id, size, color, unique_search_id, quantity)
            VALUES (15738937185, 4325133547, 'XL', 'Vàng', 'aglnvx', 30);
            
            INSERT INTO products (id, sku, name, slug, category_id, unit_price, sale_price, preview_image_name, preview_image_path, views, description)
            VALUES (3845561629, 'SP11014', 'Váy đầm sơ mi dáng ngắn họa tiết kẻ caro sang trọng thanh lịch chất vải thô Hàn Quốc cao cấp', 'vay-dam-so-mi-dang-ngan-hoa-tiet-ke-caro-sang-trong-thanh-lich-chat-vai-tho-han-quoc-cao-cap', 11, 135000, 155000, 'SP_3845561629_0.jpg', 'images/products/11/SP_3845561629_0.jpg', 184, 'Váy đầm sơ mi dáng ngắn họa tiết kẻ caro sang trọng thanh lịch chất vải thô Hàn Quốc cao cấp.

✅ Chất liệu vải thô Hàn Quốc cao cấp.
✅ Họa tiết kẻ caro trẻ trung, năng động, kiểu dáng thanh lịch.
✅ Thiết kế hiện đại sang trọng, màu sắc giản dị không kén màu da.
✅ Đầm kiểu, thiết kế cách điệu eo với dây buộc giúp giấu eo, tôn dáng.
✅ Mặc đi làm, đi học, du lịch, dạo phố đều cực xinh.
✅ Sản phẩm đến từ môi trường không khói thuốc.
✅ Sản phẩm đến từ môi trường không nuôi động vật cảnh (chó, mèo, chim, ...) gây rụng lông dị ứng.

✅ Hàng VNXK cao cấp.
✅ 100% ảnh sản phẩm là thật từ shop.
✅ Sản phẩm được sản xuất từ xưởng may của shop nên chất lượng cực kỳ đảm bảo từ chất liệu, từng đường kim mũi chỉ.
✅ Sản phẩm sẵn trong kho, giao ngay trong 24 - 48h sau khi đặt.

Size:
S: 3 vòng 84-64-90 / chiều cao 1m50 - 1m55 / cân nặng 40kg - 49kg.
M: 3 vòng 86-68-95 / chiều cao 1m55 - 1m60 / cân nặng 50kg - 56kg.
L: 3 vòng 88-72-96 / chiều cao 1m60 - 1m65 / cân nặng 57kg - 62kg.
XL: 3 vòng 98-82-110 / chiều cao 1m60 - 1m65 / cân nặng 63kg - 70kg.

#vay #somi #caro #vaysomi #vaycaro #vay_so_mi #vay_caro');
            
            INSERT INTO product_images (product_id, name, path) 
            VALUES (3845561629, 'SP_3845561629_1.jpg', 'images/products/11/SP_3845561629_1.jpg');
            
            INSERT INTO product_images (product_id, name, path) 
            VALUES (3845561629, 'SP_3845561629_2.jpg', 'images/products/11/SP_3845561629_2.jpg');
            
            INSERT INTO product_images (product_id, name, path) 
            VALUES (3845561629, 'SP_3845561629_3.jpg', 'images/products/11/SP_3845561629_3.jpg');
            
            INSERT INTO product_images (product_id, name, path) 
            VALUES (3845561629, 'SP_3845561629_4.jpg', 'images/products/11/SP_3845561629_4.jpg');
            
            INSERT INTO product_images (product_id, name, path) 
            VALUES (3845561629, 'SP_3845561629_5.jpg', 'images/products/11/SP_3845561629_5.jpg');
            
            INSERT INTO product_images (product_id, name, path) 
            VALUES (3845561629, 'SP_3845561629_6.jpg', 'images/products/11/SP_3845561629_6.jpg');
            
            INSERT INTO product_images (product_id, name, path) 
            VALUES (3845561629, 'SP_3845561629_7.jpg', 'images/products/11/SP_3845561629_7.jpg');
            
            INSERT INTO product_images (product_id, name, path) 
            VALUES (3845561629, 'SP_3845561629_8.jpg', 'images/products/11/SP_3845561629_8.jpg');
            
            INSERT INTO product_images (product_id, name, path) 
            VALUES (3845561629, 'SP_3845561629_9.jpg', 'images/products/11/SP_3845561629_9.jpg');
            
            INSERT INTO product_details (id, product_id, size, color, unique_search_id, quantity)
            VALUES (40532029936, 3845561629, 'M', 'Xanh đậm', ' aadhmmnx', 2);
            
            INSERT INTO product_details (id, product_id, size, color, unique_search_id, quantity)
            VALUES (40532029937, 3845561629, 'L', 'Xanh đậm', ' aadhlmnx', 2);
            
            INSERT INTO product_details (id, product_id, size, color, unique_search_id, quantity)
            VALUES (40532029938, 3845561629, 'XL', 'Xanh đậm', ' aadhlmnxx', 1);
            
            INSERT INTO product_details (id, product_id, size, color, unique_search_id, quantity)
            VALUES (40532029939, 3845561629, 'M', 'Đen', 'demn', 2);
            
            INSERT INTO product_details (id, product_id, size, color, unique_search_id, quantity)
            VALUES (40532029940, 3845561629, 'L', 'Đen', 'deln', 2);
            
            INSERT INTO product_details (id, product_id, size, color, unique_search_id, quantity)
            VALUES (40532029941, 3845561629, 'XL', 'Đen', 'delnx', 2);
            
            INSERT INTO products (id, sku, name, slug, category_id, unit_price, sale_price, preview_image_name, preview_image_path, views, description)
            VALUES (9235956852, 'SP11015', 'Váy Polo Thun Trơn Màu Pastel Cộc Tay Nữ - Đầm suông dáng ngắn ôm body thiết kế sexy, gợi cảm style Ulzzang', 'vay-polo-thun-tron-mau-pastel-coc-tay-nu-dam-suong-dang-ngan-om-body-thiet-ke-sexy,-goi-cam-style-ulzzang', 11, 87000, 107000, 'SP_9235956852_0.jpg', 'images/products/11/SP_9235956852_0.jpg', 4151, '🌿 Váy polo năm nay lên ngôi nha các bác..
🌿 Tôn dáng siêu đẹp, chất zip ôm body sexy..
🌿 Full 3 size: S, M, L
S: dưới 45kg đẹp
M: 45- 50kg
L: 50- 58kg 
❤️Chị em nhanh tay đặt hàng để nhận ưu đãi 50 cái đầu tiên nhaaaa
#vaynu #damnu #thoitrangnu #vaybody #body #dambody #damdangom #vaydangom #covuong #dammidi #vaymidi #banhbeo #tieuthu #buon #si #sll

  🎀🎀🎀 Peonyboutique 🎀🎀🎀
🌺 Chuyên sỉ lẻ các loại quần áo 4 mùa
🌺 Giá tại xưởng không qua trung gian
🌺 Mẫu mã đa dạng ,hợp thời trang
🌺 Các loại sản phẩm từ chất cotton, thun, umi hàn....
Lưu ý: Các bạn chú ý đọc thông tin sản phẩm trước khi đặt hàng, shop chỉ chuyển đơn theo đúng phân loại khách chọn trong đơn..
  🎀🎀🎀 Welcome to Peonyboutique 🎀🎀🎀
 ******
Firstly, thank you for coming to our store, All the goods in the store are available.
 ******
At last，if you satisfied with our item Please Give us Five Stars Feedback !!!
Any trouble remember to contact us first !! we will try our best to serve you.
Have a great day!');
            
            INSERT INTO product_images (product_id, name, path) 
            VALUES (9235956852, 'SP_9235956852_1.jpg', 'images/products/11/SP_9235956852_1.jpg');
            
            INSERT INTO product_images (product_id, name, path) 
            VALUES (9235956852, 'SP_9235956852_2.jpg', 'images/products/11/SP_9235956852_2.jpg');
            
            INSERT INTO product_images (product_id, name, path) 
            VALUES (9235956852, 'SP_9235956852_3.jpg', 'images/products/11/SP_9235956852_3.jpg');
            
            INSERT INTO product_images (product_id, name, path) 
            VALUES (9235956852, 'SP_9235956852_4.jpg', 'images/products/11/SP_9235956852_4.jpg');
            
            INSERT INTO product_images (product_id, name, path) 
            VALUES (9235956852, 'SP_9235956852_5.jpg', 'images/products/11/SP_9235956852_5.jpg');
            
            INSERT INTO product_details (id, product_id, size, color, unique_search_id, quantity)
            VALUES (64579808947, 9235956852, 'Size S', 'Màu Đen ', '   adeeimnssuz', 4982);
            
            INSERT INTO product_details (id, product_id, size, color, unique_search_id, quantity)
            VALUES (64579808948, 9235956852, 'Size M', 'Màu Đen ', '   adeeimmnsuz', 4990);
            
            INSERT INTO product_details (id, product_id, size, color, unique_search_id, quantity)
            VALUES (64579808949, 9235956852, 'Size S', 'Màu Xám', '  aaeimmssuxz', 4995);
            
            INSERT INTO product_details (id, product_id, size, color, unique_search_id, quantity)
            VALUES (64579808950, 9235956852, 'Size L', 'Màu Xám', '  aaeilmmsuxz', 4995);
            
            INSERT INTO product_details (id, product_id, size, color, unique_search_id, quantity)
            VALUES (64579808951, 9235956852, 'Size S', 'Màu Hồng', '  aeghimnossuz', 4988);
            
            INSERT INTO product_details (id, product_id, size, color, unique_search_id, quantity)
            VALUES (64579808952, 9235956852, 'Size M', 'Màu Hồng', '  aeghimmnosuz', 4995);
            
            INSERT INTO product_details (id, product_id, size, color, unique_search_id, quantity)
            VALUES (64579808953, 9235956852, 'Size L', 'Màu Đen ', '   adeeilmnsuz', 4984);
            
            INSERT INTO product_details (id, product_id, size, color, unique_search_id, quantity)
            VALUES (64579808954, 9235956852, 'Size M', 'Màu Xám', '  aaeimmmsuxz', 4995);
            
            INSERT INTO product_details (id, product_id, size, color, unique_search_id, quantity)
            VALUES (64579808955, 9235956852, 'Size L', 'Màu Hồng', '  aeghilmnosuz', 4994);
            
            INSERT INTO products (id, sku, name, slug, category_id, unit_price, sale_price, preview_image_name, preview_image_path, views, description)
            VALUES (3740469715, 'SP11016', 'Váy Polo có dây buộc eo ulzzang', 'vay-polo-co-day-buoc-eo-ulzzang', 11, 250000, 270000, 'SP_3740469715_0.jpg', 'images/products/11/SP_3740469715_0.jpg', 121, 'Đủ size từ S đến L
🌈Màu sắc có thể khác ảnh từ 5-10% do ánh sáng các bạn nha ❤️
🚫HÀNG ORDER KHÔNG CÓ SẴN🚫
🐻🐻🐻🐻🐻🐻
🌈 Nhận order, tìm đồ Taobao, Tmall, 1688
🌈 Hàng đẹp chuẩn, về sau 15-20 ngày
🏡 Kho Hà Nội: Trần Phú, Hoàn Kiếm, Hà Nội
🏡 Kho TQ1: Hà Khẩu, Vân Nam
🏡 Kho TQ2: Bằng Tường, Quảng Tây
☎️ Đt: 0888.130.695
');
            
            INSERT INTO product_images (product_id, name, path) 
            VALUES (3740469715, 'SP_3740469715_1.jpg', 'images/products/11/SP_3740469715_1.jpg');
            
            INSERT INTO product_images (product_id, name, path) 
            VALUES (3740469715, 'SP_3740469715_2.jpg', 'images/products/11/SP_3740469715_2.jpg');
            
            INSERT INTO product_images (product_id, name, path) 
            VALUES (3740469715, 'SP_3740469715_3.jpg', 'images/products/11/SP_3740469715_3.jpg');
            
            INSERT INTO product_images (product_id, name, path) 
            VALUES (3740469715, 'SP_3740469715_4.jpg', 'images/products/11/SP_3740469715_4.jpg');
            
            INSERT INTO product_images (product_id, name, path) 
            VALUES (3740469715, 'SP_3740469715_5.jpg', 'images/products/11/SP_3740469715_5.jpg');
            
            INSERT INTO product_details (id, product_id, size, color, unique_search_id, quantity)
            VALUES (50151083909, 3740469715, 'S', 'Hồng', 'ghnos', 1368);
            
            INSERT INTO product_details (id, product_id, size, color, unique_search_id, quantity)
            VALUES (50151083910, 3740469715, 'M', 'Hồng', 'ghmno', 1368);
            
            INSERT INTO product_details (id, product_id, size, color, unique_search_id, quantity)
            VALUES (50151083911, 3740469715, 'L', 'Hồng', 'ghlno', 1368);
            
            INSERT INTO product_details (id, product_id, size, color, unique_search_id, quantity)
            VALUES (50151083912, 3740469715, 'S', 'Xanh than', ' aahhnnstx', 1368);
            
            INSERT INTO product_details (id, product_id, size, color, unique_search_id, quantity)
            VALUES (50151083913, 3740469715, 'M', 'Xanh than', ' aahhmnntx', 1368);
            
            INSERT INTO product_details (id, product_id, size, color, unique_search_id, quantity)
            VALUES (50151083914, 3740469715, 'L', 'Xanh than', ' aahhlnntx', 1367);
            
            INSERT INTO products (id, sku, name, slug, category_id, unit_price, sale_price, preview_image_name, preview_image_path, views, description)
            VALUES (8524156011, 'SP11017', 'Váy Mùa Hè 2021 Váy Trắng Sexy Bó Sát Phụ Nữ Váy Ngắn', 'vay-mua-he-2021-vay-trang-sexy-bo-sat-phu-nu-vay-ngan', 11, 99999, 150000, 'SP_8524156011_0.jpg', 'images/products/11/SP_8524156011_0.jpg', 2141, '(Chào mừng đến với cửa hàng của chúng tôi) 📢
🔔1.🍎Tất cả hàng và màu có sẵn. Vận chuyển trong vòng 48 giờ sau khi đặt hàng.
🔔2. Tất cả các sản phẩm trong cửa hàng của chúng tôi là 100% thương hiệu mới và chất lượng cao.
🔔3.Click theo dõi chúng tôi để biết thêm nhiều sản phẩm mới ~ 

Thời gian giao hàng dự kiến cho sản phẩm này là từ 7-9 ngày
 
 Giá bán sỉ tại nhà ámy. Mức giá thấp nhất

Kích thước: S M L XL 2XL
Thể loại màu: Trắng
Mã số: 8826
Mùa trong năm: Mùa hè năm 2021 

✅Lưu ý:
📢Vui lòng tham khảo ý kiến của chúng tôi trước khi mua, và chúng tôi sẽ giới thiệu cho bạn kích thước phù hợp.
👉 xin vui lòng cho phép 1-3 cm lỗi do đo lường thủ công. Hãy chắc chắn rằng bạn không nhớ trước khi đấu thầu!
👉Vì góc độ, ánh sáng, màn hình PC, v.v. khác nhau, khó tránh khỏi hiện tượng nhiễm sắc độ!

Về dịch vụ: Nếu bạn có bất kỳ câu hỏi nào, vui lòng liên hệ với chúng tôi bất cứ lúc nào, ngay khi chúng tôi thấy tin nhắn của bạn, chúng tôi sẽ trả lời bạn trong thời gian sớm nhất, cảm ơn bạn!');
            
            INSERT INTO product_images (product_id, name, path) 
            VALUES (8524156011, 'SP_8524156011_1.jpg', 'images/products/11/SP_8524156011_1.jpg');
            
            INSERT INTO product_images (product_id, name, path) 
            VALUES (8524156011, 'SP_8524156011_2.jpg', 'images/products/11/SP_8524156011_2.jpg');
            
            INSERT INTO product_images (product_id, name, path) 
            VALUES (8524156011, 'SP_8524156011_3.jpg', 'images/products/11/SP_8524156011_3.jpg');
            
            INSERT INTO product_images (product_id, name, path) 
            VALUES (8524156011, 'SP_8524156011_4.jpg', 'images/products/11/SP_8524156011_4.jpg');
            
            INSERT INTO product_images (product_id, name, path) 
            VALUES (8524156011, 'SP_8524156011_5.jpg', 'images/products/11/SP_8524156011_5.jpg');
            
            INSERT INTO product_images (product_id, name, path) 
            VALUES (8524156011, 'SP_8524156011_6.jpg', 'images/products/11/SP_8524156011_6.jpg');
            
            INSERT INTO product_images (product_id, name, path) 
            VALUES (8524156011, 'SP_8524156011_7.jpg', 'images/products/11/SP_8524156011_7.jpg');
            
            INSERT INTO product_images (product_id, name, path) 
            VALUES (8524156011, 'SP_8524156011_8.jpg', 'images/products/11/SP_8524156011_8.jpg');
            
            INSERT INTO product_images (product_id, name, path) 
            VALUES (8524156011, 'SP_8524156011_9.jpg', 'images/products/11/SP_8524156011_9.jpg');
            
            INSERT INTO product_details (id, product_id, size, color, unique_search_id, quantity)
            VALUES (24671858098, 8524156011, 'L', 'white', 'ehiltw', 998);
            
            INSERT INTO product_details (id, product_id, size, color, unique_search_id, quantity)
            VALUES (24671858099, 8524156011, '2XL', 'white', '2ehiltwx', 998);
            
            INSERT INTO product_details (id, product_id, size, color, unique_search_id, quantity)
            VALUES (24671858100, 8524156011, 'M', 'white', 'ehimtw', 997);
            
            INSERT INTO product_details (id, product_id, size, color, unique_search_id, quantity)
            VALUES (24671858101, 8524156011, 'XL', 'white', 'ehiltwx', 996);
            
            INSERT INTO product_details (id, product_id, size, color, unique_search_id, quantity)
            VALUES (24671858102, 8524156011, 'S', 'white', 'ehistw', 995);
            
            INSERT INTO products (id, sku, name, slug, category_id, unit_price, sale_price, preview_image_name, preview_image_path, views, description)
            VALUES (5743062186, 'SP11018', 'Đầm thun tay ngắn dáng ôm phong cách mùa hè thời trang xinh xắn cho nữ', 'dam-thun-tay-ngan-dang-om-phong-cach-mua-he-thoi-trang-xinh-xan-cho-nu', 11, 130000, 260000, 'SP_5743062186_0.jpg', 'images/products/11/SP_5743062186_0.jpg', 677, 'Thời gian giao hàng dự kiến cho sản phẩm này là từ 7-9 ngày
 
 ────🌹Chào mừng đến với cửa hàng của chúng tôi🌹────
 Sẽ cập nhật những phong cách mới trong cửa hàng này mỗi ngày
 Chất lượng đảm bảo, giá tốt nhất
 Các bạn nhớ chú ý + like cho cửa hàng
 Mọi thắc mắc xin liên hệ với chúng tôi để được tư vấn
 
 🍁Tên sản phẩm: Đầm
 🍁Phong cách: Hàng ngày/Hàn Quốc
 🍁Các yếu tố phổ biến / Công nghệ: Màu tinh khiết
 🍁Liền thân
 🍁Kiểu dáng: Đầm chữ A
 🍁Chiều dài tay áo: Tay áo ngắn
 🍁Chiều dài đầm: Vừa vặn
 🍁 Kiểu cổ áo: Cổ tròn
 🍁Chất liệu vải: Cotton
 
 【Thông báo cho quý khách】
 ⚡Hàng ở cửa hàng này do xưởng trực tiếp bán giá sỉ, chất lượng tốt, giá rẻ.
 ⚡ Nếu có vấn đề sau khi lấy hàng, giao hàng ít, hậu cần chậm, hàng lỗi, xin vui lòng liên hệ với chúng tôi để xử lý, xin cảm ơn.
 ⚡ Kích thước được đo thủ công, không thể tránh khỏi một số sai sót, điều này là bình thường và không ảnh hưởng đến việc sử dụng.');
            
            INSERT INTO product_images (product_id, name, path) 
            VALUES (5743062186, 'SP_5743062186_1.jpg', 'images/products/11/SP_5743062186_1.jpg');
            
            INSERT INTO product_images (product_id, name, path) 
            VALUES (5743062186, 'SP_5743062186_2.jpg', 'images/products/11/SP_5743062186_2.jpg');
            
            INSERT INTO product_images (product_id, name, path) 
            VALUES (5743062186, 'SP_5743062186_3.jpg', 'images/products/11/SP_5743062186_3.jpg');
            
            INSERT INTO product_images (product_id, name, path) 
            VALUES (5743062186, 'SP_5743062186_4.jpg', 'images/products/11/SP_5743062186_4.jpg');
            
            INSERT INTO product_images (product_id, name, path) 
            VALUES (5743062186, 'SP_5743062186_5.jpg', 'images/products/11/SP_5743062186_5.jpg');
            
            INSERT INTO product_images (product_id, name, path) 
            VALUES (5743062186, 'SP_5743062186_6.jpg', 'images/products/11/SP_5743062186_6.jpg');
            
            INSERT INTO product_images (product_id, name, path) 
            VALUES (5743062186, 'SP_5743062186_7.jpg', 'images/products/11/SP_5743062186_7.jpg');
            
            INSERT INTO product_images (product_id, name, path) 
            VALUES (5743062186, 'SP_5743062186_8.jpg', 'images/products/11/SP_5743062186_8.jpg');
            
            INSERT INTO product_images (product_id, name, path) 
            VALUES (5743062186, 'SP_5743062186_9.jpg', 'images/products/11/SP_5743062186_9.jpg');
            
            INSERT INTO product_details (id, product_id, size, color, unique_search_id, quantity)
            VALUES (50357143830, 5743062186, 'M (40-48kg)', 'Fruit green', '  ()-0448eefggikmnrrtu', 993);
            
            INSERT INTO product_details (id, product_id, size, color, unique_search_id, quantity)
            VALUES (50357143831, 5743062186, 'L (48-58kg)', 'Pink', ' ()-4588gikklnp', 997);
            
            INSERT INTO product_details (id, product_id, size, color, unique_search_id, quantity)
            VALUES (50357143832, 5743062186, '2XL (63-73kg)', 'Pink', ' ()-23367gikklnpx', 999);
            
            INSERT INTO product_details (id, product_id, size, color, unique_search_id, quantity)
            VALUES (50357143833, 5743062186, 'S (35-40kg)', 'black', ' ()-0345abcgkkls', 996);
            
            INSERT INTO product_details (id, product_id, size, color, unique_search_id, quantity)
            VALUES (50357143834, 5743062186, 'S (35-40kg)', 'Pink', ' ()-0345gikknps', 997);
            
            INSERT INTO product_details (id, product_id, size, color, unique_search_id, quantity)
            VALUES (50357143835, 5743062186, 'XL (58-63kg)', 'Fruit green', '  ()-3568eefggiklnrrtux', 1000);
            
            INSERT INTO product_details (id, product_id, size, color, unique_search_id, quantity)
            VALUES (50357143836, 5743062186, 'L (48-58kg)', 'black', ' ()-4588abcgkkll', 998);
            
            INSERT INTO product_details (id, product_id, size, color, unique_search_id, quantity)
            VALUES (50357143837, 5743062186, 'XL (58-63kg)', 'black', ' ()-3568abcgkkllx', 999);
            
            INSERT INTO product_details (id, product_id, size, color, unique_search_id, quantity)
            VALUES (50357143838, 5743062186, 'M (40-48kg)', 'black', ' ()-0448abcgkklm', 994);
            
            INSERT INTO product_details (id, product_id, size, color, unique_search_id, quantity)
            VALUES (50357143839, 5743062186, 'S (35-40kg)', 'Fruit green', '  ()-0345eefggiknrrstu', 995);
            
            INSERT INTO product_details (id, product_id, size, color, unique_search_id, quantity)
            VALUES (50357143840, 5743062186, 'M (40-48kg)', 'Pink', ' ()-0448gikkmnp', 994);
            
            INSERT INTO product_details (id, product_id, size, color, unique_search_id, quantity)
            VALUES (50357143841, 5743062186, 'L (48-58kg)', 'Fruit green', '  ()-4588eefggiklnrrtu', 996);
            
            INSERT INTO product_details (id, product_id, size, color, unique_search_id, quantity)
            VALUES (50357143842, 5743062186, 'XL (58-63kg)', 'Pink', ' ()-3568gikklnpx', 999);
            
            INSERT INTO product_details (id, product_id, size, color, unique_search_id, quantity)
            VALUES (50357143843, 5743062186, '2XL (63-73kg)', 'black', ' ()-23367abcgkkllx', 997);
            
            INSERT INTO product_details (id, product_id, size, color, unique_search_id, quantity)
            VALUES (50357143844, 5743062186, '2XL (63-73kg)', 'Fruit green', '  ()-23367eefggiklnrrtux', 1000);
            