
            INSERT INTO products (id, sku, name, slug, category_id, unit_price, sale_price, preview_image_name, preview_image_path, views, description)
            VALUES (7842548995, 'SP04001', 'Áo sơ mi nữ 🔺FREESHIP🔺 Áo Sơ Mi Phủ Nhung KUPI Shirt Ulzzang ❤️', 'ao-so-mi-nu-🔺freeship🔺-ao-so-mi-phu-nhung-kupi-shirt-ulzzang-❤️', 4, 145000, 165000, 'SP_7842548995_0.jpg', 'images/products/4/SP_7842548995_0.jpg', 32382, 'N E W  I T E M 🤎
◽ Sơ mi phủ nhung KUPI - form lên dáng suông, vải dày dặn cực xinh, tone màu vintage duyên dáng dễ phối đồ, form áo rộng rãi thích hợp cho các bạn thích mặc freesize xinh cực ạ! 🥰🥰
👉 Hàng có sẵn đủ 3 size 40 - 80kg.
 ➖➖➖➖➖➖➖➖➖➖➖
✔️Bảng size :
👉 Size M : Dưới 1m65 - 55kg
👉 Size L. : Dưới 1m75 - 65kg
👉 Size XL: Dưới 1m85 - 80kg
➖➖➖➖➖➖➖➖➖➖➖
✍✍✍SHOP CAM KẾT :
✔️ Giao hàng trong thời gian nhanh nhất 
✔️ Hàng Chính Hãng - Giá Tốt
✔️ Giao hàng tận NHÀ- Ship 100% trên toàn Quốc
✔️ Luôn có đội ngũ trực tin nhắn Tư vấn, chăm sóc và giải đáp thắc mắc - HOÀN TOÀN MIỄN PHÍ
✔️ CAM KẾT được đổi trả khi : - Shop giao sai mẫu, sai màu - Sản phẩm bị lỗi - Gửi thiếu hàng [ Trường hợp như vậy vui lòng ib shop để giải quyết nha chớ vội nóng đánh giá shop ] 
👉 Tiêu chí làm việc của chúng tôi : uy tín.thân thiện .
⭕ NHẬN khuyến mãi hấp dẫn với mỗi lần mua hàng khác nhau.');
            
            INSERT INTO product_images (product_id, name, path) 
            VALUES (7842548995, 'SP_7842548995_1.jpg', 'images/products/4/SP_7842548995_1.jpg');
            
            INSERT INTO product_images (product_id, name, path) 
            VALUES (7842548995, 'SP_7842548995_2.jpg', 'images/products/4/SP_7842548995_2.jpg');
            
            INSERT INTO product_images (product_id, name, path) 
            VALUES (7842548995, 'SP_7842548995_3.jpg', 'images/products/4/SP_7842548995_3.jpg');
            
            INSERT INTO product_images (product_id, name, path) 
            VALUES (7842548995, 'SP_7842548995_4.jpg', 'images/products/4/SP_7842548995_4.jpg');
            
            INSERT INTO product_images (product_id, name, path) 
            VALUES (7842548995, 'SP_7842548995_5.jpg', 'images/products/4/SP_7842548995_5.jpg');
            
            INSERT INTO product_images (product_id, name, path) 
            VALUES (7842548995, 'SP_7842548995_6.jpg', 'images/products/4/SP_7842548995_6.jpg');
            
            INSERT INTO product_images (product_id, name, path) 
            VALUES (7842548995, 'SP_7842548995_7.jpg', 'images/products/4/SP_7842548995_7.jpg');
            
            INSERT INTO product_images (product_id, name, path) 
            VALUES (7842548995, 'SP_7842548995_8.jpg', 'images/products/4/SP_7842548995_8.jpg');
            
            INSERT INTO product_details (id, product_id, size, color, unique_search_id, quantity)
            VALUES (60318023079, 7842548995, 'Size L', 'ĐEN', ' deeilnsz', 4);
            
            INSERT INTO product_details (id, product_id, size, color, unique_search_id, quantity)
            VALUES (60318023080, 7842548995, 'Size XL', 'ĐEN', ' deeilnsxz', 3);
            
            INSERT INTO product_details (id, product_id, size, color, unique_search_id, quantity)
            VALUES (60318023081, 7842548995, 'Size L', 'TRẮNG', ' aegilnrstz', 9);
            
            INSERT INTO product_details (id, product_id, size, color, unique_search_id, quantity)
            VALUES (60318023082, 7842548995, 'Size XL', 'TRẮNG', ' aegilnrstxz', 6);
            
            INSERT INTO product_details (id, product_id, size, color, unique_search_id, quantity)
            VALUES (60318023083, 7842548995, 'Size M', 'HỒNG', ' eghimnosz', 14);
            
            INSERT INTO product_details (id, product_id, size, color, unique_search_id, quantity)
            VALUES (60318023084, 7842548995, 'Size L', 'HỒNG', ' eghilnosz', 8);
            
            INSERT INTO product_details (id, product_id, size, color, unique_search_id, quantity)
            VALUES (60318023085, 7842548995, 'Size XL', 'HỒNG', ' eghilnosxz', 14);
            
            INSERT INTO product_details (id, product_id, size, color, unique_search_id, quantity)
            VALUES (60318023086, 7842548995, 'Size XL', 'XANH', ' aehilnsxxz', 0);
            
            INSERT INTO product_details (id, product_id, size, color, unique_search_id, quantity)
            VALUES (60318023087, 7842548995, 'Size M', 'TRẮNG', ' aegimnrstz', 10);
            
            INSERT INTO product_details (id, product_id, size, color, unique_search_id, quantity)
            VALUES (60318023088, 7842548995, 'Size L', 'XANH', ' aehilnsxz', 0);
            
            INSERT INTO product_details (id, product_id, size, color, unique_search_id, quantity)
            VALUES (60318023089, 7842548995, 'Size M', 'XANH', ' aehimnsxz', 0);
            
            INSERT INTO product_details (id, product_id, size, color, unique_search_id, quantity)
            VALUES (60318023090, 7842548995, 'Size M', 'ĐEN', ' deeimnsz', 1);
            
            INSERT INTO products (id, sku, name, slug, category_id, unit_price, sale_price, preview_image_name, preview_image_path, views, description)
            VALUES (5717409784, 'SP04002', 'ROMI - HÌNH THẬT - ÁO SƠ MI CÔNG SỞ KIỂU ÁO SƠ MI HÀN QUỐC TAY LỠ KÈM PHÙ KIỆN ÁO KIỂU NỮ 3099 3084', 'romi-hinh-that-ao-so-mi-cong-so-kieu-ao-so-mi-han-quoc-tay-lo-kem-phu-kien-ao-kieu-nu-3099-3084', 4, 107400, 189000, 'SP_5717409784_0.jpg', 'images/products/4/SP_5717409784_0.jpg', 980, '     ROMI - HÌNH THẬT - ÁO SƠ MI CÔNG SỞ KIỂU ÁO SƠ MI HÀN QUỐC TAY LỠ KÈM PHÙ KIỆN ROMI 3099
CHẤT LIỆU: TƠ NHUNG, CO GIÃN TỐT
•XUẤT XỨ: VIỆT NAM
•SIZE: L, XL
•MÀU: TRẮNG, VÀNG, ĐEN
THÔNG TIN NGƯỜI MẶC: 
•SIZE L: V1: 86-90 cm - V2: 68-72 cm. Thích hợp cho người từ 48- 55kg tùy theo chiều cao
•SIZE XL: V1: 90-94 cm - V2:72-76 cm. Thích hợp cho người từ 56– 63kg tùy theo chiều cao
THÔNG SỐ Áo:
•Size L: ngực : 92cm, eo 94 cm - Chiều dài tay 27 cm - Chiều dài áo 56 cm 
•Size XL: ngực : 96cm, eo 98 cm - Chiều dài tay 28 cm - Chiều dài áo 57 cm

•Áo sơ mi công sở Thiết kế dáng áo tay lỡ cài nút, cổ v xếp ly vai áo, kèm phụ kiện, chất liệu tơ nhung co giãn tốt, không bị xù lông
•Áo công sở nữ tính mặc thoải mái và tôn dáng, 
•Chất liệu vải vừa phải không mỏng cũng không dày nên phù hợp với thời tiết của việt nam
•Thiết kế áo kiểu nữ không dây kéo chui đầu mặc, được may sắc xảo, sắc nén rất đẹp
•THƯƠNG HIỆU ROMI – ĐẢM BẢO CHẤT LƯỢNG
•Chất liệu: Áo tơ nhung
•Màu sắc: Trắng, Đen, Vàng
•Mục đích: Công sở, Đi chơi, Dạo phố, Dự tiệc.
•Sản phẩm gồm 1 áo có size L 48-55kg, XL 56-63kg
Hãy chọn cho mình 1 chiếc áo trẻ trung công sở chất liệu mềm mịn này, áo sơ mi công sở cao cấp luôn làm các chị hài lòng!
•  Shop CAM KẾT bán đúng giá, CHẤT LƯỢNG như quảng cáo, ĐỪNG SO SÁNH VỚI HÀNG KÉM CHẤT LƯỢNG NHÉ KHÁCH
- Những KHÁCH HÀNG thông thái hãy chat với Shop để tư vấn kỹ về Sản Phẩm trước khi mua 
- Shop không ngại chụp hình sản phẩm theo yêu cầu của QUÝ KHÁCH để QUÝ KHÁCH sẽ hài lòng khi mua hàng và nhận sản phẩm tại shop
- Shop hỗ trợ đổi trả hàng trong vòng 07 ngày kể từ khi nhận hàng 
----------------------------
#AOSOMICONGSO, #AOSOMIPHOINUT, #AOSOMIDAOPHO, #AOKIEUDAOPHO, #AOSOMIHANQUOC, #AOKIEUHANQUOC, #AOSOMITAYLO
#aosomi #sominu #somicovien #somidep #somihot #somicov #somitrang
');
            
            INSERT INTO product_images (product_id, name, path) 
            VALUES (5717409784, 'SP_5717409784_1.jpg', 'images/products/4/SP_5717409784_1.jpg');
            
            INSERT INTO product_images (product_id, name, path) 
            VALUES (5717409784, 'SP_5717409784_2.jpg', 'images/products/4/SP_5717409784_2.jpg');
            
            INSERT INTO product_images (product_id, name, path) 
            VALUES (5717409784, 'SP_5717409784_3.jpg', 'images/products/4/SP_5717409784_3.jpg');
            
            INSERT INTO product_images (product_id, name, path) 
            VALUES (5717409784, 'SP_5717409784_4.jpg', 'images/products/4/SP_5717409784_4.jpg');
            
            INSERT INTO product_images (product_id, name, path) 
            VALUES (5717409784, 'SP_5717409784_5.jpg', 'images/products/4/SP_5717409784_5.jpg');
            
            INSERT INTO product_images (product_id, name, path) 
            VALUES (5717409784, 'SP_5717409784_6.jpg', 'images/products/4/SP_5717409784_6.jpg');
            
            INSERT INTO product_images (product_id, name, path) 
            VALUES (5717409784, 'SP_5717409784_7.jpg', 'images/products/4/SP_5717409784_7.jpg');
            
            INSERT INTO product_images (product_id, name, path) 
            VALUES (5717409784, 'SP_5717409784_8.jpg', 'images/products/4/SP_5717409784_8.jpg');
            
            INSERT INTO product_images (product_id, name, path) 
            VALUES (5717409784, 'SP_5717409784_9.jpg', 'images/products/4/SP_5717409784_9.jpg');
            
            INSERT INTO product_details (id, product_id, size, color, unique_search_id, quantity)
            VALUES (13672723388, 5717409784, 'L 45-55KG', 'VÀNG 3099', '  -03455599aggklnv', 100);
            
            INSERT INTO product_details (id, product_id, size, color, unique_search_id, quantity)
            VALUES (13672723389, 5717409784, 'XL 56-63KG', 'VÀNG 3099', '  -03356699aggklnvx', 100);
            
            INSERT INTO product_details (id, product_id, size, color, unique_search_id, quantity)
            VALUES (13672723390, 5717409784, 'L 45-55KG', 'TRẮNG KEM 3099', '   -03455599aeggkklmnrt', 100);
            
            INSERT INTO product_details (id, product_id, size, color, unique_search_id, quantity)
            VALUES (13672723391, 5717409784, 'XL 56-63KG', 'TRẮNG KEM 3099', '   -03356699aeggkklmnrtx', 100);
            
            INSERT INTO product_details (id, product_id, size, color, unique_search_id, quantity)
            VALUES (13672723392, 5717409784, 'L 45-55KG', 'ĐEN -3099', '  --03455599degkln', 99);
            
            INSERT INTO product_details (id, product_id, size, color, unique_search_id, quantity)
            VALUES (13672723393, 5717409784, 'XL 56-63KG', 'ĐEN -3099', '  --03356699degklnx', 99);
            
            INSERT INTO product_details (id, product_id, size, color, unique_search_id, quantity)
            VALUES (44818445016, 5717409784, 'L 45-55KG', 'VÀNG - TAY LẬT 3084', '     --03445558aaaggkllnttvy', 100);
            
            INSERT INTO product_details (id, product_id, size, color, unique_search_id, quantity)
            VALUES (44818445017, 5717409784, 'L 45-55KG', 'HỒNG - TAY LẬT 3084', '     --03445558aagghkllnotty', 98);
            
            INSERT INTO product_details (id, product_id, size, color, unique_search_id, quantity)
            VALUES (44818445018, 5717409784, 'XL 56-63KG', 'HỒNG - TAY LẬT 3084', '     --03345668aagghkllnottxy', 98);
            
            INSERT INTO product_details (id, product_id, size, color, unique_search_id, quantity)
            VALUES (44818445019, 5717409784, 'L 45-55KG', 'ĐỎ - TAY LẬT 3084', '     --03445558aadgkllotty', 100);
            
            INSERT INTO product_details (id, product_id, size, color, unique_search_id, quantity)
            VALUES (44818445020, 5717409784, 'XL 56-63KG', 'ĐỎ - TAY LẬT 3084', '     --03345668aadgkllottxy', 100);
            
            INSERT INTO product_details (id, product_id, size, color, unique_search_id, quantity)
            VALUES (44818445021, 5717409784, 'XL 56-63KG', 'VÀNG - TAY LẬT 3084', '     --03345668aaaggkllnttvxy', 100);
            
            INSERT INTO product_details (id, product_id, size, color, unique_search_id, quantity)
            VALUES (54818444927, 5717409784, 'L 45-55KG', 'TRẮNG KEM -T LẬT3084', '    --03445558aaeggkkllmnrttt', 97);
            
            INSERT INTO product_details (id, product_id, size, color, unique_search_id, quantity)
            VALUES (54818444928, 5717409784, 'XL 56-63KG', 'TRẮNG KEM -T LẬT3084', '    --03345668aaeggkkllmnrtttx', 100);
            
            INSERT INTO products (id, sku, name, slug, category_id, unit_price, sale_price, preview_image_name, preview_image_path, views, description)
            VALUES (5831330772, 'SP04003', 'Áo sơ mi nữ cộc tay màu Xanh nhạt chất đẹp. mặc mát, ít nhăn công sở', 'ao-so-mi-nu-coc-tay-mau-xanh-nhat-chat-dep-mac-mat,-it-nhan-cong-so', 4, 85000, 150000, 'SP_5831330772_0.jpg', 'images/products/4/SP_5831330772_0.jpg', 1423, 'Áo sơ mi nữ tay dài cao câp vải lụa mềm mịn mặc mXanh nhạt -Ảnh thật
Áo sơ mi nữ tay dài cao câp vải lụa mềm mịn mặc mát Xanh nhạt -Ảnh thật




- Sản phẩm được chú trọng vào chất liệu và chất lượng từng chi tiết nhằm đem đến sự hài lòng tối đa cho quý khách hàng.

- Chất mịn, dày dặn , không nhăn, đưa tay vào khách cũng ko nhìn thấy bên trong nha.
📌 Màu sắc: Trắng và Xanh 
📌 Đủ size S, M, L, XL phù hợp với người từ 43-60kg (tùy số đo v1)
- Size S ( 38- 45kg)
- Size M ( 45-51 kg) 
- Size L ( 51- 56kg)
- Size XL ( 56- 60kg)

💎 Hướng dẫn giặt ủi (là):
 - Nên giặt sản phẩm trước khi sử dụng. 
- Tốt nhất nên giặt tay và không nên chà mạnh bằng bàn chải có sợi cứng. 
- Nếu giặt máy, nên chọn chế độ giặt nhẹ và sản phẩm có chất vải phù hợp để bảo quản được lâu. 
- Không nên sử dụng chất giặt tẩy. 
- Không nên ngâm chung với trang phục ra bị màu. 
- Tránh phơi với ánh nắng trực tiếp. 
- Ủi (là) sản phẩm nếu cần và cài đặt nhiệt độ bàn ủi (là) phù hợp với từng loại vải.


');
            
            INSERT INTO product_images (product_id, name, path) 
            VALUES (5831330772, 'SP_5831330772_1.jpg', 'images/products/4/SP_5831330772_1.jpg');
            
            INSERT INTO product_images (product_id, name, path) 
            VALUES (5831330772, 'SP_5831330772_2.jpg', 'images/products/4/SP_5831330772_2.jpg');
            
            INSERT INTO product_images (product_id, name, path) 
            VALUES (5831330772, 'SP_5831330772_3.jpg', 'images/products/4/SP_5831330772_3.jpg');
            
            INSERT INTO product_images (product_id, name, path) 
            VALUES (5831330772, 'SP_5831330772_4.jpg', 'images/products/4/SP_5831330772_4.jpg');
            
            INSERT INTO product_images (product_id, name, path) 
            VALUES (5831330772, 'SP_5831330772_5.jpg', 'images/products/4/SP_5831330772_5.jpg');
            
            INSERT INTO product_images (product_id, name, path) 
            VALUES (5831330772, 'SP_5831330772_6.jpg', 'images/products/4/SP_5831330772_6.jpg');
            
            INSERT INTO product_images (product_id, name, path) 
            VALUES (5831330772, 'SP_5831330772_7.jpg', 'images/products/4/SP_5831330772_7.jpg');
            
            INSERT INTO product_details (id, product_id, size, color, unique_search_id, quantity)
            VALUES (16676302022, 5831330772, 'S', 'Trắng', 'agnrst', 85);
            
            INSERT INTO product_details (id, product_id, size, color, unique_search_id, quantity)
            VALUES (16676302023, 5831330772, 'M', 'Trắng', 'agmnrt', 69);
            
            INSERT INTO product_details (id, product_id, size, color, unique_search_id, quantity)
            VALUES (16676302024, 5831330772, 'L', 'Trắng', 'aglnrt', 82);
            
            INSERT INTO product_details (id, product_id, size, color, unique_search_id, quantity)
            VALUES (16676302025, 5831330772, 'S', 'Xanh nhạt', ' aahhnnstx', 75);
            
            INSERT INTO product_details (id, product_id, size, color, unique_search_id, quantity)
            VALUES (16676302026, 5831330772, 'M', 'Xanh nhạt', ' aahhmnntx', 59);
            
            INSERT INTO product_details (id, product_id, size, color, unique_search_id, quantity)
            VALUES (16676302027, 5831330772, 'L', 'Xanh nhạt', ' aahhlnntx', 70);
            
            INSERT INTO product_details (id, product_id, size, color, unique_search_id, quantity)
            VALUES (40066465633, 5831330772, 'XL', 'Trắng', 'aglnrtx', 92);
            
            INSERT INTO product_details (id, product_id, size, color, unique_search_id, quantity)
            VALUES (40066465634, 5831330772, 'XL', 'Xanh nhạt', ' aahhlnntxx', 37);
            
            INSERT INTO product_details (id, product_id, size, color, unique_search_id, quantity)
            VALUES (40066465635, 5831330772, 'XL', 'Hồng', 'ghlnox', 95);
            
            INSERT INTO product_details (id, product_id, size, color, unique_search_id, quantity)
            VALUES (40066465636, 5831330772, 'L', 'Đen', 'deln', 95);
            
            INSERT INTO product_details (id, product_id, size, color, unique_search_id, quantity)
            VALUES (40066465637, 5831330772, 'S', 'Hồng', 'ghnos', 91);
            
            INSERT INTO product_details (id, product_id, size, color, unique_search_id, quantity)
            VALUES (40066465638, 5831330772, 'L', 'Hồng', 'ghlno', 44);
            
            INSERT INTO product_details (id, product_id, size, color, unique_search_id, quantity)
            VALUES (40066465639, 5831330772, 'XL', 'Đen', 'delnx', 97);
            
            INSERT INTO product_details (id, product_id, size, color, unique_search_id, quantity)
            VALUES (40066465640, 5831330772, 'M', 'Hồng', 'ghmno', 90);
            
            INSERT INTO product_details (id, product_id, size, color, unique_search_id, quantity)
            VALUES (40066465641, 5831330772, 'S', 'Đen', 'dens', 94);
            
            INSERT INTO product_details (id, product_id, size, color, unique_search_id, quantity)
            VALUES (40066465642, 5831330772, 'M', 'Đen', 'demn', 96);
            
            INSERT INTO products (id, sku, name, slug, category_id, unit_price, sale_price, preview_image_name, preview_image_path, views, description)
            VALUES (5631345021, 'SP04004', 'Áo Sơ mi nam cao cấp Slimfit dáng đẹp, Áo sơmi nam tay dài trơn màu XÁM', 'ao-so-mi-nam-cao-cap-slimfit-dang-dep,-ao-somi-nam-tay-dai-tron-mau-xam', 4, 78000, 150000, 'SP_5631345021_0.jpg', 'images/products/4/SP_5631345021_0.jpg', 20, 'Áo sơ mi nam tay dài body chất cotton lụa ít nhăn nhăn, mềm mịn màu Trắng
Áo sơ mi nam tay dài body chất cotton lụa ít nhăn nhăn, mềm mịn màu Trắng

📣  CHÍNH SÁCH:
👉FREESHIP hoặc hỗ trợ 40K cho đơn hàng từ 50K 
👉 Cam kết chất lượng và mẫu mã sản phẩm giống với hình ảnh.
👉 Hoàn tiền nếu sản phẩm không giống với mô tả.
👉 Cam kết được đổi trả hàng trong vòng 2 ngày.

ÁO sơ mi nam (sơ mi nam) được thiết kế với form dáng trẻ trung với form áo ôm, rất chuẩn như hình.
Chúng tôi hiện nay cung cấp áo sơ mi nam với giá bán lẻ tốt nhất trên thị trường.
--Giá cạnh tranh nhất do chính nhà máy sản xuất với số lượng lớn.
--Chúng tôi không nói sản phẩm của mình có chất lượng cao nhưng phải khẳng định chất lượng sản phẩm vượt trội so với giá tiền. 
--Uy tín bán hàng được đặt lên hàng đầu, không kinh doanh chộp giật.
--Vì sản phẩm được sản xuất với số lượng lớn để có giá cạnh tranh nên không thể tránh được sai sót. Nếu quý khách hàng không hài lòng chúng tôi sẵn sàng hỗ trợ đổi trả.
--Rất mong nhận được ý kiến đóng góp của Quý khách hàng để chúng tôi cải thiện chất lượng dịch vụ tốt hơn.

🔰  THÔNG TIN SẢN PHẨM
👉100% chất cotton lụa, thấm hút mồ hôi 
👉 Đường may tinh tế, tỉ mỉ trong từng chi tiết
👉 Thiết kế đơn giản, dễ mặc, dễ phối đồ
👉 Form body Hàn Quốc mang lại phong cách trẻ trung, lịch lãm
👉Chất lượng sản phẩm tốt, giá cả hợp lý

👉SIZE M: Cân nặng 48-52kg, Cao 1m50 - 1m65
👉SIZE L: Can nặng 52- 60kg, Cao 1m60 - 1m7
👉SIZE XL: cân nặng 58 - 65kg, Cao 1m65 - 1m75
👉SIZE XXL: Cân nặng 65 -72kg Cao 1m65. - 1m80
👉SIZE 3XL: Cân nặng 70 -76kg Cao 1m65. - 1m80

#thoitrangnam #thoitrangnam #aococ #aophongnam #aongantaynam #aonam #aothethaonam #sominam #aosominam #aosomitrang #sominamdaitay #aosomi #khac #somitrang #sominam #aosomidaitay #aosomi #aosominam #aonamcongso #sominam #somitron #sominamngantay');
            
            INSERT INTO product_images (product_id, name, path) 
            VALUES (5631345021, 'SP_5631345021_1.jpg', 'images/products/4/SP_5631345021_1.jpg');
            
            INSERT INTO product_images (product_id, name, path) 
            VALUES (5631345021, 'SP_5631345021_2.jpg', 'images/products/4/SP_5631345021_2.jpg');
            
            INSERT INTO product_images (product_id, name, path) 
            VALUES (5631345021, 'SP_5631345021_3.jpg', 'images/products/4/SP_5631345021_3.jpg');
            
            INSERT INTO product_images (product_id, name, path) 
            VALUES (5631345021, 'SP_5631345021_4.jpg', 'images/products/4/SP_5631345021_4.jpg');
            
            INSERT INTO product_images (product_id, name, path) 
            VALUES (5631345021, 'SP_5631345021_5.jpg', 'images/products/4/SP_5631345021_5.jpg');
            
            INSERT INTO product_images (product_id, name, path) 
            VALUES (5631345021, 'SP_5631345021_6.jpg', 'images/products/4/SP_5631345021_6.jpg');
            
            INSERT INTO product_images (product_id, name, path) 
            VALUES (5631345021, 'SP_5631345021_7.jpg', 'images/products/4/SP_5631345021_7.jpg');
            
            INSERT INTO product_images (product_id, name, path) 
            VALUES (5631345021, 'SP_5631345021_8.jpg', 'images/products/4/SP_5631345021_8.jpg');
            
            INSERT INTO product_details (id, product_id, size, color, unique_search_id, quantity)
            VALUES (16682716482, 5631345021, 'M', 'Đen', 'demn', 100);
            
            INSERT INTO product_details (id, product_id, size, color, unique_search_id, quantity)
            VALUES (16682716483, 5631345021, 'L', 'Đen', 'deln', 100);
            
            INSERT INTO product_details (id, product_id, size, color, unique_search_id, quantity)
            VALUES (16682716484, 5631345021, 'XL', 'Đen', 'delnx', 100);
            
            INSERT INTO product_details (id, product_id, size, color, unique_search_id, quantity)
            VALUES (16682716485, 5631345021, 'XXL', 'Đen', 'delnxx', 100);
            
            INSERT INTO product_details (id, product_id, size, color, unique_search_id, quantity)
            VALUES (16682716486, 5631345021, '3XL', 'Đen', '3delnx', 100);
            
            INSERT INTO product_details (id, product_id, size, color, unique_search_id, quantity)
            VALUES (16682716487, 5631345021, 'M', 'Tím', 'immt', 100);
            
            INSERT INTO product_details (id, product_id, size, color, unique_search_id, quantity)
            VALUES (16682716488, 5631345021, 'L', 'Tím', 'ilmt', 100);
            
            INSERT INTO product_details (id, product_id, size, color, unique_search_id, quantity)
            VALUES (16682716489, 5631345021, 'XL', 'Tím', 'ilmtx', 100);
            
            INSERT INTO product_details (id, product_id, size, color, unique_search_id, quantity)
            VALUES (16682716490, 5631345021, 'XXL', 'Tím', 'ilmtxx', 100);
            
            INSERT INTO product_details (id, product_id, size, color, unique_search_id, quantity)
            VALUES (16682716491, 5631345021, '3XL', 'Tím', '3ilmtx', 100);
            
            INSERT INTO product_details (id, product_id, size, color, unique_search_id, quantity)
            VALUES (16682716492, 5631345021, 'M', 'Đỏ', 'dmo', 100);
            
            INSERT INTO product_details (id, product_id, size, color, unique_search_id, quantity)
            VALUES (16682716493, 5631345021, 'L', 'Đỏ', 'dlo', 100);
            
            INSERT INTO product_details (id, product_id, size, color, unique_search_id, quantity)
            VALUES (16682716494, 5631345021, 'XL', 'Đỏ', 'dlox', 100);
            
            INSERT INTO product_details (id, product_id, size, color, unique_search_id, quantity)
            VALUES (16682716495, 5631345021, 'XXL', 'Đỏ', 'dloxx', 100);
            
            INSERT INTO product_details (id, product_id, size, color, unique_search_id, quantity)
            VALUES (16682716496, 5631345021, '3XL', 'Đỏ', '3dlox', 100);
            
            INSERT INTO product_details (id, product_id, size, color, unique_search_id, quantity)
            VALUES (16682716497, 5631345021, 'M', 'Xám', 'ammx', 100);
            
            INSERT INTO product_details (id, product_id, size, color, unique_search_id, quantity)
            VALUES (16682716498, 5631345021, 'L', 'Xám', 'almx', 100);
            
            INSERT INTO product_details (id, product_id, size, color, unique_search_id, quantity)
            VALUES (16682716499, 5631345021, 'XL', 'Xám', 'almxx', 100);
            
            INSERT INTO product_details (id, product_id, size, color, unique_search_id, quantity)
            VALUES (16682716500, 5631345021, 'XXL', 'Xám', 'almxxx', 100);
            
            INSERT INTO product_details (id, product_id, size, color, unique_search_id, quantity)
            VALUES (16682716501, 5631345021, '3XL', 'Xám', '3almxx', 100);
            
            INSERT INTO product_details (id, product_id, size, color, unique_search_id, quantity)
            VALUES (16682716502, 5631345021, 'M', 'Xanh nhạt', ' aahhmnntx', 100);
            
            INSERT INTO product_details (id, product_id, size, color, unique_search_id, quantity)
            VALUES (16682716503, 5631345021, 'L', 'Xanh nhạt', ' aahhlnntx', 99);
            
            INSERT INTO product_details (id, product_id, size, color, unique_search_id, quantity)
            VALUES (16682716504, 5631345021, 'XL', 'Xanh nhạt', ' aahhlnntxx', 99);
            
            INSERT INTO product_details (id, product_id, size, color, unique_search_id, quantity)
            VALUES (16682716505, 5631345021, 'XXL', 'Xanh nhạt', ' aahhlnntxxx', 100);
            
            INSERT INTO product_details (id, product_id, size, color, unique_search_id, quantity)
            VALUES (16682716507, 5631345021, '3XL', 'Xanh nhạt', ' 3aahhlnntxx', 100);
            
            INSERT INTO product_details (id, product_id, size, color, unique_search_id, quantity)
            VALUES (16682716508, 5631345021, 'M', 'Xanh than', ' aahhmnntx', 100);
            
            INSERT INTO product_details (id, product_id, size, color, unique_search_id, quantity)
            VALUES (16682716509, 5631345021, 'L', 'Xanh than', ' aahhlnntx', 100);
            
            INSERT INTO product_details (id, product_id, size, color, unique_search_id, quantity)
            VALUES (16682716510, 5631345021, 'XL', 'Xanh than', ' aahhlnntxx', 99);
            
            INSERT INTO product_details (id, product_id, size, color, unique_search_id, quantity)
            VALUES (16682716511, 5631345021, 'XXL', 'Xanh than', ' aahhlnntxxx', 100);
            
            INSERT INTO product_details (id, product_id, size, color, unique_search_id, quantity)
            VALUES (16682716512, 5631345021, '3XL', 'Xanh than', ' 3aahhlnntxx', 100);
            
            INSERT INTO product_details (id, product_id, size, color, unique_search_id, quantity)
            VALUES (16682716513, 5631345021, 'M', 'Xanh coban', ' aabchmnnox', 100);
            
            INSERT INTO product_details (id, product_id, size, color, unique_search_id, quantity)
            VALUES (16682716514, 5631345021, 'L', 'Xanh coban', ' aabchlnnox', 100);
            
            INSERT INTO product_details (id, product_id, size, color, unique_search_id, quantity)
            VALUES (16682716515, 5631345021, 'XL', 'Xanh coban', ' aabchlnnoxx', 100);
            
            INSERT INTO product_details (id, product_id, size, color, unique_search_id, quantity)
            VALUES (16682716516, 5631345021, 'XXL', 'Xanh coban', ' aabchlnnoxxx', 100);
            
            INSERT INTO product_details (id, product_id, size, color, unique_search_id, quantity)
            VALUES (16682716517, 5631345021, '3XL', 'Xanh coban', ' 3aabchlnnoxx', 100);
            
            INSERT INTO product_details (id, product_id, size, color, unique_search_id, quantity)
            VALUES (16682716518, 5631345021, 'M', 'Trắng', 'agmnrt', 100);
            
            INSERT INTO product_details (id, product_id, size, color, unique_search_id, quantity)
            VALUES (16682716519, 5631345021, 'L', 'Trắng', 'aglnrt', 99);
            
            INSERT INTO product_details (id, product_id, size, color, unique_search_id, quantity)
            VALUES (16682716520, 5631345021, 'XL', 'Trắng', 'aglnrtx', 100);
            
            INSERT INTO product_details (id, product_id, size, color, unique_search_id, quantity)
            VALUES (16682716521, 5631345021, 'XXL', 'Trắng', 'aglnrtxx', 100);
            
            INSERT INTO product_details (id, product_id, size, color, unique_search_id, quantity)
            VALUES (16682716522, 5631345021, '3XL', 'Trắng', '3aglnrtx', 100);
            
            INSERT INTO products (id, sku, name, slug, category_id, unit_price, sale_price, preview_image_name, preview_image_path, views, description)
            VALUES (4431630396, 'SP04005', 'Áo sơ mi nam dài tay kẻ sọc đen trơn dáng Slìmit -Kèm ảnh thật-', 'ao-so-mi-nam-dai-tay-ke-soc-den-tron-dang-slimit-kem-anh-that-', 4, 129000, 180000, 'SP_4431630396_0.jpg', 'images/products/4/SP_4431630396_0.jpg', 34, 'Áo sơ mi nam dài tay kẻ sọc trắng đen trơn dáng Slìmit
Áo sơ mi nam dài tay kẻ sọc trắng đen trơn dáng Slìmit
- FREESHIP cho đơn hàng từ 50K - Toàn quốc

✅ Dooce99 chuyên cung cấp quần áo, phụ kiện thời trang nữ. 
✅ Cam kết giá tốt nhất thị trường, chất lượng đảm bảo. 
✅ Uy tín được đảm bảo qua hàng vạn đơn hàng trên khắp cả nước
✅ Đổi trả trong vòng 3 ngày nếu hàng lỗi, sai mẫu cho quý khách.
==> Shop xin phép giới thiệu đến các bạn mẫu sản phẩm mới: Áo sơ mi nam dài tay kẻ sọc trắng đen trơn dáng Slìmit
 . 
📌 Chi tiết sản phẩm:
- Áo sơ mi nam với họa tiết kẻ sọc không bao giờ lỗi , thiết kế đơn giản, dễ phối đồ
- Sản phẩm được chú trọng vào chất liệu và chất lượng từng chi tiết nhằm đem đến sự hài lòng tối đa cho quý khách hàng.
- Áo áng slimfit dễ mặc, đi học, đi làm, đi chơi hoàn cảnh nào em ý cũng có thể biến tấu 1 cách chuẩn soái ca cho các chàng những set đồ tự tin lắm nha
- Chất mịn, dày dặn , không nhăn, đưa tay vào khách cũng ko nhìn thấy bên trong nha.
📌 Màu sắc: Trắng và Đen
📌 Đủ size M, L, XL , XXL tất cả tùy chiều cao nha
- Size M ( 38- 52kg)
- Size M ( 52-60 kg) 
- Size L ( 58- 65kg)
- Size XL ( 65- 72kg)

💎 Hướng dẫn giặt ủi (là):
 - Nên giặt sản phẩm trước khi sử dụng. 
- Tốt nhất nên giặt tay và không nên chà mạnh bằng bàn chải có sợi cứng. 
- Nếu giặt máy, nên chọn chế độ giặt nhẹ và sản phẩm có chất vải phù hợp để bảo quản được lâu. 
- Không nên sử dụng chất giặt tẩy. 
- Không nên ngâm chung với trang phục ra bị màu. 
- Tránh phơi với ánh nắng trực tiếp. 
- Ủi (là) sản phẩm nếu cần và cài đặt nhiệt độ bàn ủi (là) phù hợp với từng loại vải.


📌 Ấn Like và theo dõi để ủng hộ shop và tham khảo các sản phẩm mới của shop, Dooce99 rất hân hạnh được phục vụ quý khách.');
            
            INSERT INTO product_images (product_id, name, path) 
            VALUES (4431630396, 'SP_4431630396_1.jpg', 'images/products/4/SP_4431630396_1.jpg');
            
            INSERT INTO product_images (product_id, name, path) 
            VALUES (4431630396, 'SP_4431630396_2.jpg', 'images/products/4/SP_4431630396_2.jpg');
            
            INSERT INTO product_images (product_id, name, path) 
            VALUES (4431630396, 'SP_4431630396_3.jpg', 'images/products/4/SP_4431630396_3.jpg');
            
            INSERT INTO product_images (product_id, name, path) 
            VALUES (4431630396, 'SP_4431630396_4.jpg', 'images/products/4/SP_4431630396_4.jpg');
            
            INSERT INTO product_images (product_id, name, path) 
            VALUES (4431630396, 'SP_4431630396_5.jpg', 'images/products/4/SP_4431630396_5.jpg');
            
            INSERT INTO product_images (product_id, name, path) 
            VALUES (4431630396, 'SP_4431630396_6.jpg', 'images/products/4/SP_4431630396_6.jpg');
            
            INSERT INTO product_images (product_id, name, path) 
            VALUES (4431630396, 'SP_4431630396_7.jpg', 'images/products/4/SP_4431630396_7.jpg');
            
            INSERT INTO product_images (product_id, name, path) 
            VALUES (4431630396, 'SP_4431630396_8.jpg', 'images/products/4/SP_4431630396_8.jpg');
            
            INSERT INTO product_details (id, product_id, size, color, unique_search_id, quantity)
            VALUES (16804586937, 4431630396, 'M', 'Đen', 'demn', 7);
            
            INSERT INTO product_details (id, product_id, size, color, unique_search_id, quantity)
            VALUES (16804586938, 4431630396, 'L', 'Đen', 'deln', 9);
            
            INSERT INTO product_details (id, product_id, size, color, unique_search_id, quantity)
            VALUES (16804586939, 4431630396, 'XL', 'Đen', 'delnx', 9);
            
            INSERT INTO product_details (id, product_id, size, color, unique_search_id, quantity)
            VALUES (16804586940, 4431630396, 'XXL', 'Đen', 'delnxx', 9);
            
            INSERT INTO product_details (id, product_id, size, color, unique_search_id, quantity)
            VALUES (16804586941, 4431630396, 'M', 'Trắng', 'agmnrt', 10);
            
            INSERT INTO product_details (id, product_id, size, color, unique_search_id, quantity)
            VALUES (16804586942, 4431630396, 'L', 'Trắng', 'aglnrt', 9);
            
            INSERT INTO product_details (id, product_id, size, color, unique_search_id, quantity)
            VALUES (16804586943, 4431630396, 'XL', 'Trắng', 'aglnrtx', 10);
            
            INSERT INTO product_details (id, product_id, size, color, unique_search_id, quantity)
            VALUES (16804586944, 4431630396, 'XXL', 'Trắng', 'aglnrtxx', 10);
            
            INSERT INTO products (id, sku, name, slug, category_id, unit_price, sale_price, preview_image_name, preview_image_path, views, description)
            VALUES (7631047179, 'SP04006', 'Áo sơ mi nữ tay dài công sở bassic chất cotton ít nhăn, mặc mát màu Đen', 'ao-so-mi-nu-tay-dai-cong-so-bassic-chat-cotton-it-nhan,-mac-mat-mau-den', 4, 85000, 160000, 'SP_7631047179_0.jpg', 'images/products/4/SP_7631047179_0.jpg', 258, 'Áo sơ mi nữ tay dài công sở chất cotton ít nhăn, mặc mát màu Trắng
Áo sơ mi nữ tay dài công sở chất cotton ít nhăn, mặc mát màu Trắng

- FREESHIP cho đơn hàng từ 50K - Toàn quốc

✅ Dooce99 chuyên cung cấp quần áo, phụ kiện thời trang nữ. 
✅ Cam kết giá tốt nhất thị trường, chất lượng đảm bảo. 
✅ Uy tín được đảm bảo qua hàng vạn đơn hàng trên khắp cả nước
✅ Đổi trả trong vòng 3 ngày nếu hàng lỗi, sai mẫu cho quý khách.
==> Shop xin phép giới thiệu đến các bạn mẫu sản phẩm mới:  Áo Sơ Mi Nữ, Áo Sơ Mi Dài Tay Công Sở, Dáng Suông, Chất Vải Cao Cấp, Hàng Xuất Khẩu . 
📌 Chi tiết sản phẩm:
- Áo sơ mi nữ trắng dài tay thuộc dòng áo sơ mi nữ basic được thiết kế dựa trên form dáng người Việt. 
- Sản phẩm được chú trọng vào chất liệu và chất lượng từng chi tiết nhằm đem đến sự hài lòng tối đa cho quý khách hàng.
- Áo basic dễ mặc, đi học, đi làm, đi chơi hoàn cảnh nào em ý cũng có thể biến tấu 1 cách xinh đẹp cho các nàng những set đồ tự tin lắm nha
- Chất mịn, dày dặn , không nhăn, đưa tay vào khách cũng ko nhìn thấy bên trong nha.
📌 Màu sắc: Trắng và Xanh 
📌 Đủ size S, M, L, XL phù hợp với người từ 43-60kg (tùy số đo v1)
- Size S ( 38- 45kg)
- Size M ( 45-51 kg) 
- Size L ( 51- 56kg)
- Size XL ( 56- 60kg)

💎 Hướng dẫn giặt ủi (là):
 - Nên giặt sản phẩm trước khi sử dụng. 
- Tốt nhất nên giặt tay và không nên chà mạnh bằng bàn chải có sợi cứng. 
- Nếu giặt máy, nên chọn chế độ giặt nhẹ và sản phẩm có chất vải phù hợp để bảo quản được lâu. 
- Không nên sử dụng chất giặt tẩy. 
- Không nên ngâm chung với trang phục ra bị màu. 
- Tránh phơi với ánh nắng trực tiếp. 
- Ủi (là) sản phẩm nếu cần và cài đặt nhiệt độ bàn ủi (là) phù hợp với từng loại vải.


📌 Ấn Like và theo dõi để ủng hộ shop và tham khảo các sản phẩm mới của shop, Dooce99 rất hân hạnh được phục vụ quý khách.
#Dooce99 
 #áo_sơ_mi #áo_sơ_mi_nữ #áo_sơ_mi_trắng #áo_sơ_mi_trắng_nữ #áo_sơ_mi_nữ_đẹp #sơ_mi_trắng #áo_sơ_mi_đẹp #áo_sơ_mi_nữ_công_sở #áo_sơ_mi_nữ_cao_cấp #áo_sơ_mi_nữ_trắng #ao_so_mi #sơ_mi_nữ #sơ_mi #ao_so_mi_nu #áo_sơ_mi_công_sở #áo_sơ_mi_nữ_hàn_quốc #sơ_mi_công_sở');
            
            INSERT INTO product_images (product_id, name, path) 
            VALUES (7631047179, 'SP_7631047179_1.jpg', 'images/products/4/SP_7631047179_1.jpg');
            
            INSERT INTO product_images (product_id, name, path) 
            VALUES (7631047179, 'SP_7631047179_2.jpg', 'images/products/4/SP_7631047179_2.jpg');
            
            INSERT INTO product_images (product_id, name, path) 
            VALUES (7631047179, 'SP_7631047179_3.jpg', 'images/products/4/SP_7631047179_3.jpg');
            
            INSERT INTO product_images (product_id, name, path) 
            VALUES (7631047179, 'SP_7631047179_4.jpg', 'images/products/4/SP_7631047179_4.jpg');
            
            INSERT INTO product_images (product_id, name, path) 
            VALUES (7631047179, 'SP_7631047179_5.jpg', 'images/products/4/SP_7631047179_5.jpg');
            
            INSERT INTO product_images (product_id, name, path) 
            VALUES (7631047179, 'SP_7631047179_6.jpg', 'images/products/4/SP_7631047179_6.jpg');
            
            INSERT INTO product_images (product_id, name, path) 
            VALUES (7631047179, 'SP_7631047179_7.jpg', 'images/products/4/SP_7631047179_7.jpg');
            
            INSERT INTO product_images (product_id, name, path) 
            VALUES (7631047179, 'SP_7631047179_8.jpg', 'images/products/4/SP_7631047179_8.jpg');
            
            INSERT INTO product_images (product_id, name, path) 
            VALUES (7631047179, 'SP_7631047179_9.jpg', 'images/products/4/SP_7631047179_9.jpg');
            
            INSERT INTO product_details (id, product_id, size, color, unique_search_id, quantity)
            VALUES (16628369097, 7631047179, 'S', 'Đen', 'dens', 90);
            
            INSERT INTO product_details (id, product_id, size, color, unique_search_id, quantity)
            VALUES (16628369099, 7631047179, 'M', 'Đen', 'demn', 90);
            
            INSERT INTO product_details (id, product_id, size, color, unique_search_id, quantity)
            VALUES (16628369100, 7631047179, 'L', 'Đen', 'deln', 88);
            
            INSERT INTO product_details (id, product_id, size, color, unique_search_id, quantity)
            VALUES (16628369102, 7631047179, 'XL', 'Đen', 'delnx', 93);
            
            INSERT INTO product_details (id, product_id, size, color, unique_search_id, quantity)
            VALUES (16628369104, 7631047179, 'S', 'Xanh nhạt', ' aahhnnstx', 100);
            
            INSERT INTO product_details (id, product_id, size, color, unique_search_id, quantity)
            VALUES (16628369106, 7631047179, 'M', 'Xanh nhạt', ' aahhmnntx', 100);
            
            INSERT INTO product_details (id, product_id, size, color, unique_search_id, quantity)
            VALUES (16628369108, 7631047179, 'L', 'Xanh nhạt', ' aahhlnntx', 100);
            
            INSERT INTO product_details (id, product_id, size, color, unique_search_id, quantity)
            VALUES (16628369110, 7631047179, 'XL', 'Xanh nhạt', ' aahhlnntxx', 100);
            
            INSERT INTO product_details (id, product_id, size, color, unique_search_id, quantity)
            VALUES (16628369111, 7631047179, 'S', 'Hồng', 'ghnos', 100);
            
            INSERT INTO product_details (id, product_id, size, color, unique_search_id, quantity)
            VALUES (16628369112, 7631047179, 'M', 'Hồng', 'ghmno', 100);
            
            INSERT INTO product_details (id, product_id, size, color, unique_search_id, quantity)
            VALUES (16628369113, 7631047179, 'L', 'Hồng', 'ghlno', 100);
            
            INSERT INTO product_details (id, product_id, size, color, unique_search_id, quantity)
            VALUES (16628369114, 7631047179, 'XL', 'Hồng', 'ghlnox', 100);
            
            INSERT INTO product_details (id, product_id, size, color, unique_search_id, quantity)
            VALUES (16628369115, 7631047179, 'S', 'Trắng', 'agnrst', 100);
            
            INSERT INTO product_details (id, product_id, size, color, unique_search_id, quantity)
            VALUES (16628369116, 7631047179, 'M', 'Trắng', 'agmnrt', 100);
            
            INSERT INTO product_details (id, product_id, size, color, unique_search_id, quantity)
            VALUES (16628369117, 7631047179, 'L', 'Trắng', 'aglnrt', 99);
            
            INSERT INTO product_details (id, product_id, size, color, unique_search_id, quantity)
            VALUES (16628369118, 7631047179, 'XL', 'Trắng', 'aglnrtx', 99);
            
            INSERT INTO products (id, sku, name, slug, category_id, unit_price, sale_price, preview_image_name, preview_image_path, views, description)
            VALUES (4431059550, 'SP04007', 'Áo sơ mi nữ tay dài công sở bassic chất cotton ít nhăn, mặc mát màu Hồng', 'ao-so-mi-nu-tay-dai-cong-so-bassic-chat-cotton-it-nhan,-mac-mat-mau-hong', 4, 85000, 160000, 'SP_4431059550_0.jpg', 'images/products/4/SP_4431059550_0.jpg', 5, 'Áo sơ mi nữ tay dài công sở chất cotton ít nhăn, mặc mát màu Trắng
Áo sơ mi nữ tay dài công sở chất cotton ít nhăn, mặc mát màu Trắng

- FREESHIP cho đơn hàng từ 50K - Toàn quốc

✅ Dooce99 chuyên cung cấp quần áo, phụ kiện thời trang nữ. 
✅ Cam kết giá tốt nhất thị trường, chất lượng đảm bảo. 
✅ Uy tín được đảm bảo qua hàng vạn đơn hàng trên khắp cả nước
✅ Đổi trả trong vòng 3 ngày nếu hàng lỗi, sai mẫu cho quý khách.
==> Shop xin phép giới thiệu đến các bạn mẫu sản phẩm mới:  Áo Sơ Mi Nữ, Áo Sơ Mi Dài Tay Công Sở, Dáng Suông, Chất Vải Cao Cấp, Hàng Xuất Khẩu . 
📌 Chi tiết sản phẩm:
- Áo sơ mi nữ trắng dài tay thuộc dòng áo sơ mi nữ basic được thiết kế dựa trên form dáng người Việt. 
- Sản phẩm được chú trọng vào chất liệu và chất lượng từng chi tiết nhằm đem đến sự hài lòng tối đa cho quý khách hàng.
- Áo basic dễ mặc, đi học, đi làm, đi chơi hoàn cảnh nào em ý cũng có thể biến tấu 1 cách xinh đẹp cho các nàng những set đồ tự tin lắm nha
- Chất mịn, dày dặn , không nhăn, đưa tay vào khách cũng ko nhìn thấy bên trong nha.
📌 Màu sắc: Trắng và Xanh 
📌 Đủ size S, M, L, XL phù hợp với người từ 43-60kg (tùy số đo v1)
- Size S ( 38- 45kg)
- Size M ( 45-51 kg) 
- Size L ( 51- 56kg)
- Size XL ( 56- 60kg)

💎 Hướng dẫn giặt ủi (là):
 - Nên giặt sản phẩm trước khi sử dụng. 
- Tốt nhất nên giặt tay và không nên chà mạnh bằng bàn chải có sợi cứng. 
- Nếu giặt máy, nên chọn chế độ giặt nhẹ và sản phẩm có chất vải phù hợp để bảo quản được lâu. 
- Không nên sử dụng chất giặt tẩy. 
- Không nên ngâm chung với trang phục ra bị màu. 
- Tránh phơi với ánh nắng trực tiếp. 
- Ủi (là) sản phẩm nếu cần và cài đặt nhiệt độ bàn ủi (là) phù hợp với từng loại vải.


📌 Ấn Like và theo dõi để ủng hộ shop và tham khảo các sản phẩm mới của shop, Dooce99 rất hân hạnh được phục vụ quý khách.
#Dooce99 
 #áo_sơ_mi #áo_sơ_mi_nữ #áo_sơ_mi_trắng #áo_sơ_mi_trắng_nữ #áo_sơ_mi_nữ_đẹp #sơ_mi_trắng #áo_sơ_mi_đẹp #áo_sơ_mi_nữ_công_sở #áo_sơ_mi_nữ_cao_cấp #áo_sơ_mi_nữ_trắng #ao_so_mi #sơ_mi_nữ #sơ_mi #ao_so_mi_nu #áo_sơ_mi_công_sở #áo_sơ_mi_nữ_hàn_quốc #sơ_mi_công_sở');
            
            INSERT INTO product_images (product_id, name, path) 
            VALUES (4431059550, 'SP_4431059550_1.jpg', 'images/products/4/SP_4431059550_1.jpg');
            
            INSERT INTO product_images (product_id, name, path) 
            VALUES (4431059550, 'SP_4431059550_2.jpg', 'images/products/4/SP_4431059550_2.jpg');
            
            INSERT INTO product_images (product_id, name, path) 
            VALUES (4431059550, 'SP_4431059550_3.jpg', 'images/products/4/SP_4431059550_3.jpg');
            
            INSERT INTO product_images (product_id, name, path) 
            VALUES (4431059550, 'SP_4431059550_4.jpg', 'images/products/4/SP_4431059550_4.jpg');
            
            INSERT INTO product_images (product_id, name, path) 
            VALUES (4431059550, 'SP_4431059550_5.jpg', 'images/products/4/SP_4431059550_5.jpg');
            
            INSERT INTO product_images (product_id, name, path) 
            VALUES (4431059550, 'SP_4431059550_6.jpg', 'images/products/4/SP_4431059550_6.jpg');
            
            INSERT INTO product_images (product_id, name, path) 
            VALUES (4431059550, 'SP_4431059550_7.jpg', 'images/products/4/SP_4431059550_7.jpg');
            
            INSERT INTO product_images (product_id, name, path) 
            VALUES (4431059550, 'SP_4431059550_8.jpg', 'images/products/4/SP_4431059550_8.jpg');
            
            INSERT INTO product_images (product_id, name, path) 
            VALUES (4431059550, 'SP_4431059550_9.jpg', 'images/products/4/SP_4431059550_9.jpg');
            
            INSERT INTO product_details (id, product_id, size, color, unique_search_id, quantity)
            VALUES (16629580203, 4431059550, 'S', 'Đen', 'dens', 100);
            
            INSERT INTO product_details (id, product_id, size, color, unique_search_id, quantity)
            VALUES (16629580204, 4431059550, 'M', 'Đen', 'demn', 100);
            
            INSERT INTO product_details (id, product_id, size, color, unique_search_id, quantity)
            VALUES (16629580205, 4431059550, 'L', 'Đen', 'deln', 100);
            
            INSERT INTO product_details (id, product_id, size, color, unique_search_id, quantity)
            VALUES (16629580206, 4431059550, 'XL', 'Đen', 'delnx', 100);
            
            INSERT INTO product_details (id, product_id, size, color, unique_search_id, quantity)
            VALUES (16629580207, 4431059550, 'S', 'Xanh nhạt', ' aahhnnstx', 100);
            
            INSERT INTO product_details (id, product_id, size, color, unique_search_id, quantity)
            VALUES (16629580208, 4431059550, 'M', 'Xanh nhạt', ' aahhmnntx', 100);
            
            INSERT INTO product_details (id, product_id, size, color, unique_search_id, quantity)
            VALUES (16629580209, 4431059550, 'L', 'Xanh nhạt', ' aahhlnntx', 100);
            
            INSERT INTO product_details (id, product_id, size, color, unique_search_id, quantity)
            VALUES (16629580210, 4431059550, 'XL', 'Xanh nhạt', ' aahhlnntxx', 100);
            
            INSERT INTO product_details (id, product_id, size, color, unique_search_id, quantity)
            VALUES (16629580211, 4431059550, 'S', 'Trắng', 'agnrst', 100);
            
            INSERT INTO product_details (id, product_id, size, color, unique_search_id, quantity)
            VALUES (16629580213, 4431059550, 'M', 'Trắng', 'agmnrt', 100);
            
            INSERT INTO product_details (id, product_id, size, color, unique_search_id, quantity)
            VALUES (16629580215, 4431059550, 'L', 'Trắng', 'aglnrt', 100);
            
            INSERT INTO product_details (id, product_id, size, color, unique_search_id, quantity)
            VALUES (16629580216, 4431059550, 'XL', 'Trắng', 'aglnrtx', 100);
            
            INSERT INTO product_details (id, product_id, size, color, unique_search_id, quantity)
            VALUES (16629580218, 4431059550, 'S', 'Hồng', 'ghnos', 100);
            
            INSERT INTO product_details (id, product_id, size, color, unique_search_id, quantity)
            VALUES (16629580220, 4431059550, 'M', 'Hồng', 'ghmno', 100);
            
            INSERT INTO product_details (id, product_id, size, color, unique_search_id, quantity)
            VALUES (16629580222, 4431059550, 'L', 'Hồng', 'ghlno', 100);
            
            INSERT INTO product_details (id, product_id, size, color, unique_search_id, quantity)
            VALUES (16629580224, 4431059550, 'XL', 'Hồng', 'ghlnox', 100);
            
            INSERT INTO products (id, sku, name, slug, category_id, unit_price, sale_price, preview_image_name, preview_image_path, views, description)
            VALUES (2450263351, 'SP04008', 'Áo sơ mi caro nam tay dài kẻ sọc vải oxford lưới thoáng mát công sở NS03', 'ao-so-mi-caro-nam-tay-dai-ke-soc-vai-oxford-luoi-thoang-mat-cong-so-ns03', 4, 229000, 300000, 'SP_2450263351_0.jpg', 'images/products/4/SP_2450263351_0.jpg', 978, 'Áo Sơ Mi Caro Kẻ Sọc Nam Tay Ngắn  Dáng Slim Fit (nhiều màu) 
Nexx Store với phương châm Uy Tín 100% Chất Lượng hân hạnh được phục vụ quý khách. 
1. GIỚI THIỆU SẢN PHẨM Áo sơ mi nam caro basic chính là gợi ý tuyệt vời cho nam giới mỗi khi lựa chọn trang phục mỗi ngày. Với những mẫu áo sơ mi nam thiết kế đơn giản và toát lên vẻ lịch lãm tinh tế, mang đến phong cách thời trang trẻ trung, năng động chắc chắn sẽ là lựa chọn hoàn hảo cho chàng trai hiện đại, nam tính. Những chiếc áo sơ mi Oxford dù kết hợp với quần âu, quần jeans khi đi làm hay diện cùng quần ngố, quần short đi chơi đều NỔI BẬT, THOẢI MÁI và PHONG CÁCH. Với form dáng vừa vặn các chàng có thể tự tin khoe body cực chuẩn của mình. Hãy bổ sung ngay vào tủ đồ item này để diện thật chất nhé! 
2. THÔNG TIN CHI TIẾT: - Chất liệu: 100% chất Oxford, thấm hút mồ hôi - Quy cách, tiêu chuẩn đường may tinh tế, tỉ mỉ trong từng chi tiết - Kiểu dáng: Thiết kế đơn giản, dễ mặc, dễ phối đồ - Form Slim Fit mang lại phong cách trẻ trung, lịch lãm. 
3. CHÍNH SÁCH BÁN HÀNG: - FREESHIP hoặc hỗ trợ 40K cho đơn hàng từ 150K - Đối với khách hàng ở Hà Nội và Hồ Chí Minh - FREESHIP cho tất cả các đơn hàng từ 250K ở các tỉnh khác.- Cam kết chất lượng và mẫu mã sản phẩm giống với hình ảnh. - Hoàn tiền nếu sản phẩm không giống với mô tả. - Cam kết được đổi trả hàng trong vòng 2 ngày. 
4. HƯỚNG DẪN CHỌN SIZE (Size áo phụ thuộc vào chiều cao cân nặng và các yếu tố khác như vòng ngực, bụng, vai, bắp tay,... Do đó quý khách còn phân vân xin vui lòng nhắn tin trực tiếp để được hỗ trợ tốt nhất)
 - Size S: Cân nặng từ 48-56kg, Chiều cao dưới 165cm 
- Size M: Cân nặng từ 56-64kg, Chiều cao 160 - 170cm 
- Size L: Cân nặng từ 65-72kg, Chiều cao dưới 175cm 
- Size XL: Cân nặng từ 70-85kg, Chiều cao dưới 183cm 
5. HƯỚNG DẪN CÁCH ĐẶT HÀNG
 - Bước 1: Cách chọn size, shop có bảng size mẫu. Bạn NÊN INBOX, cung cấp chiều cao, cân nặng để SHOP TƯ VẤN SIZE 
- Bước 2: Cách đặt hàng: Nếu bạn muốn mua 2 sản phẩm khác nhau hoặc 2 size khác nhau, để được freeship 
+ Bạn chọn từng sản phẩm rồi thêm vào giỏ hang
 + Khi giỏ hàng đã có đầy đủ các sản phẩm cần mua, bạn mới tiến hành ấn nút “ Thanh toán” 
- Shop luôn sẵn sàng trả lời inbox
 #aongantaynam #aonam #sominam #aosominam #aosomitrang #sominamdaitay  #somitrang #sominam #aosomidaitay #aosomi #aosominam #aonamcongso #sominam #somitron #sominamngantay #sominamchambi #aosomicaronam #aosomikesocnam #aosominamcarokesoc #aosomicaronam #somicaronam #aosomingantaynam');
            
            INSERT INTO product_images (product_id, name, path) 
            VALUES (2450263351, 'SP_2450263351_1.jpg', 'images/products/4/SP_2450263351_1.jpg');
            
            INSERT INTO product_images (product_id, name, path) 
            VALUES (2450263351, 'SP_2450263351_2.jpg', 'images/products/4/SP_2450263351_2.jpg');
            
            INSERT INTO product_images (product_id, name, path) 
            VALUES (2450263351, 'SP_2450263351_3.jpg', 'images/products/4/SP_2450263351_3.jpg');
            
            INSERT INTO product_images (product_id, name, path) 
            VALUES (2450263351, 'SP_2450263351_4.jpg', 'images/products/4/SP_2450263351_4.jpg');
            
            INSERT INTO product_images (product_id, name, path) 
            VALUES (2450263351, 'SP_2450263351_5.jpg', 'images/products/4/SP_2450263351_5.jpg');
            
            INSERT INTO product_images (product_id, name, path) 
            VALUES (2450263351, 'SP_2450263351_6.jpg', 'images/products/4/SP_2450263351_6.jpg');
            
            INSERT INTO product_images (product_id, name, path) 
            VALUES (2450263351, 'SP_2450263351_7.jpg', 'images/products/4/SP_2450263351_7.jpg');
            
            INSERT INTO product_details (id, product_id, size, color, unique_search_id, quantity)
            VALUES (5133797423, 2450263351, 'S', 'Xanh nhạt', ' aahhnnstx', 0);
            
            INSERT INTO product_details (id, product_id, size, color, unique_search_id, quantity)
            VALUES (5133797424, 2450263351, 'M', 'Xanh nhạt', ' aahhmnntx', 0);
            
            INSERT INTO product_details (id, product_id, size, color, unique_search_id, quantity)
            VALUES (5133797425, 2450263351, 'L', 'Xanh nhạt', ' aahhlnntx', 1);
            
            INSERT INTO product_details (id, product_id, size, color, unique_search_id, quantity)
            VALUES (5133797426, 2450263351, 'XL', 'Xanh nhạt', ' aahhlnntxx', 46);
            
            INSERT INTO product_details (id, product_id, size, color, unique_search_id, quantity)
            VALUES (5133797427, 2450263351, 'S', 'Vàng', 'agnsv', 48);
            
            INSERT INTO product_details (id, product_id, size, color, unique_search_id, quantity)
            VALUES (5133797428, 2450263351, 'M', 'Vàng', 'agmnv', 49);
            
            INSERT INTO product_details (id, product_id, size, color, unique_search_id, quantity)
            VALUES (5133797429, 2450263351, 'L', 'Vàng', 'aglnv', 49);
            
            INSERT INTO product_details (id, product_id, size, color, unique_search_id, quantity)
            VALUES (5133797430, 2450263351, 'XL', 'Vàng', 'aglnvx', 50);
            
            INSERT INTO product_details (id, product_id, size, color, unique_search_id, quantity)
            VALUES (5133797431, 2450263351, 'S', 'Xanh đen', ' adehnnsx', 47);
            
            INSERT INTO product_details (id, product_id, size, color, unique_search_id, quantity)
            VALUES (5133797432, 2450263351, 'M', 'Xanh đen', ' adehmnnx', 0);
            
            INSERT INTO product_details (id, product_id, size, color, unique_search_id, quantity)
            VALUES (5133797433, 2450263351, 'L', 'Xanh đen', ' adehlnnx', 47);
            
            INSERT INTO product_details (id, product_id, size, color, unique_search_id, quantity)
            VALUES (5133797434, 2450263351, 'XL', 'Xanh đen', ' adehlnnxx', 48);
            
            INSERT INTO product_details (id, product_id, size, color, unique_search_id, quantity)
            VALUES (16379304382, 2450263351, 'S', 'Xanh ngọc', ' acghnnosx', 0);
            
            INSERT INTO product_details (id, product_id, size, color, unique_search_id, quantity)
            VALUES (16379304385, 2450263351, 'M', 'Xanh ngọc', ' acghmnnox', 0);
            
            INSERT INTO product_details (id, product_id, size, color, unique_search_id, quantity)
            VALUES (16379304387, 2450263351, 'L', 'Xanh ngọc', ' acghlnnox', 0);
            
            INSERT INTO product_details (id, product_id, size, color, unique_search_id, quantity)
            VALUES (16379304388, 2450263351, 'XL', 'Xanh ngọc', ' acghlnnoxx', 0);
            
            INSERT INTO products (id, sku, name, slug, category_id, unit_price, sale_price, preview_image_name, preview_image_path, views, description)
            VALUES (1542892930, 'SP04009', '[Mã WAMT10K giảm 10k cho đơn 0k] Áo Sơ Mi Nữ Siêu Xinh, Áo Sơ Mi Công Sở Chất tơ Lụa Đẹp Nhiều Màu', 'ma-wamt10k-giam-10k-cho-don-0k-ao-so-mi-nu-sieu-xinh,-ao-so-mi-cong-so-chat-to-lua-dep-nhieu-mau', 4, 129000, 149000, 'SP_1542892930_0.jpg', 'images/products/4/SP_1542892930_0.jpg', 3068, '-Hàng Thiết kế trẻ trung, tinh tế hợp thời trang phù hợp với nhiều lứa tuổi
-Đường may tinh tế, tỉ mỉ, chắc chắn
-Form suông rộng tạo cảm giác thoải mái khi mặc
-Chất liệu voan tơ nhung cao cấp, mềm mại lán mịn, mát và thấm hút mồ hôi tốt
-Kiểu dáng hiện đại, đường nét cách điệu
-Mang phong cách nữ tính, thanh lịch

Gợi ý phối đồ: 
+Dễ dàng phối hợp cùng nhiều phụ kiện khác mang đến phong cách thời trang riêng cho bạn nữ, khéo léo lựa chọn trang phục cùng phụ kiện phù hợp, bạn sẽ có set đồ đẹp mắt như ý.
+Bạn có thể kết hợp cùng giày sandals, giày búp bê, giày cao gót hoặc các kiểu dép khác nhau giúp bạn thêm tự tin khi ra đường.

Hướng dẫn chọn size:  
- Size S: 40-47kg - ngực áo 85cm
- Size M: 48-53kg - ngực áo 90cm
- Size L: 54-63kg - ngực áo 95cm
- Size XL: 64-68kg - ngực áo 100cm

-->BẢO ĐẢM GIÁ NÀY LÀ GIÁ TỐT NHẤT TOÀN QUỐC NẾU NƠI NÀO RẺ HƠN MÀ ĐÚNG CHẤT LƯỢNG NHƯ SHOP, SHOP SẼ HOÀN TIỀN CHO KHÁCH NHÉ!

***Mọi thắc mắc và khiếu nại sản phẩm quý khách đừng ngại cứ liên hệ: Địa chỉ : 28/8 đường 51, KP8, P.Hiệp Bình Chánh, Q.Thủ Đức, TP.HCM. - Điện Thoại : 086.840.3132 - 08.55.56.97.98 - 036.930.7177 hoặc chat với shop trong mục chat nhé.

***Nếu quý khách hài lòng về sản phẩm xin vui lòng bỏ ít thời gian đánh giá sản phẩm 5* để shop có động lực phục vụ tốt hơn cho lần tiếp theo, xin chân thành cảm ơn!

-Các bạn vào link này của shop xem thêm những mẫu mới và đang sale nhé: https://shopee.vn/shopsile.com.vn
----------------------------------------------------------
');
            
            INSERT INTO product_images (product_id, name, path) 
            VALUES (1542892930, 'SP_1542892930_1.jpg', 'images/products/4/SP_1542892930_1.jpg');
            
            INSERT INTO product_images (product_id, name, path) 
            VALUES (1542892930, 'SP_1542892930_2.jpg', 'images/products/4/SP_1542892930_2.jpg');
            
            INSERT INTO product_images (product_id, name, path) 
            VALUES (1542892930, 'SP_1542892930_3.jpg', 'images/products/4/SP_1542892930_3.jpg');
            
            INSERT INTO product_details (id, product_id, size, color, unique_search_id, quantity)
            VALUES (2303092631, 1542892930, 'S', 'trắng', 'agnrst', 198);
            
            INSERT INTO product_details (id, product_id, size, color, unique_search_id, quantity)
            VALUES (2303598859, 1542892930, 'S', 'hồng ruốc', ' cghnoorsu', 191);
            
            INSERT INTO product_details (id, product_id, size, color, unique_search_id, quantity)
            VALUES (2303598860, 1542892930, 'M', 'trắng', 'agmnrt', 194);
            
            INSERT INTO product_details (id, product_id, size, color, unique_search_id, quantity)
            VALUES (2303598861, 1542892930, 'M', 'hồng ruốc', ' cghmnooru', 188);
            
            INSERT INTO product_details (id, product_id, size, color, unique_search_id, quantity)
            VALUES (2303598862, 1542892930, 'L', 'trắng', 'aglnrt', 195);
            
            INSERT INTO product_details (id, product_id, size, color, unique_search_id, quantity)
            VALUES (2303598863, 1542892930, 'L', 'hồng ruốc', ' cghlnooru', 194);
            
            INSERT INTO product_details (id, product_id, size, color, unique_search_id, quantity)
            VALUES (21845375314, 1542892930, 'XL', 'trắng', 'aglnrtx', 195);
            
            INSERT INTO product_details (id, product_id, size, color, unique_search_id, quantity)
            VALUES (21845375315, 1542892930, 'XL', 'hồng ruốc', ' cghlnoorux', 196);
            
            INSERT INTO products (id, sku, name, slug, category_id, unit_price, sale_price, preview_image_name, preview_image_path, views, description)
            VALUES (9220981350, 'SP04010', 'Áo Sơ Mi Nữ Công Sở Mc Fashion, Kiểu Dáng Tay Ngắn Cộc, Họa Tiết Kẻ Sọc Caro, 2 Màu- Vàng, Xanh Đen Tím Than- A665', 'ao-so-mi-nu-cong-so-mc-fashion,-kieu-dang-tay-ngan-coc,-hoa-tiet-ke-soc-caro,-2-mau-vang,-xanh-den-tim-than-a665', 4, 259000, 295000, 'SP_9220981350_0.jpg', 'images/products/4/SP_9220981350_0.jpg', 221, '•Kiểm hàng trước khi thanh toán.
•Mã sản phẩm: A665
•Màu sắc: Vàng-Xanh than
•Chất liệu vải: Lụa silk
•Họa tiết: Kẻ caro
•Chiều dài tay áo: Ngắn tay
Do công việc nên hàng ngày bạn phải sử dụng áo sơ mi nữ công sở để đi làm, việc tránh trùng lập trang phục là điều gây cho bạn nhiều khó khăn. Vì vậy, bạn đang muốn tìm cho mình một mẫu áo sơ mi nữ đẹp có thiết kế độc đáo nhưng lại phải chuẩn phom dáng công sở để đi làm.
Khi gặp vấn đề tương tự rất nhiều người đã tìm ra giải pháp bằng cách tìm tới thương hiệu thời trang công sở MC fashion. Một thương hiệu thời trang Việt với rất nhiều mẫu sơ mi công sở đẹp có chất liệu tốt, thiết kế thanh lịch. Mời bạn cùng tôi tham khảo mẫu sơ mi mới ra mắt A665 của MC fashion và hy vọng những vấn đề của bạn sẽ được giải quyết.
***Chất liệu vải lụa silk của mẫu áo sơ mi nữ công sở đẹp.
Chất liệu của mẫu áo sơ mi nữ công sở đẹp A665 vải lụa silk mềm mát chắc chắn sẽ rất phù hợp với những những nữ công sở có thời gian làm việc dài và cường độ làm việc cao. Mặt vải không bao giờ bị sùi hoặc rút sợi ngược lại luôn cho cảm giác láng mịn cao cấp.
Tính thấm hút mồ hôi tốt cũng là một đặc điểm cơ bản của loại chất liệu vải nhập khẩu từ Hàn Quốc này. Độ co giãn nhẹ nhàng đem tới cảm giác thỏa mái mỗi khi mặc đồ mà không hề gây cho bạn cảm giác khó chịu vì bó sát.
***Thiết kế đậm chất công sở nhưng rất trẻ trung.
Áo có cổ đức sắc nét mang tới nét hiện đại của một nữ công sở trẻ trung, tay ngắn năng động phù hợp với những công việc nhiều hoạt động, áo sơ mi nữ công sở A665 giúp bạn quên đi nỗi lo lắng hở ngực thường xuất hiện ở những mẫu sơ mi công sở nhờ hàng khuy được thiết kế tới bảy nút nằm gọn trong nẹp áo. Bâu áo lượn khuyết nhẹ giúp bạn dễ dàng sơ vin và áo cũng luôn giữ được phom dáng chuẩn. Thân áo chiết eo tạo dáng gọn gàng ngay cả với những bạn nữ có vòng 2 lớn.
Áo Sơ Mi Nữ Công Sở Mc Fashion, Kiểu Dáng Tay Ngắn Cộc, Họa Tiết Kẻ Sọc Caro, 2 Màu( Vàng, Xanh Đen Tím Than) A665
#aosominu #aosomi #aosominukieu #aosominucotru #aosominucongso #aosominutayngan #aosominutrang #aosominudep #aosominucobeo #aosominukieuhanquoc #aosominucoctay #aosominutaydai #aosominukesoc #aosominudaitay #aosominuden #aosominutaylo #aosominungantay #aosominumauden');
            
            INSERT INTO product_images (product_id, name, path) 
            VALUES (9220981350, 'SP_9220981350_1.jpg', 'images/products/4/SP_9220981350_1.jpg');
            
            INSERT INTO product_images (product_id, name, path) 
            VALUES (9220981350, 'SP_9220981350_2.jpg', 'images/products/4/SP_9220981350_2.jpg');
            
            INSERT INTO product_images (product_id, name, path) 
            VALUES (9220981350, 'SP_9220981350_3.jpg', 'images/products/4/SP_9220981350_3.jpg');
            
            INSERT INTO product_images (product_id, name, path) 
            VALUES (9220981350, 'SP_9220981350_4.jpg', 'images/products/4/SP_9220981350_4.jpg');
            
            INSERT INTO product_images (product_id, name, path) 
            VALUES (9220981350, 'SP_9220981350_5.jpg', 'images/products/4/SP_9220981350_5.jpg');
            
            INSERT INTO product_images (product_id, name, path) 
            VALUES (9220981350, 'SP_9220981350_6.jpg', 'images/products/4/SP_9220981350_6.jpg');
            
            INSERT INTO product_images (product_id, name, path) 
            VALUES (9220981350, 'SP_9220981350_7.jpg', 'images/products/4/SP_9220981350_7.jpg');
            
            INSERT INTO product_images (product_id, name, path) 
            VALUES (9220981350, 'SP_9220981350_8.jpg', 'images/products/4/SP_9220981350_8.jpg');
            
            INSERT INTO product_images (product_id, name, path) 
            VALUES (9220981350, 'SP_9220981350_9.jpg', 'images/products/4/SP_9220981350_9.jpg');
            
            INSERT INTO product_details (id, product_id, size, color, unique_search_id, quantity)
            VALUES (63943292086, 9220981350, 'L', 'VÀNG', 'aglnv', 2);
            
            INSERT INTO product_details (id, product_id, size, color, unique_search_id, quantity)
            VALUES (63943292087, 9220981350, 'XL', 'VÀNG', 'aglnvx', 2);
            
            INSERT INTO product_details (id, product_id, size, color, unique_search_id, quantity)
            VALUES (63943292088, 9220981350, 'S', 'XANH THAN', ' aahhnnstx', 2);
            
            INSERT INTO product_details (id, product_id, size, color, unique_search_id, quantity)
            VALUES (63943292089, 9220981350, 'M', 'XANH THAN', ' aahhmnntx', 2);
            
            INSERT INTO product_details (id, product_id, size, color, unique_search_id, quantity)
            VALUES (63943292090, 9220981350, 'L', 'XANH THAN', ' aahhlnntx', 1);
            
            INSERT INTO product_details (id, product_id, size, color, unique_search_id, quantity)
            VALUES (63943292091, 9220981350, 'XL', 'XANH THAN', ' aahhlnntxx', 2);
            
            INSERT INTO product_details (id, product_id, size, color, unique_search_id, quantity)
            VALUES (73943291951, 9220981350, 'S', 'VÀNG', 'agnsv', 2);
            
            INSERT INTO product_details (id, product_id, size, color, unique_search_id, quantity)
            VALUES (73943291952, 9220981350, 'M', 'VÀNG', 'agmnv', 1);
            