
            INSERT INTO products (id, sku, name, slug, category_id, unit_price, sale_price, preview_image_name, preview_image_path, views, description)
            VALUES (3554096264, 'SP05001', 'Áo thun Unisex N7 Basic Tee phông trơn nam nữ tay lỡ oversize form rộng 12 màu', 'ao-thun-unisex-n7-basic-tee-phong-tron-nam-nu-tay-lo-oversize-form-rong-12-mau', 5, 109000, 145000, 'SP_3554096264_0.jpg', 'images/products/5/SP_3554096264_0.jpg', 392823, 'Thông tin sản phẩm Áo thun Unisex N7 Basic Tee phông trơn nam nữ tay lỡ oversize form rộng 12 màu:
- Hàng chuẩn N7 sản xuất, tem mác chuẩn chính hãng.
- Chất liệu: thun cotton 100%, co giãn 4 chiều, vải mềm, vải mịn, thoáng mát, không xù lông.
- Đường may chuẩn chỉnh, tỉ mỉ, chắc chắn.
- Mặc ở nhà, mặc đi chơi hoặc khi vận động thể thao. Phù hợp khi mix đồ với nhiều loại.
- Thiết kế hiện đại, trẻ trung, năng động. Dễ phối đồ.

Thông số chọn size:
Size M: 1m50-1m60 (50-65kg) 
Size L: 1m55-1m70 (55-65kg) 
Size XL: 1m68- 1m80 (60-70kg) 
Size 2XL: 1m75- 1m85 (70-80kg)
(Bảng trên chỉ mang tính chất tham khảo, chọn mặc fom vừa vặn thoải mái, lên xuống size tuỳ theo sở thích ăn mặc của bạn)

Hướng dẫn sử dụng sản phẩm Áo thun Unisex N7 Basic Tee phông trơn nam nữ tay lỡ oversize form rộng 12 màu:
- Nhớ lộn trái áo khi giặt và không giặt ngâm
- Không giặt máy trong 10 ngày đầu
- Không sử dụng thuốc tẩy
- Khi phơi lộn trái và không phơi trực tiếp dưới ánh nắng mặt trời

CHÚNG TÔI XIN CAM KẾT:
Áo thun Unisex N7 Basic Tee phông trơn nam nữ tay lỡ oversize form rộng 12 màu:
Đảm bảo vải chuẩn cotton 4 chiều 100% chất lượng .
Hàng có sẵn, giao hàng ngay khi nhận được đơn đặt hàng .
Hoàn tiền 100% nếu sản phẩm lỗi, nhầm hoặc không giống với mô tả.
Chấp nhận đổi hàng khi size không vừa (vui lòng nhắn tin riêng cho shop).
Giao hàng toàn quốc, thanh toán khi nhận hàng.
Hỗ trợ đổi trả theo quy định của Shopee .

1. Điều kiện áp dụng đổi sản phẩm (trong vòng 07 ngày kể từ khi nhận sản phẩm) 
- Hàng hoá vẫn còn mới nguyên tem mác, chưa qua sử dụng.
- Hàng hoá bị lỗi hoặc hư hỏng do vận chuyển hoặc do nhà sản xuất 

2. Trường hợp không đủ điều kiện áp dụng chính sách: 
- Quá 07 ngày kể từ khi Quý khách nhận hàng từ shopee.
- Gửi lại hàng không đúng mẫu mã, không phải sản phẩm của N7.
- Không thích, không hợp, đặt nhầm mã, nhầm màu, yêu cầu kiểm tra hàng trước khi thanh toán.

Do màn hình và điều kiện ánh sáng khác nhau, màu sắc thực tế của sản phẩm có thể chênh lệch khoảng 5-10%

Chúng tôi không chịu trách nhiệm trong trường hợp quý khách chọn nhầm màu sắc, hoa văn, kích thước; bên cạnh đó các vấn đề khiếm khuyết nhỏ không đáng kể hay độ lệch màu ít giữa sản phẩm thực tế và hình ảnh minh họa sẽ không gây ảnh hưởng đến vấn đề chất lượng...

Hàng giá rẻ sẽ có chất lượng kém, xin đừng so sánh với sản phẩm chất lượng cao của chúng tôi. Trong trường hợp nhận được các sản phẩm có vấn đề không đáng kể ví dụ như bề mặt hơi bẩn có thể hết sau khi giặt, có chỉ thừa.... chúng tôi hy vọng bạn có thể tự mình giải quyết các vấn đề đó. Nếu bạn là người cầu toàn và sẽ bận tâm về các vấn đề đó, mong bạn cân nhắc cẩn thận trước khi đặt sản phẩm.

NẾU CÂN NẶNG CỦA BẠN QUÁ CỠ - XIN ĐỪNG CHỌN MUA SẢN PHẨM NÀY - CHỌN KÍCH CỠ SAI SẼ KHIẾN BẠN CẢM THẤY KHÔNG HÀI LÒNG VÀ ĐƯA RA PHẢN HỒI TIÊU CỰC.

#aothun #unisex #freesize #taylo #ao #thun #inhinh #hanquoc #formrong #streetwear #aothununisex #aothuntaylo #aophong #oversize #aounisex #aothuntron #n7');
            
            INSERT INTO product_images (product_id, name, path) 
            VALUES (3554096264, 'SP_3554096264_1.jpg', 'images/products/5/SP_3554096264_1.jpg');
            
            INSERT INTO product_images (product_id, name, path) 
            VALUES (3554096264, 'SP_3554096264_2.jpg', 'images/products/5/SP_3554096264_2.jpg');
            
            INSERT INTO product_images (product_id, name, path) 
            VALUES (3554096264, 'SP_3554096264_3.jpg', 'images/products/5/SP_3554096264_3.jpg');
            
            INSERT INTO product_images (product_id, name, path) 
            VALUES (3554096264, 'SP_3554096264_4.jpg', 'images/products/5/SP_3554096264_4.jpg');
            
            INSERT INTO product_images (product_id, name, path) 
            VALUES (3554096264, 'SP_3554096264_5.jpg', 'images/products/5/SP_3554096264_5.jpg');
            
            INSERT INTO product_images (product_id, name, path) 
            VALUES (3554096264, 'SP_3554096264_6.jpg', 'images/products/5/SP_3554096264_6.jpg');
            
            INSERT INTO product_images (product_id, name, path) 
            VALUES (3554096264, 'SP_3554096264_7.jpg', 'images/products/5/SP_3554096264_7.jpg');
            
            INSERT INTO product_images (product_id, name, path) 
            VALUES (3554096264, 'SP_3554096264_8.jpg', 'images/products/5/SP_3554096264_8.jpg');
            
            INSERT INTO product_images (product_id, name, path) 
            VALUES (3554096264, 'SP_3554096264_9.jpg', 'images/products/5/SP_3554096264_9.jpg');
            
            INSERT INTO product_details (id, product_id, size, color, unique_search_id, quantity)
            VALUES (61173181090, 3554096264, 'M', 'Tím ', ' immt', 123);
            
            INSERT INTO product_details (id, product_id, size, color, unique_search_id, quantity)
            VALUES (61173181091, 3554096264, 'M', 'Xám', 'ammx', 128);
            
            INSERT INTO product_details (id, product_id, size, color, unique_search_id, quantity)
            VALUES (61173181092, 3554096264, '2XL', 'Hồng Ruốc', ' 2cghlnoorux', 149);
            
            INSERT INTO product_details (id, product_id, size, color, unique_search_id, quantity)
            VALUES (61173181093, 3554096264, 'L', 'Tím ', ' ilmt', 114);
            
            INSERT INTO product_details (id, product_id, size, color, unique_search_id, quantity)
            VALUES (61173181094, 3554096264, 'XL', 'Tím ', ' ilmtx', 157);
            
            INSERT INTO product_details (id, product_id, size, color, unique_search_id, quantity)
            VALUES (61173181096, 3554096264, 'XL', 'Xám', 'almxx', 143);
            
            INSERT INTO product_details (id, product_id, size, color, unique_search_id, quantity)
            VALUES (61173181097, 3554096264, 'M', 'Hồng Ruốc', ' cghmnooru', 89);
            
            INSERT INTO product_details (id, product_id, size, color, unique_search_id, quantity)
            VALUES (61173181098, 3554096264, 'L', 'Hồng Ruốc', ' cghlnooru', 94);
            
            INSERT INTO product_details (id, product_id, size, color, unique_search_id, quantity)
            VALUES (61173181099, 3554096264, '2XL', 'Xám', '2almxx', 40);
            
            INSERT INTO product_details (id, product_id, size, color, unique_search_id, quantity)
            VALUES (61173181100, 3554096264, 'L', 'Xám', 'almx', 117);
            
            INSERT INTO product_details (id, product_id, size, color, unique_search_id, quantity)
            VALUES (61173181102, 3554096264, 'XL', 'Hồng Ruốc', ' cghlnoorux', 104);
            
            INSERT INTO product_details (id, product_id, size, color, unique_search_id, quantity)
            VALUES (61173181104, 3554096264, '2XL', 'Tím ', ' 2ilmtx', 78);
            
            INSERT INTO product_details (id, product_id, size, color, unique_search_id, quantity)
            VALUES (61260667375, 3554096264, 'M', 'Xanh Mint', ' ahimmnntx', 91);
            
            INSERT INTO product_details (id, product_id, size, color, unique_search_id, quantity)
            VALUES (61260667377, 3554096264, '2XL', 'Xanh Mint', ' 2ahilmnntxx', 103);
            
            INSERT INTO product_details (id, product_id, size, color, unique_search_id, quantity)
            VALUES (61260667378, 3554096264, 'XL', 'Xanh Mint', ' ahilmnntxx', 128);
            
            INSERT INTO product_details (id, product_id, size, color, unique_search_id, quantity)
            VALUES (61260667379, 3554096264, 'L', 'Xanh Lam', ' aahllmnx', 129);
            
            INSERT INTO product_details (id, product_id, size, color, unique_search_id, quantity)
            VALUES (61260667381, 3554096264, 'L', 'Xanh Mint', ' ahilmnntx', 83);
            
            INSERT INTO product_details (id, product_id, size, color, unique_search_id, quantity)
            VALUES (61260667382, 3554096264, 'M', 'Xanh Lam', ' aahlmmnx', 174);
            
            INSERT INTO product_details (id, product_id, size, color, unique_search_id, quantity)
            VALUES (61260667383, 3554096264, 'XL', 'Xanh Lam', ' aahllmnxx', 123);
            
            INSERT INTO product_details (id, product_id, size, color, unique_search_id, quantity)
            VALUES (61260667384, 3554096264, '2XL', 'Xanh Lam', ' 2aahllmnxx', 146);
            
            INSERT INTO product_details (id, product_id, size, color, unique_search_id, quantity)
            VALUES (71126664613, 3554096264, 'L', 'Trắng', 'aglnrt', 108);
            
            INSERT INTO product_details (id, product_id, size, color, unique_search_id, quantity)
            VALUES (71126664615, 3554096264, '2XL', 'Xanh Blue', ' 2abehllnuxx', 89);
            
            INSERT INTO product_details (id, product_id, size, color, unique_search_id, quantity)
            VALUES (71126664616, 3554096264, 'XL', 'Đen', 'delnx', 0);
            
            INSERT INTO product_details (id, product_id, size, color, unique_search_id, quantity)
            VALUES (71126664618, 3554096264, 'XL', 'Xanh Blue', ' abehllnuxx', 63);
            
            INSERT INTO product_details (id, product_id, size, color, unique_search_id, quantity)
            VALUES (71126664619, 3554096264, 'M', 'Cam', 'acmm', 77);
            
            INSERT INTO product_details (id, product_id, size, color, unique_search_id, quantity)
            VALUES (71126664620, 3554096264, 'XL', 'Cam', 'aclmx', 143);
            
            INSERT INTO product_details (id, product_id, size, color, unique_search_id, quantity)
            VALUES (71126664621, 3554096264, '2XL', 'Cam', '2aclmx', 159);
            
            INSERT INTO product_details (id, product_id, size, color, unique_search_id, quantity)
            VALUES (71126664623, 3554096264, 'M', 'Hồng Pastel', ' aeghlmnopst', 12);
            
            INSERT INTO product_details (id, product_id, size, color, unique_search_id, quantity)
            VALUES (71126664624, 3554096264, '2XL', 'Trắng', '2aglnrtx', 155);
            
            INSERT INTO product_details (id, product_id, size, color, unique_search_id, quantity)
            VALUES (71126664625, 3554096264, 'L', 'Xanh Blue', ' abehllnux', 112);
            
            INSERT INTO product_details (id, product_id, size, color, unique_search_id, quantity)
            VALUES (71126664626, 3554096264, '2XL', 'Hồng Pastel', ' 2aeghllnopstx', 172);
            
            INSERT INTO product_details (id, product_id, size, color, unique_search_id, quantity)
            VALUES (71126664627, 3554096264, 'M', 'Trắng', 'agmnrt', 141);
            
            INSERT INTO product_details (id, product_id, size, color, unique_search_id, quantity)
            VALUES (71126664628, 3554096264, 'M', 'Xanh Blue', ' abehlmnux', 113);
            
            INSERT INTO product_details (id, product_id, size, color, unique_search_id, quantity)
            VALUES (71126664629, 3554096264, '2XL', 'Đen', '2delnx', 0);
            
            INSERT INTO product_details (id, product_id, size, color, unique_search_id, quantity)
            VALUES (71126664630, 3554096264, 'XL', 'Trắng', 'aglnrtx', 91);
            
            INSERT INTO product_details (id, product_id, size, color, unique_search_id, quantity)
            VALUES (71126664632, 3554096264, 'L', 'Cam', 'aclm', 87);
            
            INSERT INTO product_details (id, product_id, size, color, unique_search_id, quantity)
            VALUES (71126664633, 3554096264, 'L', 'Hồng Pastel', ' aeghllnopst', 100);
            
            INSERT INTO product_details (id, product_id, size, color, unique_search_id, quantity)
            VALUES (71126664634, 3554096264, 'XL', 'Hồng Pastel', ' aeghllnopstx', 113);
            
            INSERT INTO product_details (id, product_id, size, color, unique_search_id, quantity)
            VALUES (71126664635, 3554096264, 'M', 'Đen', 'demn', 114);
            
            INSERT INTO product_details (id, product_id, size, color, unique_search_id, quantity)
            VALUES (71126664636, 3554096264, 'L', 'Đen', 'deln', 0);
            
            INSERT INTO product_details (id, product_id, size, color, unique_search_id, quantity)
            VALUES (71391711722, 3554096264, 'XL', 'Be', 'belx', 149);
            
            INSERT INTO product_details (id, product_id, size, color, unique_search_id, quantity)
            VALUES (71391711723, 3554096264, 'L', 'Chuối', 'chilou', 113);
            
            INSERT INTO product_details (id, product_id, size, color, unique_search_id, quantity)
            VALUES (71391711724, 3554096264, 'M', 'Be', 'bem', 147);
            
            INSERT INTO product_details (id, product_id, size, color, unique_search_id, quantity)
            VALUES (71391711725, 3554096264, '2XL', 'Be', '2belx', 175);
            
            INSERT INTO product_details (id, product_id, size, color, unique_search_id, quantity)
            VALUES (71391711726, 3554096264, '2XL', 'Chuối', '2chiloux', 164);
            
            INSERT INTO product_details (id, product_id, size, color, unique_search_id, quantity)
            VALUES (71391711727, 3554096264, 'L', 'Be', 'bel', 231);
            
            INSERT INTO product_details (id, product_id, size, color, unique_search_id, quantity)
            VALUES (71391711728, 3554096264, 'M', 'Chuối', 'chimou', 126);
            
            INSERT INTO product_details (id, product_id, size, color, unique_search_id, quantity)
            VALUES (71391711729, 3554096264, 'XL', 'Chuối', 'chiloux', 135);
            
            INSERT INTO products (id, sku, name, slug, category_id, unit_price, sale_price, preview_image_name, preview_image_path, views, description)
            VALUES (4981395613, 'SP05002', 'Áo Thun Unisex Tee Basic Slyder Streetwear', 'ao-thun-unisex-tee-basic-slyder-streetwear', 5, 99000, 119000, 'SP_4981395613_0.jpg', 'images/products/5/SP_4981395613_0.jpg', 27383, 'Áo thun Unisex Tee Basic Slyder Ss2 Full tags - Áo Thun Tay Lỡ Streetwear. 
Chất liệu thun cotton :
- Cotton 100% chính phẩm, bo cổ dày dặn
- Chất vải dày dặn co dãn,thấm hút tốt
- Bảng size đã có đầy đủ kích thước nên các bạn hãy chọn theo bảng size nhé
Khi giặt : 
- Đối với áo mới mua để tránh bị ảnh hưởng vì sự ra màu ít nhiều của vải cần hạn chế ngâm nước lâu và đặc biệt không ngâm chung với các áo khác. Áo mới màu Đen, Đỏ nên ngâm giặt riêng trong lần giặt đầu tiên, từ lần thứ hai trở đi giặt chung thoải mái.
Khi Phơi:
- Vắt áo khô ráo không nên để áo quá ướt khi phơi (hạn chế áo bị kéo dãn khi phơi sào vì nước chảy xuống phía dưới áo rất nặng)
- Nên lộn mặt trong ra ngoài để phơi ( hạn chế tối đa bạc màu vì ánh nắng gắt )
Khi ủi :
- Không ủi ở nhiệt độ quá cao.
- Không ủi trực tiếp lên hình in ở nhiệt độ cao.
Trên đây là các kinh nghiệm thực tế được rút kết từ rất nhiều bạn có kinh nghiệm về Tee của các brand ở VIETNAM, Slyder cảm ơn quý khách đã dành thời gian đọc qua và hãy ủng hộ Slyder nhé.
#tee #localbrand #slyderbrand #aothun #slyderofficial #slyder.');
            
            INSERT INTO product_images (product_id, name, path) 
            VALUES (4981395613, 'SP_4981395613_1.jpg', 'images/products/5/SP_4981395613_1.jpg');
            
            INSERT INTO product_images (product_id, name, path) 
            VALUES (4981395613, 'SP_4981395613_2.jpg', 'images/products/5/SP_4981395613_2.jpg');
            
            INSERT INTO product_images (product_id, name, path) 
            VALUES (4981395613, 'SP_4981395613_3.jpg', 'images/products/5/SP_4981395613_3.jpg');
            
            INSERT INTO product_images (product_id, name, path) 
            VALUES (4981395613, 'SP_4981395613_4.jpg', 'images/products/5/SP_4981395613_4.jpg');
            
            INSERT INTO product_images (product_id, name, path) 
            VALUES (4981395613, 'SP_4981395613_5.jpg', 'images/products/5/SP_4981395613_5.jpg');
            
            INSERT INTO product_images (product_id, name, path) 
            VALUES (4981395613, 'SP_4981395613_6.jpg', 'images/products/5/SP_4981395613_6.jpg');
            
            INSERT INTO product_images (product_id, name, path) 
            VALUES (4981395613, 'SP_4981395613_7.jpg', 'images/products/5/SP_4981395613_7.jpg');
            
            INSERT INTO product_images (product_id, name, path) 
            VALUES (4981395613, 'SP_4981395613_8.jpg', 'images/products/5/SP_4981395613_8.jpg');
            
            INSERT INTO product_images (product_id, name, path) 
            VALUES (4981395613, 'SP_4981395613_9.jpg', 'images/products/5/SP_4981395613_9.jpg');
            
            INSERT INTO product_details (id, product_id, size, color, unique_search_id, quantity)
            VALUES (54065512585, 4981395613, 'M', 'Trắng', 'agmnrt', 959);
            
            INSERT INTO product_details (id, product_id, size, color, unique_search_id, quantity)
            VALUES (54065512586, 4981395613, 'XL', 'Tím cà', ' acilmtx', 982);
            
            INSERT INTO product_details (id, product_id, size, color, unique_search_id, quantity)
            VALUES (54065512587, 4981395613, 'XXL', 'Tím cà', ' acilmtxx', 986);
            
            INSERT INTO product_details (id, product_id, size, color, unique_search_id, quantity)
            VALUES (54065512588, 4981395613, 'XXL', 'Da', 'adlxx', 989);
            
            INSERT INTO product_details (id, product_id, size, color, unique_search_id, quantity)
            VALUES (54065512589, 4981395613, 'L', 'Biển', 'beiln', 950);
            
            INSERT INTO product_details (id, product_id, size, color, unique_search_id, quantity)
            VALUES (54065512590, 4981395613, 'XL', 'Cam', 'aclmx', 973);
            
            INSERT INTO product_details (id, product_id, size, color, unique_search_id, quantity)
            VALUES (54065512591, 4981395613, 'M', 'Đen', 'demn', 937);
            
            INSERT INTO product_details (id, product_id, size, color, unique_search_id, quantity)
            VALUES (54065512592, 4981395613, 'M', 'Tím cà', ' acimmt', 986);
            
            INSERT INTO product_details (id, product_id, size, color, unique_search_id, quantity)
            VALUES (54065512593, 4981395613, 'S', 'Da', 'ads', 989);
            
            INSERT INTO product_details (id, product_id, size, color, unique_search_id, quantity)
            VALUES (54065512594, 4981395613, 'XXL', 'Biển', 'beilnxx', 980);
            
            INSERT INTO product_details (id, product_id, size, color, unique_search_id, quantity)
            VALUES (54065512595, 4981395613, 'S', 'Cam', 'acms', 985);
            
            INSERT INTO product_details (id, product_id, size, color, unique_search_id, quantity)
            VALUES (54065512596, 4981395613, 'XL', 'Đen', 'delnx', 939);
            
            INSERT INTO product_details (id, product_id, size, color, unique_search_id, quantity)
            VALUES (54065512597, 4981395613, 'S', 'Trắng', 'agnrst', 977);
            
            INSERT INTO product_details (id, product_id, size, color, unique_search_id, quantity)
            VALUES (54065512598, 4981395613, 'XL', 'Da', 'adlx', 989);
            
            INSERT INTO product_details (id, product_id, size, color, unique_search_id, quantity)
            VALUES (54065512599, 4981395613, 'L', 'Cam', 'aclm', 973);
            
            INSERT INTO product_details (id, product_id, size, color, unique_search_id, quantity)
            VALUES (54065512600, 4981395613, 'XXL', 'Cam', 'aclmxx', 985);
            
            INSERT INTO product_details (id, product_id, size, color, unique_search_id, quantity)
            VALUES (54065512601, 4981395613, 'XL', 'Trắng', 'aglnrtx', 964);
            
            INSERT INTO product_details (id, product_id, size, color, unique_search_id, quantity)
            VALUES (54065512602, 4981395613, 'XXL', 'Trắng', 'aglnrtxx', 974);
            
            INSERT INTO product_details (id, product_id, size, color, unique_search_id, quantity)
            VALUES (54065512603, 4981395613, 'S', 'Tím cà', ' acimst', 989);
            
            INSERT INTO product_details (id, product_id, size, color, unique_search_id, quantity)
            VALUES (54065512604, 4981395613, 'M', 'Biển', 'beimn', 954);
            
            INSERT INTO product_details (id, product_id, size, color, unique_search_id, quantity)
            VALUES (54065512605, 4981395613, 'XXL', 'Xanh than', ' aahhlnntxxx', 981);
            
            INSERT INTO product_details (id, product_id, size, color, unique_search_id, quantity)
            VALUES (54065512606, 4981395613, 'S', 'Đen', 'dens', 978);
            
            INSERT INTO product_details (id, product_id, size, color, unique_search_id, quantity)
            VALUES (54065512607, 4981395613, 'L', 'Đen', 'deln', 924);
            
            INSERT INTO product_details (id, product_id, size, color, unique_search_id, quantity)
            VALUES (54065512608, 4981395613, 'L', 'Trắng', 'aglnrt', 954);
            
            INSERT INTO product_details (id, product_id, size, color, unique_search_id, quantity)
            VALUES (64065512499, 4981395613, 'L', 'Tím cà', ' acilmt', 983);
            
            INSERT INTO product_details (id, product_id, size, color, unique_search_id, quantity)
            VALUES (64065512500, 4981395613, 'M', 'Xanh than', ' aahhmnntx', 982);
            
            INSERT INTO product_details (id, product_id, size, color, unique_search_id, quantity)
            VALUES (64065512501, 4981395613, 'M', 'Da', 'adm', 987);
            
            INSERT INTO product_details (id, product_id, size, color, unique_search_id, quantity)
            VALUES (64065512502, 4981395613, 'XL', 'Biển', 'beilnx', 971);
            
            INSERT INTO product_details (id, product_id, size, color, unique_search_id, quantity)
            VALUES (64065512503, 4981395613, 'M', 'Cam', 'acmm', 978);
            
            INSERT INTO product_details (id, product_id, size, color, unique_search_id, quantity)
            VALUES (64065512504, 4981395613, 'S', 'Xanh than', ' aahhnnstx', 987);
            
            INSERT INTO product_details (id, product_id, size, color, unique_search_id, quantity)
            VALUES (64065512505, 4981395613, 'L', 'Xanh than', ' aahhlnntx', 971);
            
            INSERT INTO product_details (id, product_id, size, color, unique_search_id, quantity)
            VALUES (64065512506, 4981395613, 'S', 'Biển', 'beins', 980);
            
            INSERT INTO product_details (id, product_id, size, color, unique_search_id, quantity)
            VALUES (64065512507, 4981395613, 'XXL', 'Đen', 'delnxx', 963);
            
            INSERT INTO product_details (id, product_id, size, color, unique_search_id, quantity)
            VALUES (64065512508, 4981395613, 'XL', 'Xanh than', ' aahhlnntxx', 976);
            
            INSERT INTO product_details (id, product_id, size, color, unique_search_id, quantity)
            VALUES (64065512509, 4981395613, 'L', 'Da', 'adl', 986);
            
            INSERT INTO products (id, sku, name, slug, category_id, unit_price, sale_price, preview_image_name, preview_image_path, views, description)
            VALUES (7422332172, 'SP05003', '[Mã FASHIONMALLT4 giảm tới 30K đơn 150K] Áo thun Unisex SDVN SWEETHEART', 'ma-fashionmallt4-giam-toi-30k-don-150k-ao-thun-unisex-sdvn-sweetheart', 5, 120000, 150000, 'SP_7422332172_0.jpg', 'images/products/5/SP_7422332172_0.jpg', 9662, 'Chất liệu: Thun cotton 65/35 4 chiều, với 65% cotton, 35% polyester
Kĩ thuật in: In lụa
Tem cổ đính trên cổ áo, size áo ở dưới tem cổ và in trên tag.
Kích cỡ gồm 4 size: S / M / L / XL. Quý khách vui lòng tham khảo bảng thông số size ở ảnh cuối.

Hướng dẫn sử dụng và bảo quản áo:
- Giặt áo trước khi mặc để áo mềm mại hơn
- Lộn trái áo khi giặt/ngâm và cả khi phơi để giữ hình in không bị bong tróc
- Để cổ áo không bị giãn: tránh tròng móc vào cổ áo khi phơi, nên gập áo lên thanh ngang của móc

SDVN CAM KẾT:
- Sản phẩm giống với hình ảnh đăng tải (Do màn hình và điều kiện ánh sáng khác nhau, màu sắc bên ngoài có thể sẽ chênh lệch 1 chút so với trên hình)
- Hỗ trợ khách hàng đổi size nếu mặc không vừa
- Đổi/trả hàng/giao lại miễn phí nếu: lỗi sản xuất, giao nhầm mẫu, nhầm size, giao thiếu sản phẩm
- Thực hiện đúng các quy định trả hàng/hoàn tiền của Shopee

Điều kiện đổi/trả hàng:
- Trong vòng 7 ngày kể từ khi nhận hàng
- Áo chưa qua sử dụng, chưa giặt
- Tag và mạc áo còn nguyên, chưa cắt
- Không hỗ trợ đổi/trả hàng nếu: không thích, không hợp, đặt nhầm mẫu, nhầm màu.

#sdvn #aothunsdvn #aothununisex #aothuncotton #madeinvietnam #localbrand #shopeemall #formrong #inhinh #streetstyle #streetwear');
            
            INSERT INTO product_images (product_id, name, path) 
            VALUES (7422332172, 'SP_7422332172_1.jpg', 'images/products/5/SP_7422332172_1.jpg');
            
            INSERT INTO product_images (product_id, name, path) 
            VALUES (7422332172, 'SP_7422332172_2.jpg', 'images/products/5/SP_7422332172_2.jpg');
            
            INSERT INTO product_images (product_id, name, path) 
            VALUES (7422332172, 'SP_7422332172_3.jpg', 'images/products/5/SP_7422332172_3.jpg');
            
            INSERT INTO product_images (product_id, name, path) 
            VALUES (7422332172, 'SP_7422332172_4.jpg', 'images/products/5/SP_7422332172_4.jpg');
            
            INSERT INTO product_images (product_id, name, path) 
            VALUES (7422332172, 'SP_7422332172_5.jpg', 'images/products/5/SP_7422332172_5.jpg');
            
            INSERT INTO product_details (id, product_id, size, color, unique_search_id, quantity)
            VALUES (15305277327, 7422332172, 'S', 'Trắng', 'agnrst', 3);
            
            INSERT INTO product_details (id, product_id, size, color, unique_search_id, quantity)
            VALUES (15305277328, 7422332172, 'M', 'Trắng', 'agmnrt', 1);
            
            INSERT INTO product_details (id, product_id, size, color, unique_search_id, quantity)
            VALUES (15305277329, 7422332172, 'L', 'Trắng', 'aglnrt', 10);
            
            INSERT INTO product_details (id, product_id, size, color, unique_search_id, quantity)
            VALUES (15305277330, 7422332172, 'XL', 'Trắng', 'aglnrtx', 51);
            
            INSERT INTO product_details (id, product_id, size, color, unique_search_id, quantity)
            VALUES (15305277331, 7422332172, 'S', 'Đen', 'dens', 5);
            
            INSERT INTO product_details (id, product_id, size, color, unique_search_id, quantity)
            VALUES (15305277332, 7422332172, 'M', 'Đen', 'demn', 4);
            
            INSERT INTO product_details (id, product_id, size, color, unique_search_id, quantity)
            VALUES (15305277333, 7422332172, 'L', 'Đen', 'deln', 9);
            
            INSERT INTO product_details (id, product_id, size, color, unique_search_id, quantity)
            VALUES (15305277334, 7422332172, 'XL', 'Đen', 'delnx', 39);
            
            INSERT INTO product_details (id, product_id, size, color, unique_search_id, quantity)
            VALUES (15305277339, 7422332172, 'S', 'Dâu', 'adsu', 0);
            
            INSERT INTO product_details (id, product_id, size, color, unique_search_id, quantity)
            VALUES (15305277340, 7422332172, 'M', 'Dâu', 'admu', 2);
            
            INSERT INTO product_details (id, product_id, size, color, unique_search_id, quantity)
            VALUES (15305277341, 7422332172, 'L', 'Dâu', 'adlu', 8);
            
            INSERT INTO product_details (id, product_id, size, color, unique_search_id, quantity)
            VALUES (15305277342, 7422332172, 'XL', 'Dâu', 'adlux', 19);
            
            INSERT INTO product_details (id, product_id, size, color, unique_search_id, quantity)
            VALUES (43573589200, 7422332172, 'M', 'Xanh ngọc', ' acghmnnox', 14);
            
            INSERT INTO product_details (id, product_id, size, color, unique_search_id, quantity)
            VALUES (43573589201, 7422332172, 'L', 'Xanh ngọc', ' acghlnnox', 24);
            
            INSERT INTO product_details (id, product_id, size, color, unique_search_id, quantity)
            VALUES (43573589202, 7422332172, 'S', 'Xanh ngọc', ' acghnnosx', 10);
            
            INSERT INTO product_details (id, product_id, size, color, unique_search_id, quantity)
            VALUES (43573589203, 7422332172, 'XL', 'Xanh ngọc', ' acghlnnoxx', 7);
            
            INSERT INTO products (id, sku, name, slug, category_id, unit_price, sale_price, preview_image_name, preview_image_path, views, description)
            VALUES (5276685764, 'SP05004', 'Áo thun tay ngắn dáng rộng in họa tiết thời trang mùa hè đa năng cho nam', 'ao-thun-tay-ngan-dang-rong-in-hoa-tiet-thoi-trang-mua-he-da-nang-cho-nam', 5, 89000, 120000, 'SP_5276685764_0.jpg', 'images/products/5/SP_5276685764_0.jpg', 25441, 'Thời gian giao hàng dự kiến cho sản phẩm này là từ 7-9 ngày
 
 Hàng có sẵn, hàng siêu rẻ, tuyển chọn kỹ càng, hàng mới về mỗi ngày.
 
 Để xem thêm nhiều kiểu dáng khác, vui lòng bấm vào 👉 để xem cửa hàng.
 
 🔔🔔Nếu bạn thích mặc rộng có thể chọn cỡ lớn hơn! Nếu bạn không biết cách chọn cỡ, vui lòng liên hệ với dịch vụ chăm sóc khách hàng của chúng tôi để chúng tôi đề xuất cỡ giúp bạn!
 
 🔔🔔Vì cơ thể của mỗi người khác nhau và không được thử sản phẩm tại chỗ nên chúng tôi không thể đảm bảo rằng 100% tất cả mọi người đều phù hợp, chúng tôi chỉ có thể giới thiệu cỡ có thể phù hợp nhất, bạn nhé!
 
 🔔🔔Do lý do ánh sáng và màn hình khác nhau nên có thể có chênh lệch màu sắc, các bạn tham khảo sản phẩm thực tế nhé!
 
 🔔🔔Hàng được kiểm tra trước khi xuất xưởng. Mọi thắc mắc sau khi lấy hàng vui lòng liên hệ với chúng tôi trong thời gian sớm nhất. Đừng trực tiếp đánh giá tiêu cực, chúng tôi sẽ giúp bạn giải quyết vấn đề!');
            
            INSERT INTO product_images (product_id, name, path) 
            VALUES (5276685764, 'SP_5276685764_1.jpg', 'images/products/5/SP_5276685764_1.jpg');
            
            INSERT INTO product_images (product_id, name, path) 
            VALUES (5276685764, 'SP_5276685764_2.jpg', 'images/products/5/SP_5276685764_2.jpg');
            
            INSERT INTO product_images (product_id, name, path) 
            VALUES (5276685764, 'SP_5276685764_3.jpg', 'images/products/5/SP_5276685764_3.jpg');
            
            INSERT INTO product_images (product_id, name, path) 
            VALUES (5276685764, 'SP_5276685764_4.jpg', 'images/products/5/SP_5276685764_4.jpg');
            
            INSERT INTO product_images (product_id, name, path) 
            VALUES (5276685764, 'SP_5276685764_5.jpg', 'images/products/5/SP_5276685764_5.jpg');
            
            INSERT INTO product_images (product_id, name, path) 
            VALUES (5276685764, 'SP_5276685764_6.jpg', 'images/products/5/SP_5276685764_6.jpg');
            
            INSERT INTO product_images (product_id, name, path) 
            VALUES (5276685764, 'SP_5276685764_7.jpg', 'images/products/5/SP_5276685764_7.jpg');
            
            INSERT INTO product_details (id, product_id, size, color, unique_search_id, quantity)
            VALUES (53414166326, 5276685764, 'M', 'White', 'ehimtw', 947);
            
            INSERT INTO product_details (id, product_id, size, color, unique_search_id, quantity)
            VALUES (53414166327, 5276685764, 'L', 'Black', 'abckll', 909);
            
            INSERT INTO product_details (id, product_id, size, color, unique_search_id, quantity)
            VALUES (53414166328, 5276685764, 'XL', 'Black', 'abckllx', 935);
            
            INSERT INTO product_details (id, product_id, size, color, unique_search_id, quantity)
            VALUES (53414166329, 5276685764, 'M', 'Blue', 'belmu', 809);
            
            INSERT INTO product_details (id, product_id, size, color, unique_search_id, quantity)
            VALUES (53414166330, 5276685764, 'L', 'Blue', 'bellu', 781);
            
            INSERT INTO product_details (id, product_id, size, color, unique_search_id, quantity)
            VALUES (53414166331, 5276685764, 'L', 'White', 'ehiltw', 941);
            
            INSERT INTO product_details (id, product_id, size, color, unique_search_id, quantity)
            VALUES (53414166332, 5276685764, '2XL', 'White', '2ehiltwx', 976);
            
            INSERT INTO product_details (id, product_id, size, color, unique_search_id, quantity)
            VALUES (53414166333, 5276685764, '2XL', 'Blue', '2bellux', 898);
            
            INSERT INTO product_details (id, product_id, size, color, unique_search_id, quantity)
            VALUES (53414166334, 5276685764, '3XL', 'Blue', '3bellux', 885);
            
            INSERT INTO product_details (id, product_id, size, color, unique_search_id, quantity)
            VALUES (53414166335, 5276685764, '2XL', 'Black', '2abckllx', 953);
            
            INSERT INTO product_details (id, product_id, size, color, unique_search_id, quantity)
            VALUES (53414166336, 5276685764, 'XL', 'Blue', 'bellux', 839);
            
            INSERT INTO product_details (id, product_id, size, color, unique_search_id, quantity)
            VALUES (53414166337, 5276685764, 'M', 'Black', 'abcklm', 921);
            
            INSERT INTO product_details (id, product_id, size, color, unique_search_id, quantity)
            VALUES (53414166338, 5276685764, '3XL', 'White', '3ehiltwx', 970);
            
            INSERT INTO product_details (id, product_id, size, color, unique_search_id, quantity)
            VALUES (53414166339, 5276685764, '3XL', 'Black', '3abckllx', 940);
            
            INSERT INTO product_details (id, product_id, size, color, unique_search_id, quantity)
            VALUES (53414166340, 5276685764, 'XL', 'White', 'ehiltwx', 951);
            
            INSERT INTO products (id, sku, name, slug, category_id, unit_price, sale_price, preview_image_name, preview_image_path, views, description)
            VALUES (6279571667, 'SP05005', 'BÁN SỈ ÁO POLO NAM THÊU CÁ SẤU CỔ VIỀN', 'ban-si-ao-polo-nam-theu-ca-sau-co-vien', 5, 76500, 120000, 'SP_6279571667_0.jpg', 'images/products/5/SP_6279571667_0.jpg', 933, 'Áo polo nam ! 
TINH TẾ- ĐẲNG CẤP

Polo nam gai cá sấu
Thiết kế đơn giản nhưng vô cùng lịch sự, các anh mặc đi làm, tiếp đối tác, đi chơi oki

   :x: full sz M L Xl

Sz M 50-60kg
Sz L 60-68kg
Sz XL 68-75kg');
            
            INSERT INTO product_images (product_id, name, path) 
            VALUES (6279571667, 'SP_6279571667_1.jpg', 'images/products/5/SP_6279571667_1.jpg');
            
            INSERT INTO product_images (product_id, name, path) 
            VALUES (6279571667, 'SP_6279571667_2.jpg', 'images/products/5/SP_6279571667_2.jpg');
            
            INSERT INTO product_images (product_id, name, path) 
            VALUES (6279571667, 'SP_6279571667_3.jpg', 'images/products/5/SP_6279571667_3.jpg');
            
            INSERT INTO product_images (product_id, name, path) 
            VALUES (6279571667, 'SP_6279571667_4.jpg', 'images/products/5/SP_6279571667_4.jpg');
            
            INSERT INTO product_images (product_id, name, path) 
            VALUES (6279571667, 'SP_6279571667_5.jpg', 'images/products/5/SP_6279571667_5.jpg');
            
            INSERT INTO product_images (product_id, name, path) 
            VALUES (6279571667, 'SP_6279571667_6.jpg', 'images/products/5/SP_6279571667_6.jpg');
            
            INSERT INTO product_images (product_id, name, path) 
            VALUES (6279571667, 'SP_6279571667_7.jpg', 'images/products/5/SP_6279571667_7.jpg');
            
            INSERT INTO product_images (product_id, name, path) 
            VALUES (6279571667, 'SP_6279571667_8.jpg', 'images/products/5/SP_6279571667_8.jpg');
            
            INSERT INTO product_images (product_id, name, path) 
            VALUES (6279571667, 'SP_6279571667_9.jpg', 'images/products/5/SP_6279571667_9.jpg');
            
            INSERT INTO product_details (id, product_id, size, color, unique_search_id, quantity)
            VALUES (73723051439, 6279571667, 'M', 'Ghi', 'ghim', 0);
            
            INSERT INTO product_details (id, product_id, size, color, unique_search_id, quantity)
            VALUES (73723051440, 6279571667, 'L', 'Than', 'ahlnt', 0);
            
            INSERT INTO product_details (id, product_id, size, color, unique_search_id, quantity)
            VALUES (73723051441, 6279571667, 'XL', 'Ghi', 'ghilx', 0);
            
            INSERT INTO product_details (id, product_id, size, color, unique_search_id, quantity)
            VALUES (73723051442, 6279571667, 'M', 'Đen', 'demn', 13);
            
            INSERT INTO product_details (id, product_id, size, color, unique_search_id, quantity)
            VALUES (73723051443, 6279571667, 'L', 'Xanh', 'ahlnx', 0);
            
            INSERT INTO product_details (id, product_id, size, color, unique_search_id, quantity)
            VALUES (73723051444, 6279571667, 'XL', 'Than', 'ahlntx', 0);
            
            INSERT INTO product_details (id, product_id, size, color, unique_search_id, quantity)
            VALUES (73723051445, 6279571667, 'M', 'Xanh', 'ahmnx', 0);
            
            INSERT INTO product_details (id, product_id, size, color, unique_search_id, quantity)
            VALUES (73723051446, 6279571667, 'M', 'Trắng', 'agmnrt', 0);
            
            INSERT INTO product_details (id, product_id, size, color, unique_search_id, quantity)
            VALUES (73723051447, 6279571667, 'XL', 'Đen', 'delnx', 5);
            
            INSERT INTO product_details (id, product_id, size, color, unique_search_id, quantity)
            VALUES (73723051448, 6279571667, 'L', 'Trắng', 'aglnrt', 0);
            
            INSERT INTO product_details (id, product_id, size, color, unique_search_id, quantity)
            VALUES (73723051449, 6279571667, 'XL', 'Trắng', 'aglnrtx', 0);
            
            INSERT INTO product_details (id, product_id, size, color, unique_search_id, quantity)
            VALUES (73723051450, 6279571667, 'L', 'Ghi', 'ghil', 0);
            
            INSERT INTO product_details (id, product_id, size, color, unique_search_id, quantity)
            VALUES (73723051451, 6279571667, 'L', 'Đen', 'deln', 9);
            
            INSERT INTO product_details (id, product_id, size, color, unique_search_id, quantity)
            VALUES (73723051452, 6279571667, 'M', 'Than', 'ahmnt', 0);
            
            INSERT INTO product_details (id, product_id, size, color, unique_search_id, quantity)
            VALUES (73723051453, 6279571667, 'XL', 'Xanh', 'ahlnxx', 0);
            
            INSERT INTO products (id, sku, name, slug, category_id, unit_price, sale_price, preview_image_name, preview_image_path, views, description)
            VALUES (8517071045, 'SP05006', 'áo polo áo thun Dáng Rộng Ngắn Tay unisex  Xinh Xắn Theo Phong Cách Hàn Quốc Dành Cho Nữ / Dưới 100kg', 'ao-polo-ao-thun-dang-rong-ngan-tay-unisex-xinh-xan-theo-phong-cach-han-quoc-danh-cho-nu-/-duoi-100kg', 5, 156000, 208000, 'SP_8517071045_0.jpg', 'images/products/5/SP_8517071045_0.jpg', 12033, '👑👑👑👑👑👑Akis Store👑👑👑👑👑👑
💋Áo thun cổ bẻ Polo áo thun nữ xuân hè 2021, áo thun bigsize nữ được thêu tinh tế, chất liệu thoáng mát thoải mái năng động cho mùa hè. Áo phông unisex nam nữ đều mặc được, áo thun đôi hoặc áo nhóm siêu xinh.
💋POLO basic phong cách Hàn Quốc thiết kế đơn giản đẹp phong cách trang nhã, dễ phối đồ. 
💋Chất liệu: cotton 30%,  không phai màu khi giặt, thoáng mát mềm mại. 
💋SIZE: Hãy xem kỹ bảng size sản phẩm trước khi xuống đơn hàng. Hỗ trợ đổi trả trong vòng 7 ngày nếu có vấn đề về chất lượng sản phẩm sản phẩm nguyên tem mác, chưa giăt qua). QUÝ KHÁCH VUI LÒNG CHAT LIÊN HỆ SHOP ĐỂ ĐƯỢC XỬ LÝ NHANH NHẤT!
M dài 68 ngực 108 vai 51
L dài 69 ngực 112 vai 53
XL dài 70 ngực 116 vai 55
2XL dài 71 ngực 120 vai 57
💋Khuyến mãi: HOT chào xuân hè 2021
Giảm ngay 5K với đơn từ 0đ cho khách hàng và nhiều voucher khác, mua nhiều giảm giá, hãy follow shop để nhận thêm VOUCHER cho FOLLOWER 👑👑👑👑👑

#aothunkieunu #aothunbigsizedanhchonu #aothunnu #aothununisex #aothuntaylo #aothuntron #aothun #aophongtron #aophongnu #aophongunisex #aophongnuformrong#aophongtaylo #aophongrong #polonu #polounisex #aothununisexformrong #polotronunisex');
            
            INSERT INTO product_images (product_id, name, path) 
            VALUES (8517071045, 'SP_8517071045_1.jpg', 'images/products/5/SP_8517071045_1.jpg');
            
            INSERT INTO product_images (product_id, name, path) 
            VALUES (8517071045, 'SP_8517071045_2.jpg', 'images/products/5/SP_8517071045_2.jpg');
            
            INSERT INTO product_images (product_id, name, path) 
            VALUES (8517071045, 'SP_8517071045_3.jpg', 'images/products/5/SP_8517071045_3.jpg');
            
            INSERT INTO product_images (product_id, name, path) 
            VALUES (8517071045, 'SP_8517071045_4.jpg', 'images/products/5/SP_8517071045_4.jpg');
            
            INSERT INTO product_images (product_id, name, path) 
            VALUES (8517071045, 'SP_8517071045_5.jpg', 'images/products/5/SP_8517071045_5.jpg');
            
            INSERT INTO product_images (product_id, name, path) 
            VALUES (8517071045, 'SP_8517071045_6.jpg', 'images/products/5/SP_8517071045_6.jpg');
            
            INSERT INTO product_images (product_id, name, path) 
            VALUES (8517071045, 'SP_8517071045_7.jpg', 'images/products/5/SP_8517071045_7.jpg');
            
            INSERT INTO product_images (product_id, name, path) 
            VALUES (8517071045, 'SP_8517071045_8.jpg', 'images/products/5/SP_8517071045_8.jpg');
            
            INSERT INTO product_images (product_id, name, path) 
            VALUES (8517071045, 'SP_8517071045_9.jpg', 'images/products/5/SP_8517071045_9.jpg');
            
            INSERT INTO product_details (id, product_id, size, color, unique_search_id, quantity)
            VALUES (43760208451, 8517071045, 'M (40-55kg)', 'Xanh', ' ()-0455aghkmnx', 1395);
            
            INSERT INTO product_details (id, product_id, size, color, unique_search_id, quantity)
            VALUES (43760208452, 8517071045, 'XL(67-77kg)', 'Vàng', '()-6777aggklnvx', 1400);
            
            INSERT INTO product_details (id, product_id, size, color, unique_search_id, quantity)
            VALUES (43760208453, 8517071045, '2XL(77-90kg)', 'Vàng', '()-02779aggklnvx', 1400);
            
            INSERT INTO product_details (id, product_id, size, color, unique_search_id, quantity)
            VALUES (43760208454, 8517071045, 'M (40-55kg)', 'Hồng', ' ()-0455gghkmno', 1388);
            
            INSERT INTO product_details (id, product_id, size, color, unique_search_id, quantity)
            VALUES (43760208455, 8517071045, 'L(55-67kg)', 'Hồng', '()-5567gghklno', 1387);
            
            INSERT INTO product_details (id, product_id, size, color, unique_search_id, quantity)
            VALUES (43760208456, 8517071045, '2XL(77-90kg)', 'Hồng', '()-02779gghklnox', 1391);
            
            INSERT INTO product_details (id, product_id, size, color, unique_search_id, quantity)
            VALUES (43760208457, 8517071045, 'L(55-67kg)', 'Đen', '()-5567degkln', 1393);
            
            INSERT INTO product_details (id, product_id, size, color, unique_search_id, quantity)
            VALUES (43760208458, 8517071045, 'M (40-55kg)', 'Trắng', ' ()-0455aggkmnrt', 1393);
            
            INSERT INTO product_details (id, product_id, size, color, unique_search_id, quantity)
            VALUES (43760208459, 8517071045, 'XL(67-77kg)', 'Trắng', '()-6777aggklnrtx', 1399);
            
            INSERT INTO product_details (id, product_id, size, color, unique_search_id, quantity)
            VALUES (43760208460, 8517071045, 'L(55-67kg)', 'Xanh', '()-5567aghklnx', 1398);
            
            INSERT INTO product_details (id, product_id, size, color, unique_search_id, quantity)
            VALUES (43760208461, 8517071045, 'L(55-67kg)', 'Vàng', '()-5567aggklnv', 1396);
            
            INSERT INTO product_details (id, product_id, size, color, unique_search_id, quantity)
            VALUES (43760208462, 8517071045, '2XL(77-90kg)', 'Đen', '()-02779degklnx', 1396);
            
            INSERT INTO product_details (id, product_id, size, color, unique_search_id, quantity)
            VALUES (43760208463, 8517071045, 'XL(67-77kg)', 'Đen', '()-6777degklnx', 1395);
            
            INSERT INTO product_details (id, product_id, size, color, unique_search_id, quantity)
            VALUES (43760208464, 8517071045, 'L(55-67kg)', 'Trắng', '()-5567aggklnrt', 1394);
            
            INSERT INTO product_details (id, product_id, size, color, unique_search_id, quantity)
            VALUES (43760208465, 8517071045, '2XL(77-90kg)', 'Trắng', '()-02779aggklnrtx', 1397);
            
            INSERT INTO product_details (id, product_id, size, color, unique_search_id, quantity)
            VALUES (43760208466, 8517071045, 'XL(67-77kg)', 'Xanh', '()-6777aghklnxx', 1396);
            
            INSERT INTO product_details (id, product_id, size, color, unique_search_id, quantity)
            VALUES (43760208467, 8517071045, 'XL(67-77kg)', 'Hồng', '()-6777gghklnox', 1398);
            
            INSERT INTO product_details (id, product_id, size, color, unique_search_id, quantity)
            VALUES (43760208468, 8517071045, '2XL(77-90kg)', 'Xanh', '()-02779aghklnxx', 1399);
            
            INSERT INTO product_details (id, product_id, size, color, unique_search_id, quantity)
            VALUES (43760208469, 8517071045, 'M (40-55kg)', 'Vàng', ' ()-0455aggkmnv', 1400);
            
            INSERT INTO product_details (id, product_id, size, color, unique_search_id, quantity)
            VALUES (43760208470, 8517071045, 'M (40-55kg)', 'Đen', ' ()-0455degkmn', 1395);
            
            INSERT INTO products (id, sku, name, slug, category_id, unit_price, sale_price, preview_image_name, preview_image_path, views, description)
            VALUES (6384233937, 'SP05007', 'Áo thun có cổ - REGODS POLO IDENTIFY-', 'ao-thun-co-co-regods-polo-identify-', 5, 350000, 370000, 'SP_6384233937_0.jpg', 'images/products/5/SP_6384233937_0.jpg', 10121, '1. GIỚI THIỆU SẢN PHẨM
- Tên sản phẩm :Áo thun có cổ ( REGODS POLO IDENTIFY) 
- Áo được làm từ chất liệu PCG nhập hàn co giãn với bề mặt vải mềm mại, thấm hút mồ hôi tốt tạo cảm giác thoải mái, thoáng mát cho người mặc. Đây cũng là chất liệu dễ giặt sạch, giúp bạn tiết kiệm một khoảng thời gian đáng kể.
- Áo chống nhăn tốt, dễ giặt sạch, nhanh khô.
-Giặt tay hay giặt máy thoải mái không sợ ra màu , mất form 
- Mực in / Hình thêu không bông tróc, sắc nét, không bay màu, không gây hại cho da, không dính vào nhau khi giặt, an toàn 100% cho sức khỏe người dùng.

2. THÔNG TIN SẢN PHẨM 
- Các Size M - L- XL
       + Size M :<55kg,cao <1m60 
       + Size L : <65kg , cao <1m70 
       + Size XL :<75-80kg,cao<1m80 
       ( Mang tính chất tham khảo, tuỳ vào sở thích mặc vừa/mặc rộng của quý khách )

3. HƯỚNG DẪN SỬ DỤNG VÀ BẢO QUẢN
- Lần đầu đem về chỉ xả nước lạnh rồi phơi khô để sợi vải và màu áo không bị xù, phai màu nhé.
- Không nên ngâm bột giặt quá lâu.
- Lộn trái áo khi giặt và phơi.
- Không giặt máy trong 10 ngày đầu.
- Không sử dụng thuốc tẩy.

4. Hỗ trợ đổi trả theo quy định :
4.1. Điều kiện áp dụng đổi sản phẩm (trong vòng 03 ngày kể từ khi nhận sản phẩm)
- Hàng hoá vẫn còn mới nguyên tem mác, chưa qua sử dụng
- Hàng hoá bị rách, in lỗi, bung chỉ, và các lỗi do vận chuyển hoặc do nhà sản xuất.
- Giao thiếu hàng ( có cung cấp video mở hàng )
- Đối với khách hàng tại HCM , Regods có hỗ trợ đổi size khi mua trên Shopee , điều kiện trong 3 ngày mua hàng, sản phẩm còn nguyên mác ( Hỗ trợ khách ghé 2 Chi nhánh trực tiếp đổi size ) . Vui lòng liên hệ trước để được chuẩn bị sẵn sản phẩm khách cần
4.2. Trường hợp không đủ điều kiện áp dụng chính sách:
- Quá 03 ngày kể từ khi Quý khách nhận hàng từ shopee
- Không thích, không hợp, đặt nhầm mã, nhầm màu

LƯU Ý:
-Hình ảnh sản phẩm hoàn toàn do shop tự chụp, với màn hình và điều kiện ánh sáng khác nhau, màu sắc thực tế của sản phẩm có thể chênh lệch khoảng 2-4%.
-Sau khi thanh toán , vui lòng quay video trong quá trình mở hàng để khi thiếu/ sót/ lỗi được hỗ trợ tốt nhất trong vấn đề đổi/trả hàng ( miễn phí ship ). Truờng hợp không quay video shop từ chối giải quyết   
-Nếu gặp khiếu nại về sản phẩm/ đơn hàng mong quý khách đừng vội đánh giá sao thấp và cho shop cơ hội hỗ trợ giải quyết khiếu nại đó
🛍 Hoá đơn trên 250K sẽ được tặng kèm [ 01 ĐÔI VỚ ] ( Random màu Trắng / Đen / Xám ) trị giá 50k và [ 01 SET STICKER ] phẩm tặng kèm sẽ không quy đổi thành tiền mặt 
Nếu bạn có bất kỳ yêu cầu gì, xin vui lòng liên hệ với chúng tôi

HỆ THỐNG CỬA HÀNG :
CN1 : 79 TRẦN QUANG DIỆU , PHƯỜNG 14 , QUẬN 3
CN2: THE NEW PLAYGROUND LÊ LAI, SỐ 4 PHẠM NGŨ LÃO QUẬN 1
SĐT KHIẾU NẠI CSKH : 0989613751
Cảm ơn ♥ 

#regods #AOTHUNHANQUOC #áothunnam #aothunnambody #aothunnam #aothunnamnu #áothunnamtayngắn #aothunnamdep #aothunnama #Localbrand #aothun #aothuntayngan #aothuncohinh #aothunden #aothuntrang #aonam #aonu #aounisex #aothunnam #aothunnu #aotaylo #aothuntayng');
            
            INSERT INTO product_images (product_id, name, path) 
            VALUES (6384233937, 'SP_6384233937_1.jpg', 'images/products/5/SP_6384233937_1.jpg');
            
            INSERT INTO product_images (product_id, name, path) 
            VALUES (6384233937, 'SP_6384233937_2.jpg', 'images/products/5/SP_6384233937_2.jpg');
            
            INSERT INTO product_images (product_id, name, path) 
            VALUES (6384233937, 'SP_6384233937_3.jpg', 'images/products/5/SP_6384233937_3.jpg');
            
            INSERT INTO product_images (product_id, name, path) 
            VALUES (6384233937, 'SP_6384233937_4.jpg', 'images/products/5/SP_6384233937_4.jpg');
            
            INSERT INTO product_images (product_id, name, path) 
            VALUES (6384233937, 'SP_6384233937_5.jpg', 'images/products/5/SP_6384233937_5.jpg');
            
            INSERT INTO product_images (product_id, name, path) 
            VALUES (6384233937, 'SP_6384233937_6.jpg', 'images/products/5/SP_6384233937_6.jpg');
            
            INSERT INTO product_images (product_id, name, path) 
            VALUES (6384233937, 'SP_6384233937_7.jpg', 'images/products/5/SP_6384233937_7.jpg');
            
            INSERT INTO product_images (product_id, name, path) 
            VALUES (6384233937, 'SP_6384233937_8.jpg', 'images/products/5/SP_6384233937_8.jpg');
            
            INSERT INTO product_details (id, product_id, size, color, unique_search_id, quantity)
            VALUES (54567205429, 6384233937, 'M', 'Đen', 'demn', 14);
            
            INSERT INTO product_details (id, product_id, size, color, unique_search_id, quantity)
            VALUES (54567205430, 6384233937, 'L', 'Đen', 'deln', 14);
            
            INSERT INTO product_details (id, product_id, size, color, unique_search_id, quantity)
            VALUES (54567205431, 6384233937, 'M', 'Trắng', 'agmnrt', 3);
            
            INSERT INTO product_details (id, product_id, size, color, unique_search_id, quantity)
            VALUES (54567205433, 6384233937, 'M', 'Hồng', 'ghmno', 14);
            
            INSERT INTO product_details (id, product_id, size, color, unique_search_id, quantity)
            VALUES (54567205435, 6384233937, 'L', 'Trắng', 'aglnrt', 6);
            
            INSERT INTO product_details (id, product_id, size, color, unique_search_id, quantity)
            VALUES (54567205436, 6384233937, 'L', 'Hồng', 'ghlno', 11);
            
            INSERT INTO products (id, sku, name, slug, category_id, unit_price, sale_price, preview_image_name, preview_image_path, views, description)
            VALUES (6758881863, 'SP05008', 'Áo thun dài tay nam. Áo thu đông unixex trơn cổ tròn,vải coton giữ nhiệt ATT1', 'ao-thun-dai-tay-nam-ao-thu-dong-unixex-tron-co-tron,vai-coton-giu-nhiet-att1', 5, 89000, 175000, 'SP_6758881863_0.jpg', 'images/products/5/SP_6758881863_0.jpg', 5143, 'Áo thun dài tay nam. Áo thu đông nam nữ unixex trơn cổ tròn,vải coton giữ nhiệt mặc form vừa , quý khách muốn mặc rộng thoải mái thì chọn tăng thêm 1 -2 size nhé.

Đây là dòng áo thun nam cơ bản có tay dài phù hợp cho mùa thu đông và thời tiết se lạnh

Chất liệu vải TC 65/35 4 chiều : Khả năng hút ẩm và thấm hút mồ hôi cao có thể lên đến 12%, tạo được cảm giác thông thoáng, dễ chịu khi mặc, đặc biệt thích hợp sử dụng cho những người thường xuyên vận động 

Dễ giặt, có độ bền cao ,có độ mềm mại vừa phải, được làm chủ yếu từ sợi bông thiên nhiên nên rất dễ giặt và đảm bảo được độ bền chắc của vải qua thời gian sử dụng

📣  CHÍNH SÁCH
👉 Cam kết chất lượng và mẫu mã sản phẩm giống với hình ảnh.
👉 Hoàn tiền nếu sản phẩm không giống với mô tả.
👉 Cam kết được đổi trả hàng trong vòng 2 ngày.


🔰  THÔNG TIN CHI TIẾT
🎗 Chất liệu: vải TC 65/35 4 chiều
🎗 Màu sắc: ĐEN, XANH THAN, NÂU BÒ, TRẮNG
------------------------------------
🔰  THÔNG TIN SẢN PHẨM
👉 Áo thun nam tay dài phong cách trẻ trung baisic . Kiểu dáng đơn giản, phù hợp nhiều hoàn cảnh
👉 Áo phông dài tay thu đông có khả năng giữ nếp và chống nhàu tốt, độ co giặt thấp, khả năng giữ nhiệt tốt
👉 Áo thun dài tay cổ tròn có thể mặc form rộng phù hợp với style của từng người
👉 Áo thun unixex có thể mặc thành áo đôi, áo nhóm , rễ phối đồ. Đặc biệt có khả năng giữ nhiệt tốt
------------------------------------
🔰  HƯỚNG DẪN CÁCH ĐẶT HÀNG
⏩  Cách chọn size: Shop có bảng size mẫu. Bạn NÊN INBOX, cung cấp chiều cao, cân nặng để SHOP TƯ VẤN SIZE.
⏩ Cách đặt hàng: Nếu bạn muốn mua 2 sản phẩm khác nhau hoặc 2 size khác nhau, để được freeship
-  Bạn chọn từng sản phẩm rồi thêm vào giỏ hàng.
-  Khi giỏ hàng đã có đầy đủ các sản phẩm cần mua, bạn mới tiến hành ấn nút “ Thanh toán”.
⏩ Shop luôn sẵn sàng trả lời inbox để tư vấn.

#ao #thun #nam #cotron #aocotron #aonam #daitay #aoni #aodaitay #aoninam #aothuncotronnam #aoninam #aonidacanam#aothunnam#aothunnamtaydai#aothunnamdaitay#aogiunhietnam');
            
            INSERT INTO product_images (product_id, name, path) 
            VALUES (6758881863, 'SP_6758881863_1.jpg', 'images/products/5/SP_6758881863_1.jpg');
            
            INSERT INTO product_images (product_id, name, path) 
            VALUES (6758881863, 'SP_6758881863_2.jpg', 'images/products/5/SP_6758881863_2.jpg');
            
            INSERT INTO product_images (product_id, name, path) 
            VALUES (6758881863, 'SP_6758881863_3.jpg', 'images/products/5/SP_6758881863_3.jpg');
            
            INSERT INTO product_images (product_id, name, path) 
            VALUES (6758881863, 'SP_6758881863_4.jpg', 'images/products/5/SP_6758881863_4.jpg');
            
            INSERT INTO product_images (product_id, name, path) 
            VALUES (6758881863, 'SP_6758881863_5.jpg', 'images/products/5/SP_6758881863_5.jpg');
            
            INSERT INTO product_images (product_id, name, path) 
            VALUES (6758881863, 'SP_6758881863_6.jpg', 'images/products/5/SP_6758881863_6.jpg');
            
            INSERT INTO product_images (product_id, name, path) 
            VALUES (6758881863, 'SP_6758881863_7.jpg', 'images/products/5/SP_6758881863_7.jpg');
            
            INSERT INTO product_images (product_id, name, path) 
            VALUES (6758881863, 'SP_6758881863_8.jpg', 'images/products/5/SP_6758881863_8.jpg');
            
            INSERT INTO product_details (id, product_id, size, color, unique_search_id, quantity)
            VALUES (52934225191, 6758881863, 'M ', 'NÂU BÒ', '  abmnou', 0);
            
            INSERT INTO product_details (id, product_id, size, color, unique_search_id, quantity)
            VALUES (52934225192, 6758881863, 'L', 'NÂU BÒ', ' ablnou', 0);
            
            INSERT INTO product_details (id, product_id, size, color, unique_search_id, quantity)
            VALUES (52934225193, 6758881863, 'XL', 'NÂU BÒ', ' ablnoux', 0);
            
            INSERT INTO product_details (id, product_id, size, color, unique_search_id, quantity)
            VALUES (61507667205, 6758881863, 'M ', 'ĐEN', ' demn', 130);
            
            INSERT INTO product_details (id, product_id, size, color, unique_search_id, quantity)
            VALUES (61507667206, 6758881863, 'XL', 'ĐEN', 'delnx', 133);
            
            INSERT INTO product_details (id, product_id, size, color, unique_search_id, quantity)
            VALUES (61507667207, 6758881863, 'M ', 'XANH THAN', '  aahhmnntx', 144);
            
            INSERT INTO product_details (id, product_id, size, color, unique_search_id, quantity)
            VALUES (61507667208, 6758881863, 'XL', 'XANH THAN', ' aahhlnntxx', 137);
            
            INSERT INTO product_details (id, product_id, size, color, unique_search_id, quantity)
            VALUES (61507667210, 6758881863, 'XL', 'XANH CỔ VỊT', '  achilnotvxx', 141);
            
            INSERT INTO product_details (id, product_id, size, color, unique_search_id, quantity)
            VALUES (61507667212, 6758881863, 'L', 'TRẮNG', 'aglnrt', 122);
            
            INSERT INTO product_details (id, product_id, size, color, unique_search_id, quantity)
            VALUES (61507667213, 6758881863, 'M ', 'XANH CỔ VỊT', '   achimnotvx', 144);
            
            INSERT INTO product_details (id, product_id, size, color, unique_search_id, quantity)
            VALUES (61507667214, 6758881863, 'L', 'XANH CỔ VỊT', '  achilnotvx', 149);
            
            INSERT INTO product_details (id, product_id, size, color, unique_search_id, quantity)
            VALUES (61507667215, 6758881863, 'L', 'XANH THAN', ' aahhlnntx', 145);
            
            INSERT INTO product_details (id, product_id, size, color, unique_search_id, quantity)
            VALUES (61507667216, 6758881863, 'L', 'ĐEN', 'deln', 133);
            
            INSERT INTO product_details (id, product_id, size, color, unique_search_id, quantity)
            VALUES (61507667218, 6758881863, 'M ', 'TRẮNG', ' agmnrt', 110);
            
            INSERT INTO product_details (id, product_id, size, color, unique_search_id, quantity)
            VALUES (61507667219, 6758881863, 'XL', 'TRẮNG', 'aglnrtx', 134);
            
            INSERT INTO product_details (id, product_id, size, color, unique_search_id, quantity)
            VALUES (62071379378, 6758881863, 'XL', 'GHI HẠT TIÊU', '  aeghhiilttux', 127);
            
            INSERT INTO product_details (id, product_id, size, color, unique_search_id, quantity)
            VALUES (62071379380, 6758881863, 'M ', 'GHI HẠT TIÊU', '   aeghhiimttu', 137);
            
            INSERT INTO product_details (id, product_id, size, color, unique_search_id, quantity)
            VALUES (62071379381, 6758881863, 'L', 'GHI HẠT TIÊU', '  aeghhiilttu', 139);
            
            INSERT INTO products (id, sku, name, slug, category_id, unit_price, sale_price, preview_image_name, preview_image_path, views, description)
            VALUES (2389070551, 'SP05009', 'Áo thun cổ tròn dài tay kẻ sọc ngang phong cách Hàn Quốc cho nữ', 'ao-thun-co-tron-dai-tay-ke-soc-ngang-phong-cach-han-quoc-cho-nu', 5, 99000, 165000, 'SP_2389070551_0.jpg', 'images/products/5/SP_2389070551_0.jpg', 909, 'Thời gian giao hàng dự kiến cho sản phẩm này là từ 7-9 ngày
 
 Chào mừng bạn đến với bsalestore.vn! Nếu bạn thích quần áo của chúng tôi, hãy nhớ theo dõi chúng tôi bạn nhé.
 
 Nếu bạn có bất kỳ câu hỏi nào trong khi mua sắm, vui lòng liên hệ với dịch vụ chăm sóc khách hàng.
 
 Để xem thêm các kiểu dáng áo tay dài khác, hãy nhấp vào: #BSstriped
 
 Mô tả sản phẩm:
 100% hàng mới và chất lượng cao.
 Phong cách: Hàn Quốc
 Thiết kế: Dáng rộng
 Chiều dài tay áo: Tay áo dài
 Độ dày: Thông thường
 Chất liệu: Polyester
 Cổ áo: Cổ O
 Gói hàng bao gồm: 1x Áo thun 
 
 
 Bảng kích thước:
 
 Size Ngực Chiều dài Vai Tay áo 
 M 104cm 59cm 60cm 46cm 
 L 108cm 60cm 61cm 47cm 
 XL 112cm 61cm 62cm 48cm 
 2XL 116cm 62cm 63cm 49cm 
 
 
 
 ● Đơn vị: Cm [1cm = 0,39inch]
 
 
 Size trên thẻ là size châu Á, nhỏ hơn một chút so với size US / AU / EU. Vui lòng đảm bảo rằng các số đo thực tế này sẽ phù hợp với bạn.
 
 Lưu ý:
 Do ánh sáng khi chụp ảnh và màn hình hiển thị khác nhau, màu sản phẩm bạn nhận được có thể hơi khác so với hình ảnh, vui lòng xem xét cẩn thận trước khi đặt hàng.
 
 Size chỉ mang tính tham khảo, có thể tồn tại sai số đo 2-3cm, vui lòng kiểm tra kích thước cẩn thận trước khi đặt hàng.
 
 #áosơmi
 #áothun
 #áoulzzang
 #áokiểu
 #tất
 #áonỉ
 #áothuntaylỡ
 #áosơminữ
 #áophông
 #áolót
 #áothunnữ
 #vínữ
 #áophôngnữ
 #sơmihànquốc
 #áobabydoll
 #quầnváy
 #baggy');
            
            INSERT INTO product_images (product_id, name, path) 
            VALUES (2389070551, 'SP_2389070551_1.jpg', 'images/products/5/SP_2389070551_1.jpg');
            
            INSERT INTO product_images (product_id, name, path) 
            VALUES (2389070551, 'SP_2389070551_2.jpg', 'images/products/5/SP_2389070551_2.jpg');
            
            INSERT INTO product_images (product_id, name, path) 
            VALUES (2389070551, 'SP_2389070551_3.jpg', 'images/products/5/SP_2389070551_3.jpg');
            
            INSERT INTO product_images (product_id, name, path) 
            VALUES (2389070551, 'SP_2389070551_4.jpg', 'images/products/5/SP_2389070551_4.jpg');
            
            INSERT INTO product_images (product_id, name, path) 
            VALUES (2389070551, 'SP_2389070551_5.jpg', 'images/products/5/SP_2389070551_5.jpg');
            
            INSERT INTO product_images (product_id, name, path) 
            VALUES (2389070551, 'SP_2389070551_6.jpg', 'images/products/5/SP_2389070551_6.jpg');
            
            INSERT INTO product_images (product_id, name, path) 
            VALUES (2389070551, 'SP_2389070551_7.jpg', 'images/products/5/SP_2389070551_7.jpg');
            
            INSERT INTO product_images (product_id, name, path) 
            VALUES (2389070551, 'SP_2389070551_8.jpg', 'images/products/5/SP_2389070551_8.jpg');
            
            INSERT INTO product_details (id, product_id, size, color, unique_search_id, quantity)
            VALUES (4883649728, 2389070551, 'L', 'White stripe', ' eehiilprsttw', 500);
            
            INSERT INTO product_details (id, product_id, size, color, unique_search_id, quantity)
            VALUES (4883649729, 2389070551, 'XL', 'Blue stripe', ' beeillprstux', 498);
            
            INSERT INTO product_details (id, product_id, size, color, unique_search_id, quantity)
            VALUES (4883649730, 2389070551, 'M', 'White stripe', ' eehiimprsttw', 499);
            
            INSERT INTO product_details (id, product_id, size, color, unique_search_id, quantity)
            VALUES (4883649731, 2389070551, 'L', 'Blue stripe', ' beeillprstu', 499);
            
            INSERT INTO product_details (id, product_id, size, color, unique_search_id, quantity)
            VALUES (4883649732, 2389070551, 'L', 'Black stripe', ' abceikllprst', 498);
            
            INSERT INTO product_details (id, product_id, size, color, unique_search_id, quantity)
            VALUES (4883649733, 2389070551, 'XL', 'White stripe', ' eehiilprsttwx', 500);
            
            INSERT INTO product_details (id, product_id, size, color, unique_search_id, quantity)
            VALUES (4883649734, 2389070551, 'M', 'Black stripe', ' abceiklmprst', 498);
            
            INSERT INTO product_details (id, product_id, size, color, unique_search_id, quantity)
            VALUES (4883649735, 2389070551, 'XXL', 'Blue stripe', ' beeillprstuxx', 499);
            
            INSERT INTO product_details (id, product_id, size, color, unique_search_id, quantity)
            VALUES (4883649736, 2389070551, 'XXL', 'Black stripe', ' abceikllprstxx', 499);
            
            INSERT INTO product_details (id, product_id, size, color, unique_search_id, quantity)
            VALUES (4883649737, 2389070551, 'XL', 'Black stripe', ' abceikllprstx', 500);
            
            INSERT INTO product_details (id, product_id, size, color, unique_search_id, quantity)
            VALUES (4883649738, 2389070551, 'M', 'Blue stripe', ' beeilmprstu', 499);
            
            INSERT INTO product_details (id, product_id, size, color, unique_search_id, quantity)
            VALUES (4883649739, 2389070551, 'XXL', 'White stripe', ' eehiilprsttwxx', 499);
            
            INSERT INTO products (id, sku, name, slug, category_id, unit_price, sale_price, preview_image_name, preview_image_path, views, description)
            VALUES (7319834557, 'SP05010', 'Áo Thun Ngắn Tay Lệch Vai Họa Tiết Kẻ Sọc Xinh Xắn Cho Nữ', 'ao-thun-ngan-tay-lech-vai-hoa-tiet-ke-soc-xinh-xan-cho-nu', 5, 70150, 115000, 'SP_7319834557_0.jpg', 'images/products/5/SP_7319834557_0.jpg', 244, 'Description:
1. This one-shoulder Hong Kong style diagonal shoulder rainbow striped T-shirt is breathable and suitable for most women.
2. You can match denim shorts, skirts and sun shirts in spring and summer, and cardigan and coat in autumn and winter to make you look stylish and beautiful.
3. Made of high-quality materials, durable and suitable for daily wear.
4. Suitable for parties, shopping, dating and any casual occasion.
5. Beautiful gifts will surprise your lover, family or friends. Best gift for wedding, Christmas, Valentines Day, Mothers Day, Thanksgiving, Anniversary, Birthday, etc.

Features:
Material: Polyester
Jacket length: regular
Collar type: diagonal collar
Fabric type: fine plain cloth
Pattern type: Stripe
Style: fashion sweet little fresh
Color: 3 colors
Size: M-2XL
Fabric: Polyester fiber
Features: elegant style, striped t-shirt, women, short-sleeved ,, single shoulder, Hong Kong style, oblique shoulder Applicable occasions: leisure and entertainment, travel, work, shopping
 
Size ---------- Bust ------------ Sleeve --------- --- Length 

M --------- 90cm / 35.4 ------ 18cm / 7.1 --------55cm / 21.6 

L ---------- 94cm / 36.9 ------ 19cm / 7.5 ------- -56cm / 22.0 

XL ---------98cm / 38.6 ------ 20cm / 7.9 ------- -57cm / 22.4 

2XL ------ 102cm / 40.1 ------ 21cm / 8.3 -------- 58cm /22.8 

Package Include:
1 x T-shirt

Notice: 
1.Due to the light and screen difference, the items color may be slightly different from the pictures.
2.Because of the different measurement methods, there may be 1-3cm of the allowable range error.
Please understand. Make sure you dont mind before you bid.
Have a nice day!');
            
            INSERT INTO product_images (product_id, name, path) 
            VALUES (7319834557, 'SP_7319834557_1.jpg', 'images/products/5/SP_7319834557_1.jpg');
            
            INSERT INTO product_images (product_id, name, path) 
            VALUES (7319834557, 'SP_7319834557_2.jpg', 'images/products/5/SP_7319834557_2.jpg');
            
            INSERT INTO product_images (product_id, name, path) 
            VALUES (7319834557, 'SP_7319834557_3.jpg', 'images/products/5/SP_7319834557_3.jpg');
            
            INSERT INTO product_images (product_id, name, path) 
            VALUES (7319834557, 'SP_7319834557_4.jpg', 'images/products/5/SP_7319834557_4.jpg');
            
            INSERT INTO product_images (product_id, name, path) 
            VALUES (7319834557, 'SP_7319834557_5.jpg', 'images/products/5/SP_7319834557_5.jpg');
            
            INSERT INTO product_images (product_id, name, path) 
            VALUES (7319834557, 'SP_7319834557_6.jpg', 'images/products/5/SP_7319834557_6.jpg');
            
            INSERT INTO product_images (product_id, name, path) 
            VALUES (7319834557, 'SP_7319834557_7.jpg', 'images/products/5/SP_7319834557_7.jpg');
            
            INSERT INTO product_images (product_id, name, path) 
            VALUES (7319834557, 'SP_7319834557_8.jpg', 'images/products/5/SP_7319834557_8.jpg');
            
            INSERT INTO product_images (product_id, name, path) 
            VALUES (7319834557, 'SP_7319834557_9.jpg', 'images/products/5/SP_7319834557_9.jpg');
            
            INSERT INTO product_details (id, product_id, size, color, unique_search_id, quantity)
            VALUES (14613645680, 7319834557, 'L', 'white', 'ehiltw', 0);
            
            INSERT INTO product_details (id, product_id, size, color, unique_search_id, quantity)
            VALUES (14613645681, 7319834557, 'XL', 'orange', 'aeglnorx', 0);
            
            INSERT INTO product_details (id, product_id, size, color, unique_search_id, quantity)
            VALUES (14613645682, 7319834557, 'M', 'white', 'ehimtw', 0);
            
            INSERT INTO product_details (id, product_id, size, color, unique_search_id, quantity)
            VALUES (14613645683, 7319834557, 'L', 'orange', 'aeglnor', 0);
            
            INSERT INTO product_details (id, product_id, size, color, unique_search_id, quantity)
            VALUES (14613645684, 7319834557, 'L', 'green', 'eeglnr', 999);
            
            INSERT INTO product_details (id, product_id, size, color, unique_search_id, quantity)
            VALUES (14613645685, 7319834557, 'XL', 'white', 'ehiltwx', 998);
            
            INSERT INTO product_details (id, product_id, size, color, unique_search_id, quantity)
            VALUES (14613645686, 7319834557, 'M', 'green', 'eegmnr', 997);
            
            INSERT INTO product_details (id, product_id, size, color, unique_search_id, quantity)
            VALUES (14613645687, 7319834557, '2XL', 'orange', '2aeglnorx', 0);
            
            INSERT INTO product_details (id, product_id, size, color, unique_search_id, quantity)
            VALUES (14613645688, 7319834557, '2XL', 'green', '2eeglnrx', 0);
            
            INSERT INTO product_details (id, product_id, size, color, unique_search_id, quantity)
            VALUES (14613645689, 7319834557, 'XL', 'green', 'eeglnrx', 998);
            
            INSERT INTO product_details (id, product_id, size, color, unique_search_id, quantity)
            VALUES (14613645690, 7319834557, 'M', 'orange', 'aegmnor', 998);
            
            INSERT INTO product_details (id, product_id, size, color, unique_search_id, quantity)
            VALUES (14613645691, 7319834557, '2XL', 'white', '2ehiltwx', 998);
            
            INSERT INTO products (id, sku, name, slug, category_id, unit_price, sale_price, preview_image_name, preview_image_path, views, description)
            VALUES (8529728556, 'SP05011', 'Áo Thun Nữ Tay Ngắn Kẻ Sọc Thời Trang Hàn Quốc 2021', 'ao-thun-nu-tay-ngan-ke-soc-thoi-trang-han-quoc-2021', 5, 88000, 176000, 'SP_8529728556_0.jpg', 'images/products/5/SP_8529728556_0.jpg', 103, '🌸All Are In Stock.
🚀Shipping time normally takes 7-9 days.
❤️#mssugar.vn☜ ☜ Click here to have more nice same items❤.

Recommendation Weight  (This recomended weight is calculated at the height of 160cm)
M = 40-50kg
 L = 50-57.5kg
XL = 57.5-65kg
XXL = 65-75kg

●Unit: cm【 1 cm =  0.3937008 inch 】

M   ：Bust: 99     Shoulder: 48     Length: 68   Sleeve: 23

L    ：Bust: 103   Shoulder: 49     Length: 69   Sleeve: 24

XL  ：Bust: 107   Shoulder: 50     Length: 70   Sleeve: 25

XXL：Bust: 111   Shoudler: 51     Length: 71   Sleeve: 26

🌹Note:
● Due to shooting light, the monitor is different，may be different from the picture.Please prevail in kind!
● The size is just for reference, there maybe exist a measurement error of 1-3cm, please check whether it fits your size before you buy it. 
● Hint for choosing proper size: Use similar clothing to compare with the size. 

Package included：
1*T-Shirt

#tshirt #Loose #Blouse #Cartoon #Tops #women #bestselling #tee #simple #Korean #oversize #printing #female  #short-sleeved #student  #2021 #New');
            
            INSERT INTO product_images (product_id, name, path) 
            VALUES (8529728556, 'SP_8529728556_1.jpg', 'images/products/5/SP_8529728556_1.jpg');
            
            INSERT INTO product_images (product_id, name, path) 
            VALUES (8529728556, 'SP_8529728556_2.jpg', 'images/products/5/SP_8529728556_2.jpg');
            
            INSERT INTO product_images (product_id, name, path) 
            VALUES (8529728556, 'SP_8529728556_3.jpg', 'images/products/5/SP_8529728556_3.jpg');
            
            INSERT INTO product_images (product_id, name, path) 
            VALUES (8529728556, 'SP_8529728556_4.jpg', 'images/products/5/SP_8529728556_4.jpg');
            
            INSERT INTO product_images (product_id, name, path) 
            VALUES (8529728556, 'SP_8529728556_5.jpg', 'images/products/5/SP_8529728556_5.jpg');
            
            INSERT INTO product_images (product_id, name, path) 
            VALUES (8529728556, 'SP_8529728556_6.jpg', 'images/products/5/SP_8529728556_6.jpg');
            
            INSERT INTO product_images (product_id, name, path) 
            VALUES (8529728556, 'SP_8529728556_7.jpg', 'images/products/5/SP_8529728556_7.jpg');
            
            INSERT INTO product_images (product_id, name, path) 
            VALUES (8529728556, 'SP_8529728556_8.jpg', 'images/products/5/SP_8529728556_8.jpg');
            
            INSERT INTO product_details (id, product_id, size, color, unique_search_id, quantity)
            VALUES (24884354686, 8529728556, 'XL', 'Green', 'eeglnrx', 800);
            
            INSERT INTO product_details (id, product_id, size, color, unique_search_id, quantity)
            VALUES (24884354687, 8529728556, '2XL', 'Black', '2abckllx', 800);
            
            INSERT INTO product_details (id, product_id, size, color, unique_search_id, quantity)
            VALUES (24884354688, 8529728556, 'M', 'Red', 'demr', 800);
            
            INSERT INTO product_details (id, product_id, size, color, unique_search_id, quantity)
            VALUES (24884354689, 8529728556, 'XL', 'Red', 'delrx', 800);
            
            INSERT INTO product_details (id, product_id, size, color, unique_search_id, quantity)
            VALUES (24884354690, 8529728556, 'XL', 'Black', 'abckllx', 798);
            
            INSERT INTO product_details (id, product_id, size, color, unique_search_id, quantity)
            VALUES (24884354691, 8529728556, 'L', 'Green', 'eeglnr', 800);
            
            INSERT INTO product_details (id, product_id, size, color, unique_search_id, quantity)
            VALUES (24884354692, 8529728556, 'L', 'Red', 'delr', 799);
            
            INSERT INTO product_details (id, product_id, size, color, unique_search_id, quantity)
            VALUES (24884354693, 8529728556, '2XL', 'Green', '2eeglnrx', 800);
            
            INSERT INTO product_details (id, product_id, size, color, unique_search_id, quantity)
            VALUES (24884354694, 8529728556, 'L', 'Black', 'abckll', 800);
            
            INSERT INTO product_details (id, product_id, size, color, unique_search_id, quantity)
            VALUES (24884354695, 8529728556, 'M', 'Black', 'abcklm', 800);
            
            INSERT INTO product_details (id, product_id, size, color, unique_search_id, quantity)
            VALUES (24884354696, 8529728556, 'M', 'Green', 'eegmnr', 800);
            
            INSERT INTO product_details (id, product_id, size, color, unique_search_id, quantity)
            VALUES (24884354697, 8529728556, '2XL', 'Red', '2delrx', 800);
            
            INSERT INTO products (id, sku, name, slug, category_id, unit_price, sale_price, preview_image_name, preview_image_path, views, description)
            VALUES (6471838769, 'SP05012', 'Áo Thun Nữ Ngắn Tay Cổ Tròn Thời Trang Hè 2021', 'ao-thun-nu-ngan-tay-co-tron-thoi-trang-he-2021', 5, 78000, 156000, 'SP_6471838769_0.jpg', 'images/products/5/SP_6471838769_0.jpg', 416, 'Thời gian giao hàng dự kiến cho sản phẩm này là từ 7-9 ngày

🌸Tất cả đều còn hàng.
❤️ # miao3.vn☜ ☜ Bấm vào đây để có thêm nhiều sản phẩm đẹp tương tụ❤.

Cân nặng thích hợp (Cân nặng thích hợp được tính theo chiều cao 160cm)
M = 40-45kg
L = 45-55kg
XL = 55-65kg
2XL = 65-75kg
3XL = 75-85kg
4XL = 85-95kg

● Đơn vị: cm 【1 cm = 0,3937008 inch】

M ： Ngực: 96 Vai: 44 Chiều dài: 62 Tay áo: 21

L ： Ngực: 100 Vai: 46 Chiều dài: 64 Tay áo: 22

XL ： Ngực: 104 Vai: 48 Chiều dài: 66 Tay áo: 23

2XL ： Ngực: 108 Vai: 50 Chiều dài: 68 Tay áo: 24

3XL ： Ngực: 112 Vai: 52 Chiều dài: 70 Tay áo: 25

4XL ： Ngực: 118 Vai: 54 Chiều dài: 72 Tay áo: 26

🌹Lưu ý:
● Do điều kiện ánh sáng và chế độ cài đặt màn hình nên màu sắc thực tế của sản phẩm sẽ có đôi chút khác biệt với hình chụp. Vui lòng tham khảo sảm phẩm thực tế
● Kích thước chỉ là để tham khảo, có thể sai số từ 1-3 cm, vui lòng kiểm tra xem kích thước có phù hợp với số đo của bạn không trước khi mua.
● Gợi ý để chọn kích cỡ phù hợp: Sử dụng quần áo tương tự để so sánh.

Gói hàng bao gồm:
1 * áo phông

#tshirt #Loose #Blouse #Cartoon #Tops #women #bestselling #tee #simple #Korean #oversize #printing #female #baju #short-sleeved #student  #2020');
            
            INSERT INTO product_images (product_id, name, path) 
            VALUES (6471838769, 'SP_6471838769_1.jpg', 'images/products/5/SP_6471838769_1.jpg');
            
            INSERT INTO product_images (product_id, name, path) 
            VALUES (6471838769, 'SP_6471838769_2.jpg', 'images/products/5/SP_6471838769_2.jpg');
            
            INSERT INTO product_images (product_id, name, path) 
            VALUES (6471838769, 'SP_6471838769_3.jpg', 'images/products/5/SP_6471838769_3.jpg');
            
            INSERT INTO product_images (product_id, name, path) 
            VALUES (6471838769, 'SP_6471838769_4.jpg', 'images/products/5/SP_6471838769_4.jpg');
            
            INSERT INTO product_images (product_id, name, path) 
            VALUES (6471838769, 'SP_6471838769_5.jpg', 'images/products/5/SP_6471838769_5.jpg');
            
            INSERT INTO product_details (id, product_id, size, color, unique_search_id, quantity)
            VALUES (52922177340, 6471838769, '2XL', 'White', '2ehiltwx', 999);
            
            INSERT INTO product_details (id, product_id, size, color, unique_search_id, quantity)
            VALUES (52922177341, 6471838769, 'L', 'Avocado Green', ' aacdeeglnoorv', 998);
            
            INSERT INTO product_details (id, product_id, size, color, unique_search_id, quantity)
            VALUES (52922177342, 6471838769, 'M', 'Wine Red', ' deeimnrw', 996);
            
            INSERT INTO product_details (id, product_id, size, color, unique_search_id, quantity)
            VALUES (52922177343, 6471838769, 'M', 'White', 'ehimtw', 999);
            
            INSERT INTO product_details (id, product_id, size, color, unique_search_id, quantity)
            VALUES (52922177344, 6471838769, '4XL', 'White', '4ehiltwx', 999);
            
            INSERT INTO product_details (id, product_id, size, color, unique_search_id, quantity)
            VALUES (52922177345, 6471838769, 'L', 'White', 'ehiltw', 999);
            
            INSERT INTO product_details (id, product_id, size, color, unique_search_id, quantity)
            VALUES (52922177346, 6471838769, '4XL', 'Avocado Green', ' 4aacdeeglnoorvx', 998);
            
            INSERT INTO product_details (id, product_id, size, color, unique_search_id, quantity)
            VALUES (52922177347, 6471838769, '2XL', 'Avocado Green', ' 2aacdeeglnoorvx', 1000);
            
            INSERT INTO product_details (id, product_id, size, color, unique_search_id, quantity)
            VALUES (52922177348, 6471838769, 'M', 'Grey', 'egmry', 1000);
            
            INSERT INTO product_details (id, product_id, size, color, unique_search_id, quantity)
            VALUES (52922177349, 6471838769, '2XL', 'Grey', '2eglrxy', 1000);
            
            INSERT INTO product_details (id, product_id, size, color, unique_search_id, quantity)
            VALUES (52922177350, 6471838769, '3XL', 'Grey', '3eglrxy', 999);
            
            INSERT INTO product_details (id, product_id, size, color, unique_search_id, quantity)
            VALUES (52922177351, 6471838769, 'M', 'Avocado Green', ' aacdeegmnoorv', 995);
            
            INSERT INTO product_details (id, product_id, size, color, unique_search_id, quantity)
            VALUES (52922177352, 6471838769, '3XL', 'Black', '3abckllx', 999);
            
            INSERT INTO product_details (id, product_id, size, color, unique_search_id, quantity)
            VALUES (52922177353, 6471838769, '4XL', 'Black', '4abckllx', 996);
            
            INSERT INTO product_details (id, product_id, size, color, unique_search_id, quantity)
            VALUES (52922177354, 6471838769, '3XL', 'Wine Red', ' 3deeilnrwx', 999);
            
            INSERT INTO product_details (id, product_id, size, color, unique_search_id, quantity)
            VALUES (52922177355, 6471838769, 'L', 'Grey', 'eglry', 999);
            
            INSERT INTO product_details (id, product_id, size, color, unique_search_id, quantity)
            VALUES (52922177356, 6471838769, 'XL', 'White', 'ehiltwx', 1000);
            
            INSERT INTO product_details (id, product_id, size, color, unique_search_id, quantity)
            VALUES (52922177357, 6471838769, '2XL', 'Black', '2abckllx', 997);
            
            INSERT INTO product_details (id, product_id, size, color, unique_search_id, quantity)
            VALUES (52922177358, 6471838769, 'L', 'Black', 'abckll', 995);
            
            INSERT INTO product_details (id, product_id, size, color, unique_search_id, quantity)
            VALUES (52922177359, 6471838769, 'M', 'Black', 'abcklm', 998);
            
            INSERT INTO product_details (id, product_id, size, color, unique_search_id, quantity)
            VALUES (52922177360, 6471838769, 'XL', 'Wine Red', ' deeilnrwx', 998);
            
            INSERT INTO product_details (id, product_id, size, color, unique_search_id, quantity)
            VALUES (52922177361, 6471838769, 'L', 'Wine Red', ' deeilnrw', 997);
            
            INSERT INTO product_details (id, product_id, size, color, unique_search_id, quantity)
            VALUES (52922177362, 6471838769, '2XL', 'Wine Red', ' 2deeilnrwx', 996);
            
            INSERT INTO product_details (id, product_id, size, color, unique_search_id, quantity)
            VALUES (52922177363, 6471838769, 'XL', 'Grey', 'eglrxy', 999);
            
            INSERT INTO product_details (id, product_id, size, color, unique_search_id, quantity)
            VALUES (52922177364, 6471838769, 'XL', 'Avocado Green', ' aacdeeglnoorvx', 999);
            
            INSERT INTO product_details (id, product_id, size, color, unique_search_id, quantity)
            VALUES (52922177365, 6471838769, '3XL', 'White', '3ehiltwx', 1000);
            
            INSERT INTO product_details (id, product_id, size, color, unique_search_id, quantity)
            VALUES (52922177366, 6471838769, '4XL', 'Wine Red', ' 4deeilnrwx', 999);
            
            INSERT INTO product_details (id, product_id, size, color, unique_search_id, quantity)
            VALUES (52922177367, 6471838769, '3XL', 'Avocado Green', ' 3aacdeeglnoorvx', 999);
            
            INSERT INTO product_details (id, product_id, size, color, unique_search_id, quantity)
            VALUES (52922177368, 6471838769, 'XL', 'Black', 'abckllx', 999);
            
            INSERT INTO product_details (id, product_id, size, color, unique_search_id, quantity)
            VALUES (52922177369, 6471838769, '4XL', 'Grey', '4eglrxy', 1000);
            
            INSERT INTO products (id, sku, name, slug, category_id, unit_price, sale_price, preview_image_name, preview_image_path, views, description)
            VALUES (9845414415, 'SP05013', 'Áo Thun Ngắn Tay Form Rộng Mẫu 2021 Thời Trang Dành Cho Nữ', 'ao-thun-ngan-tay-form-rong-mau-2021-thoi-trang-danh-cho-nu', 5, 88000, 176000, 'SP_9845414415_0.jpg', 'images/products/5/SP_9845414415_0.jpg', 92, '🌸All Are In Stock.
🚀Shipping time normally takes 7-12 days.
❤️#miao03.vn☜ ☜ Click here to have more nice same items❤.

Recommendation Weight  (This recomended weight is calculated at the height of 160cm)
M = 40-50kg
 L =50-60kg
XL =60-67.5kg
2XL =67.5-72.5kg
3XL=72.5-82.5kg
4XL=82.5-92.5kg
5XL=92.5-100kg


●Unit: cm【 1 cm =  0.3937008 inch 】

M   ：Bust: 96   Shoulder: 46     Length: 68   Sleeve: 17

L    ：Bust: 100  Shoulder:48   Length: 70   Sleeve: 17.5

XL  ：Bust: 104  Shoulder: 50     Length: 72   Sleeve: 18

2XL：Bust: 108   Shoudler: 52     Length: 74   Sleeve: 18.5

3XL：Bust: 112   Shoudler: 54     Length: 75   Sleeve: 19

4XL：Bust: 116   Shoudler: 56    Length: 76   Sleeve: 19.5

5XL：Bust: 120   Shoudler: 58    Length: 77   Sleeve: 20

🌹Note:
● Due to shooting light, the monitor is different，may be different from the picture.Please prevail in kind!
● The size is just for reference, there maybe exist a measurement error of 1-3cm, please check whether it fits your size before you buy it. 
● Hint for choosing proper size: Use similar clothing to compare with the size. 

Package included：
1*T-Shirt

#tshirt #Loose #Blouse #Cartoon #Tops #women #bestselling #tee #simple #Korean #oversize #printing #female #baju #long-sleeved #student  #2020 #New');
            
            INSERT INTO product_images (product_id, name, path) 
            VALUES (9845414415, 'SP_9845414415_1.jpg', 'images/products/5/SP_9845414415_1.jpg');
            
            INSERT INTO product_images (product_id, name, path) 
            VALUES (9845414415, 'SP_9845414415_2.jpg', 'images/products/5/SP_9845414415_2.jpg');
            
            INSERT INTO product_images (product_id, name, path) 
            VALUES (9845414415, 'SP_9845414415_3.jpg', 'images/products/5/SP_9845414415_3.jpg');
            
            INSERT INTO product_images (product_id, name, path) 
            VALUES (9845414415, 'SP_9845414415_4.jpg', 'images/products/5/SP_9845414415_4.jpg');
            
            INSERT INTO product_details (id, product_id, size, color, unique_search_id, quantity)
            VALUES (65005731267, 9845414415, 'L', 'Black', 'abckll', 999);
            
            INSERT INTO product_details (id, product_id, size, color, unique_search_id, quantity)
            VALUES (65005731268, 9845414415, 'XL', 'Rose red', ' deelorrsx', 999);
            
            INSERT INTO product_details (id, product_id, size, color, unique_search_id, quantity)
            VALUES (65005731269, 9845414415, 'L', 'Pink', 'iklnp', 999);
            
            INSERT INTO product_details (id, product_id, size, color, unique_search_id, quantity)
            VALUES (65005731270, 9845414415, 'XL', 'White', 'ehiltwx', 999);
            
            INSERT INTO product_details (id, product_id, size, color, unique_search_id, quantity)
            VALUES (65005731271, 9845414415, '4XL', 'Purple', '4ellpprux', 999);
            
            INSERT INTO product_details (id, product_id, size, color, unique_search_id, quantity)
            VALUES (65005731272, 9845414415, '2XL', 'Rose red', ' 2deelorrsx', 999);
            
            INSERT INTO product_details (id, product_id, size, color, unique_search_id, quantity)
            VALUES (65005731273, 9845414415, 'L', 'White', 'ehiltw', 999);
            
            INSERT INTO product_details (id, product_id, size, color, unique_search_id, quantity)
            VALUES (65005731274, 9845414415, '5XL', 'Green', '5eeglnrx', 999);
            
            INSERT INTO product_details (id, product_id, size, color, unique_search_id, quantity)
            VALUES (65005731275, 9845414415, 'L', 'Red', 'delr', 999);
            
            INSERT INTO product_details (id, product_id, size, color, unique_search_id, quantity)
            VALUES (65005731276, 9845414415, '2XL', 'Red', '2delrx', 999);
            
            INSERT INTO product_details (id, product_id, size, color, unique_search_id, quantity)
            VALUES (65005731277, 9845414415, 'L', 'Rose red', ' deelorrs', 999);
            
            INSERT INTO product_details (id, product_id, size, color, unique_search_id, quantity)
            VALUES (65005731278, 9845414415, '3XL', 'Black', '3abckllx', 999);
            
            INSERT INTO product_details (id, product_id, size, color, unique_search_id, quantity)
            VALUES (65005731279, 9845414415, '2XL', 'Pink', '2iklnpx', 998);
            
            INSERT INTO product_details (id, product_id, size, color, unique_search_id, quantity)
            VALUES (65005731280, 9845414415, 'M', 'Green', 'eegmnr', 999);
            
            INSERT INTO product_details (id, product_id, size, color, unique_search_id, quantity)
            VALUES (65005731281, 9845414415, '3XL', 'Rose red', ' 3deelorrsx', 999);
            
            INSERT INTO product_details (id, product_id, size, color, unique_search_id, quantity)
            VALUES (65005731282, 9845414415, '5XL', 'Black', '5abckllx', 999);
            
            INSERT INTO product_details (id, product_id, size, color, unique_search_id, quantity)
            VALUES (65005731283, 9845414415, 'M', 'Purple', 'elmppru', 998);
            
            INSERT INTO product_details (id, product_id, size, color, unique_search_id, quantity)
            VALUES (65005731284, 9845414415, 'M', 'Red', 'demr', 998);
            
            INSERT INTO product_details (id, product_id, size, color, unique_search_id, quantity)
            VALUES (65005731285, 9845414415, '4XL', 'Red', '4delrx', 999);
            
            INSERT INTO product_details (id, product_id, size, color, unique_search_id, quantity)
            VALUES (65005731286, 9845414415, 'M', 'Rose red', ' deemorrs', 999);
            
            INSERT INTO product_details (id, product_id, size, color, unique_search_id, quantity)
            VALUES (65005731287, 9845414415, 'L', 'Green', 'eeglnr', 999);
            
            INSERT INTO product_details (id, product_id, size, color, unique_search_id, quantity)
            VALUES (65005731288, 9845414415, 'XL', 'Black', 'abckllx', 999);
            
            INSERT INTO product_details (id, product_id, size, color, unique_search_id, quantity)
            VALUES (65005731289, 9845414415, 'XL', 'Green', 'eeglnrx', 999);
            
            INSERT INTO product_details (id, product_id, size, color, unique_search_id, quantity)
            VALUES (65005731290, 9845414415, '5XL', 'Rose red', ' 5deelorrsx', 999);
            
            INSERT INTO product_details (id, product_id, size, color, unique_search_id, quantity)
            VALUES (65005731291, 9845414415, 'XL', 'Red', 'delrx', 999);
            
            INSERT INTO product_details (id, product_id, size, color, unique_search_id, quantity)
            VALUES (65005731292, 9845414415, '5XL', 'Pink', '5iklnpx', 999);
            
            INSERT INTO product_details (id, product_id, size, color, unique_search_id, quantity)
            VALUES (65005731293, 9845414415, '3XL', 'Green', '3eeglnrx', 999);
            
            INSERT INTO product_details (id, product_id, size, color, unique_search_id, quantity)
            VALUES (65005731294, 9845414415, 'M', 'White', 'ehimtw', 999);
            
            INSERT INTO product_details (id, product_id, size, color, unique_search_id, quantity)
            VALUES (65005731295, 9845414415, '2XL', 'Purple', '2ellpprux', 999);
            
            INSERT INTO product_details (id, product_id, size, color, unique_search_id, quantity)
            VALUES (65005731296, 9845414415, '3XL', 'Red', '3delrx', 999);
            
            INSERT INTO product_details (id, product_id, size, color, unique_search_id, quantity)
            VALUES (65005731297, 9845414415, '2XL', 'Green', '2eeglnrx', 999);
            
            INSERT INTO product_details (id, product_id, size, color, unique_search_id, quantity)
            VALUES (65005731298, 9845414415, '2XL', 'Black', '2abckllx', 999);
            
            INSERT INTO product_details (id, product_id, size, color, unique_search_id, quantity)
            VALUES (65005731299, 9845414415, '5XL', 'Purple', '5ellpprux', 999);
            
            INSERT INTO product_details (id, product_id, size, color, unique_search_id, quantity)
            VALUES (65005731300, 9845414415, 'XL', 'Pink', 'iklnpx', 999);
            
            INSERT INTO product_details (id, product_id, size, color, unique_search_id, quantity)
            VALUES (65005731301, 9845414415, '3XL', 'White', '3ehiltwx', 999);
            
            INSERT INTO product_details (id, product_id, size, color, unique_search_id, quantity)
            VALUES (65005731302, 9845414415, '4XL', 'Green', '4eeglnrx', 999);
            
            INSERT INTO product_details (id, product_id, size, color, unique_search_id, quantity)
            VALUES (65005731303, 9845414415, 'M', 'Pink', 'ikmnp', 998);
            
            INSERT INTO product_details (id, product_id, size, color, unique_search_id, quantity)
            VALUES (65005731304, 9845414415, 'M', 'Black', 'abcklm', 999);
            
            INSERT INTO product_details (id, product_id, size, color, unique_search_id, quantity)
            VALUES (65005731305, 9845414415, 'L', 'Purple', 'ellppru', 999);
            
            INSERT INTO product_details (id, product_id, size, color, unique_search_id, quantity)
            VALUES (65005731306, 9845414415, '2XL', 'White', '2ehiltwx', 999);
            
            INSERT INTO product_details (id, product_id, size, color, unique_search_id, quantity)
            VALUES (65005731307, 9845414415, '3XL', 'Purple', '3ellpprux', 999);
            
            INSERT INTO product_details (id, product_id, size, color, unique_search_id, quantity)
            VALUES (65005731308, 9845414415, '3XL', 'Pink', '3iklnpx', 999);
            
            INSERT INTO product_details (id, product_id, size, color, unique_search_id, quantity)
            VALUES (65005731309, 9845414415, '4XL', 'Rose red', ' 4deelorrsx', 999);
            
            INSERT INTO product_details (id, product_id, size, color, unique_search_id, quantity)
            VALUES (65005731310, 9845414415, '4XL', 'Pink', '4iklnpx', 999);
            
            INSERT INTO product_details (id, product_id, size, color, unique_search_id, quantity)
            VALUES (65005731311, 9845414415, '4XL', 'Black', '4abckllx', 999);
            
            INSERT INTO product_details (id, product_id, size, color, unique_search_id, quantity)
            VALUES (65005731312, 9845414415, '5XL', 'White', '5ehiltwx', 999);
            
            INSERT INTO product_details (id, product_id, size, color, unique_search_id, quantity)
            VALUES (65005731313, 9845414415, '5XL', 'Red', '5delrx', 998);
            
            INSERT INTO product_details (id, product_id, size, color, unique_search_id, quantity)
            VALUES (65005731314, 9845414415, '4XL', 'White', '4ehiltwx', 999);
            
            INSERT INTO product_details (id, product_id, size, color, unique_search_id, quantity)
            VALUES (65005731315, 9845414415, 'XL', 'Purple', 'ellpprux', 999);
            