
            INSERT INTO products (id, sku, name, slug, category_id, unit_price, sale_price, preview_image_name, preview_image_path, views, description)
            VALUES (5052650319, 'SP06001', 'Áo len nữ kiểu Hàn Quốc, Chất dày đẹp AL08', 'ao-len-nu-kieu-han-quoc,-chat-day-dep-al08', 6, 148500, 270000, 'SP_5052650319_0.jpg', 'images/products/6/SP_5052650319_0.jpg', 1329, '*ÁO LEN NỮ DÀY DÁNG RỘNG MỚI NHẤT 2020 Thương hiệu Sukiya Fashion
- Các sản phẩm áo len nữ của Sukiya Fashion được làm bằng chất liệu len Cotton tự nhiên, thoát mồ hôi giữ ấm, nhanh tạo cảm giác vô cùng thoải mái cho người mặc và đặc biệt là không bị Xù Lông, Không phai màu, Giặt máy tốt. 

*THÔNG TIN SẢN PHẨM:
- Chất liệu: 90% Sợi len COTTON, 5% Polyamide.
- Màu sắc: Kem sữa - Tím khoai môn - Cam hồng - Đen
- Size áo: S - M - L

*CÁCH LỰA CHỌN SIZE SẢN PHẨM
- Size S: 40 - 50kg
- Size M: 50 - 60kg
- Size L: 60- 70kg
* Sukiya Fashion cam kết với khách hàng
- Hỗ trợ khách hàng đổi màu, đổi size.
- Cam kết sản phẩm 100% giống ảnh
- Đổi trả trả trong vòng 7 ngày

* Các sản phẩm của sukiya Fashion đều được kiểm tra kỹ lưỡng về mặt chất lưỡng từng đường may mũi chỉ. Đảm bảo cho mọi sản phẩm đến tay khách hàng hoàn hảo nhất. 
#aokhoaclennu #aocardigannu #cardigannu #aolennu #aolennam #aokhoaccardigannu #aokhoaclen #cardiganlen
#aolennucotron ');
            
            INSERT INTO product_images (product_id, name, path) 
            VALUES (5052650319, 'SP_5052650319_1.jpg', 'images/products/6/SP_5052650319_1.jpg');
            
            INSERT INTO product_images (product_id, name, path) 
            VALUES (5052650319, 'SP_5052650319_2.jpg', 'images/products/6/SP_5052650319_2.jpg');
            
            INSERT INTO product_images (product_id, name, path) 
            VALUES (5052650319, 'SP_5052650319_3.jpg', 'images/products/6/SP_5052650319_3.jpg');
            
            INSERT INTO product_images (product_id, name, path) 
            VALUES (5052650319, 'SP_5052650319_4.jpg', 'images/products/6/SP_5052650319_4.jpg');
            
            INSERT INTO product_images (product_id, name, path) 
            VALUES (5052650319, 'SP_5052650319_5.jpg', 'images/products/6/SP_5052650319_5.jpg');
            
            INSERT INTO product_images (product_id, name, path) 
            VALUES (5052650319, 'SP_5052650319_6.jpg', 'images/products/6/SP_5052650319_6.jpg');
            
            INSERT INTO product_images (product_id, name, path) 
            VALUES (5052650319, 'SP_5052650319_7.jpg', 'images/products/6/SP_5052650319_7.jpg');
            
            INSERT INTO product_images (product_id, name, path) 
            VALUES (5052650319, 'SP_5052650319_8.jpg', 'images/products/6/SP_5052650319_8.jpg');
            
            INSERT INTO product_details (id, product_id, size, color, unique_search_id, quantity)
            VALUES (21920705723, 5052650319, 'L', 'Kem sữa', ' aeklmsu', 0);
            
            INSERT INTO product_details (id, product_id, size, color, unique_search_id, quantity)
            VALUES (21920705724, 5052650319, 'S', 'tím khoai môn', '  ahiikmmnoost', 0);
            
            INSERT INTO product_details (id, product_id, size, color, unique_search_id, quantity)
            VALUES (21920705725, 5052650319, 'S', 'Cam hồng', ' acghmnos', 1983);
            
            INSERT INTO product_details (id, product_id, size, color, unique_search_id, quantity)
            VALUES (21920705726, 5052650319, 'M', 'Đen', 'demn', 0);
            
            INSERT INTO product_details (id, product_id, size, color, unique_search_id, quantity)
            VALUES (21920705727, 5052650319, 'S', 'Kem sữa', ' aekmssu', 0);
            
            INSERT INTO product_details (id, product_id, size, color, unique_search_id, quantity)
            VALUES (21920705728, 5052650319, 'M', 'Kem sữa', ' aekmmsu', 0);
            
            INSERT INTO product_details (id, product_id, size, color, unique_search_id, quantity)
            VALUES (21920705729, 5052650319, 'M', 'tím khoai môn', '  ahiikmmmnoot', 0);
            
            INSERT INTO product_details (id, product_id, size, color, unique_search_id, quantity)
            VALUES (21920705730, 5052650319, 'L', 'tím khoai môn', '  ahiiklmmnoot', 0);
            
            INSERT INTO product_details (id, product_id, size, color, unique_search_id, quantity)
            VALUES (31021869040, 5052650319, 'M', 'Cam hồng', ' acghmmno', 1993);
            
            INSERT INTO product_details (id, product_id, size, color, unique_search_id, quantity)
            VALUES (31021869041, 5052650319, 'L', 'Cam hồng', ' acghlmno', 1987);
            
            INSERT INTO product_details (id, product_id, size, color, unique_search_id, quantity)
            VALUES (31021869042, 5052650319, 'S', 'Đen', 'dens', 0);
            
            INSERT INTO product_details (id, product_id, size, color, unique_search_id, quantity)
            VALUES (31021869043, 5052650319, 'L', 'Đen', 'deln', 0);
            
            INSERT INTO products (id, sku, name, slug, category_id, unit_price, sale_price, preview_image_name, preview_image_path, views, description)
            VALUES (7655500731, 'SP06002', 'Áo len nam VẶN THỪNG cổ lọ mẫu mới 2020 - Áo len đan nam cổ cao BITULA', 'ao-len-nam-van-thung-co-lo-mau-moi-2020-ao-len-dan-nam-co-cao-bitula', 6, 150000, 250000, 'SP_7655500731_0.jpg', 'images/products/6/SP_7655500731_0.jpg', 1920, 'SHOP BITULA – ÁO LEN NAM CỔ LỌ CẢM ƠN QUÝ KHÁCH ĐÃ GHÉ THĂM GIAN HÀNG VÀ QUAN TÂM SẢN PHẨM
THÔNG TIN SẢN PHẨM ÁO LEN NAM 
- Tên sản phẩm: Áo len nam 
- Chất liệu: Len cotton
- Màu sắc: Nhiều màu khác nhau
- Size: M - L – XL

ĐẶC ĐIỂM NỘI BẬT
- Áo len nam cổ lọ được thiết kế hiện đại, thời trang
- Chất liệu vải dày dặn, mềm mại, ạn toàn cho người sử dụng
- Áo len có thể kết hợp với nhiều trang phục khác nhau: quần jean, quần âu, giày tây, gìay thể thao... thích hợp đi làm, đi chơi đều thoải mái, ấm áp
- Sản phẩm có thể giặt máy thoải mái mà không lo bai, xù, dão

HƯỚNG DẪN CHỌN SIZE ÁO LEN NAM
- Size M: cân nặng 45-55kg, dưới 1m65 
- Size L: cân nặng 56-66kg, cao dưới 1m72 
- Size XL: Cân nặng 67-78kg, cao dưới 1m80
( Có thể tăng thêm 1 size nếu bụng to)
Áo len nam là sản phẩm thủ công nên thông số các số đo có thể bị chênh lệch 1-2 (cm)

SHOP BITULA CAM KẾT
- Sản phẩm Áo len nam cổ lọ 100% giống mô tả và hình ảnh 
- Đội ngũ tư vấn viên nhiệt tình, chu đáo
- Áo được kiểm tra kĩ càng, cẩn thận trước khi gói hàng giao cho Quý Khách 
- Hàng có sẵn, giao hàng ngay khi nhận được đơn 
- Chấp nhận đổi hàng khi size không vừa 
- Giao hàng trên toàn quốc, nhận hàng trả tiền 
- Hỗ trợ đổi trả theo quy định của Shopee
1. Điều kiện áp dụng (trong vòng 03 ngày kể từ khi nhận sản phẩm) 
+ Hàng hoá vẫn còn mới, chưa qua sử dụng 
+ Hàng hoá bị lỗi hoặc hư hỏng do vận chuyển hoặc do nhà sản xuất 
2. Trường hợp được chấp nhận: 
+ Hàng không đúng size, kiểu dáng như quý khách đặt hàng 
+ Không đủ số lượng, không đủ bộ như trong đơn hàng 
3. Trường hợp không đủ điều kiện áp dụng chính sách: 
+ Quá 03 ngày kể từ khi Quý khách nhận hàng  
+ Gửi lại hàng không đúng mẫu mã, không phải sản phẩm của BITULA
+ Không thích, không hợp, đặt nhầm mã, nhầm màu,…
Do màn hình và điều kiện ánh sáng khác nhau, màu sắc thực tế của sản phẩm có thể chênh lệch khoảng 3-5%

#ao #len #nam #aolen #aolennam #cotron #colo #somi #dep #hanoi #tru #day #memmin #codan #am #bitula #freeship #lo #lencotton #cotton #nam #thoitrangnam #trangphuc #trangphucnam VẶN THỪNG');
            
            INSERT INTO product_images (product_id, name, path) 
            VALUES (7655500731, 'SP_7655500731_1.jpg', 'images/products/6/SP_7655500731_1.jpg');
            
            INSERT INTO product_images (product_id, name, path) 
            VALUES (7655500731, 'SP_7655500731_2.jpg', 'images/products/6/SP_7655500731_2.jpg');
            
            INSERT INTO product_images (product_id, name, path) 
            VALUES (7655500731, 'SP_7655500731_3.jpg', 'images/products/6/SP_7655500731_3.jpg');
            
            INSERT INTO product_images (product_id, name, path) 
            VALUES (7655500731, 'SP_7655500731_4.jpg', 'images/products/6/SP_7655500731_4.jpg');
            
            INSERT INTO product_images (product_id, name, path) 
            VALUES (7655500731, 'SP_7655500731_5.jpg', 'images/products/6/SP_7655500731_5.jpg');
            
            INSERT INTO product_images (product_id, name, path) 
            VALUES (7655500731, 'SP_7655500731_6.jpg', 'images/products/6/SP_7655500731_6.jpg');
            
            INSERT INTO product_images (product_id, name, path) 
            VALUES (7655500731, 'SP_7655500731_7.jpg', 'images/products/6/SP_7655500731_7.jpg');
            
            INSERT INTO product_images (product_id, name, path) 
            VALUES (7655500731, 'SP_7655500731_8.jpg', 'images/products/6/SP_7655500731_8.jpg');
            
            INSERT INTO product_details (id, product_id, size, color, unique_search_id, quantity)
            VALUES (31243602114, 7655500731, 'XL', 'Xanh than', ' aahhlnntxx', 979);
            
            INSERT INTO product_details (id, product_id, size, color, unique_search_id, quantity)
            VALUES (31243602115, 7655500731, 'XL', 'Trắng sữa', ' aaglnrstux', 906);
            
            INSERT INTO product_details (id, product_id, size, color, unique_search_id, quantity)
            VALUES (31243602116, 7655500731, 'L', 'Trắng sữa', ' aaglnrstu', 884);
            
            INSERT INTO product_details (id, product_id, size, color, unique_search_id, quantity)
            VALUES (31243602117, 7655500731, 'L', 'Xanh than', ' aahhlnntx', 980);
            
            INSERT INTO product_details (id, product_id, size, color, unique_search_id, quantity)
            VALUES (31243602118, 7655500731, 'XL', 'Ghi', 'ghilx', 947);
            
            INSERT INTO product_details (id, product_id, size, color, unique_search_id, quantity)
            VALUES (31243602119, 7655500731, 'M', 'Ghi', 'ghim', 970);
            
            INSERT INTO product_details (id, product_id, size, color, unique_search_id, quantity)
            VALUES (31243602120, 7655500731, 'L', 'Ghi', 'ghil', 950);
            
            INSERT INTO product_details (id, product_id, size, color, unique_search_id, quantity)
            VALUES (31243602121, 7655500731, 'M', 'Trắng sữa', ' aagmnrstu', 926);
            
            INSERT INTO product_details (id, product_id, size, color, unique_search_id, quantity)
            VALUES (31243602122, 7655500731, 'L', 'Đen', 'deln', 930);
            
            INSERT INTO product_details (id, product_id, size, color, unique_search_id, quantity)
            VALUES (31243602123, 7655500731, 'XL', 'Đỏ', 'dlox', 984);
            
            INSERT INTO product_details (id, product_id, size, color, unique_search_id, quantity)
            VALUES (31243602124, 7655500731, 'M', 'Xanh than', ' aahhmnntx', 992);
            
            INSERT INTO product_details (id, product_id, size, color, unique_search_id, quantity)
            VALUES (31243602125, 7655500731, 'M', 'Đỏ', 'dmo', 986);
            
            INSERT INTO product_details (id, product_id, size, color, unique_search_id, quantity)
            VALUES (31243602126, 7655500731, 'L', 'Đỏ', 'dlo', 980);
            
            INSERT INTO product_details (id, product_id, size, color, unique_search_id, quantity)
            VALUES (31243602127, 7655500731, 'XL', 'Đen', 'delnx', 926);
            
            INSERT INTO product_details (id, product_id, size, color, unique_search_id, quantity)
            VALUES (31243602128, 7655500731, 'M', 'Đen', 'demn', 964);
            
            INSERT INTO products (id, sku, name, slug, category_id, unit_price, sale_price, preview_image_name, preview_image_path, views, description)
            VALUES (8607593716, 'SP06003', 'Áo Len Lông Cừu Cổ Tròn Dáng Rộng Thiết Kế Trẻ Trung Phong Cách Hàn Quốc Cho Nữ', 'ao-len-long-cuu-co-tron-dang-rong-thiet-ke-tre-trung-phong-cach-han-quoc-cho-nu', 6, 172390, 287316, 'SP_8607593716_0.jpg', 'images/products/6/SP_8607593716_0.jpg', 2452, 'Hello! Welcome to YIRENZ. We are committed to providing you with quality products and services. If you have any questions when purchasing or after receiving the goods, please contact our customer service, we will be happy to serve you!
delivery time:
The goods will be delivered within two days after purchase, please place the order directly!

product information:
pattern: plain
Color: yellow, green, apricot
Product Category: Sweater/Fleece
Size: M, L, XL
Edition type: Loose
Style type: temperament commuting
Collar type: round neck
Thickness: thicker
Fabric name: cotton blend
Sleeve length: long sleeve
Style: OL commuting

If you need wholesale and brand agency, please contact our customer service for specific agency matters!');
            
            INSERT INTO product_images (product_id, name, path) 
            VALUES (8607593716, 'SP_8607593716_1.jpg', 'images/products/6/SP_8607593716_1.jpg');
            
            INSERT INTO product_images (product_id, name, path) 
            VALUES (8607593716, 'SP_8607593716_2.jpg', 'images/products/6/SP_8607593716_2.jpg');
            
            INSERT INTO product_images (product_id, name, path) 
            VALUES (8607593716, 'SP_8607593716_3.jpg', 'images/products/6/SP_8607593716_3.jpg');
            
            INSERT INTO product_images (product_id, name, path) 
            VALUES (8607593716, 'SP_8607593716_4.jpg', 'images/products/6/SP_8607593716_4.jpg');
            
            INSERT INTO product_images (product_id, name, path) 
            VALUES (8607593716, 'SP_8607593716_5.jpg', 'images/products/6/SP_8607593716_5.jpg');
            
            INSERT INTO product_images (product_id, name, path) 
            VALUES (8607593716, 'SP_8607593716_6.jpg', 'images/products/6/SP_8607593716_6.jpg');
            
            INSERT INTO product_images (product_id, name, path) 
            VALUES (8607593716, 'SP_8607593716_7.jpg', 'images/products/6/SP_8607593716_7.jpg');
            
            INSERT INTO product_images (product_id, name, path) 
            VALUES (8607593716, 'SP_8607593716_8.jpg', 'images/products/6/SP_8607593716_8.jpg');
            
            INSERT INTO product_images (product_id, name, path) 
            VALUES (8607593716, 'SP_8607593716_9.jpg', 'images/products/6/SP_8607593716_9.jpg');
            
            INSERT INTO product_details (id, product_id, size, color, unique_search_id, quantity)
            VALUES (43095965963, 8607593716, 'XL', 'green', 'eeglnrx', 2);
            
            INSERT INTO product_details (id, product_id, size, color, unique_search_id, quantity)
            VALUES (43095965964, 8607593716, 'XL', 'Apricot', 'aciloprtx', 7);
            
            INSERT INTO product_details (id, product_id, size, color, unique_search_id, quantity)
            VALUES (43095965965, 8607593716, 'XL', 'Yellow.', '.elllowxy', 0);
            
            INSERT INTO product_details (id, product_id, size, color, unique_search_id, quantity)
            VALUES (43095965966, 8607593716, 'L', 'green', 'eeglnr', 0);
            
            INSERT INTO product_details (id, product_id, size, color, unique_search_id, quantity)
            VALUES (43095965967, 8607593716, 'L', 'Yellow.', '.elllowy', 0);
            
            INSERT INTO product_details (id, product_id, size, color, unique_search_id, quantity)
            VALUES (43095965968, 8607593716, 'M', 'Yellow.', '.ellmowy', 5);
            
            INSERT INTO product_details (id, product_id, size, color, unique_search_id, quantity)
            VALUES (43095965969, 8607593716, 'M', 'Apricot', 'acimoprt', 0);
            
            INSERT INTO product_details (id, product_id, size, color, unique_search_id, quantity)
            VALUES (43095965970, 8607593716, 'M', 'green', 'eegmnr', 5);
            
            INSERT INTO product_details (id, product_id, size, color, unique_search_id, quantity)
            VALUES (43095965971, 8607593716, 'L', 'Apricot', 'aciloprt', 4);
            
            INSERT INTO products (id, sku, name, slug, category_id, unit_price, sale_price, preview_image_name, preview_image_path, views, description)
            VALUES (7446201377, 'SP06004', 'Áo len tăm croptop tay ngắn chất len tăm ulzzang Hàn Quốc C68 - Maoshop', 'ao-len-tam-croptop-tay-ngan-chat-len-tam-ulzzang-han-quoc-c68-maoshop', 6, 99000, 109000, 'SP_7446201377_0.jpg', 'images/products/6/SP_7446201377_0.jpg', 2851, '🌱Thông tin sản phẩm Áo len tăm croptop tay ngắn chất len tăm ulzzang
    + Sản phẩm: Áo len tăm croptop tay ngắn chất len tăm ulzzang
    + Chất liệu: Len tăm dệt kim Hàn 
    + Đường may chắc chắn, chần 2 lớp, vắt sổ
    + Giặt ko xù hay bay màu, thoải mái ko gò bó

🌱Màu sắc, kích thước: Áo len tăm croptop tay ngắn chất len tăm ulzzang
    + Áo có  màu: Đen + Trắng
    👉Size M          1m4 - 1m55, 40-49kg
    👉Size L         1m55 - 1m65, 50-59kg
    👉Size XL          1m65-1m75, 60-70kg

Quý khách vui lòng inbox ngay cho shop nếu cần tư vấn thêm về size

🌱Hướng dẫn sử dụng, bảo quản Áo len tăm croptop tay ngắn chất len tăm ulzzang
    + Lần đầu nên lộn trái áo và giặt ở nhiệt độ thường, tối đa 30 độ C
    + Không dùng chất tẩy mạnh
    + Khi phơi nên lộn trái áo tránh bị phai màu
    + Sấy ở nhiệt độ thường
    + Là, ủi áo ở nhiệt độ thấp

🌱Cam kết của shop
    + Cam kết chất lượng sản phẩm giống với mô tả, hình ảnh.
    + Sản phẩm được kiểm tra cẩn thận, kĩ càng trước khi gói hàng giao cho Quý khách
    + Hàng còn mới 100% và chưa qua sử dụng
    + Chấp nhận đổi hàng khi size không vừa
    + Giao hàng trên toàn quốc, nhận hàng mới trả tiền
    + Hỗ trợ đổi trả theo quy định của Shopee 

#aothun #ao #thun #nu #aophong #phong #croptop #body #croptopnu #aonu #maoshop #hanquoc #ulzzang  #formrong #unisex #taylo #ngantay #lentam #detkim');
            
            INSERT INTO product_images (product_id, name, path) 
            VALUES (7446201377, 'SP_7446201377_1.jpg', 'images/products/6/SP_7446201377_1.jpg');
            
            INSERT INTO product_images (product_id, name, path) 
            VALUES (7446201377, 'SP_7446201377_2.jpg', 'images/products/6/SP_7446201377_2.jpg');
            
            INSERT INTO product_images (product_id, name, path) 
            VALUES (7446201377, 'SP_7446201377_3.jpg', 'images/products/6/SP_7446201377_3.jpg');
            
            INSERT INTO product_images (product_id, name, path) 
            VALUES (7446201377, 'SP_7446201377_4.jpg', 'images/products/6/SP_7446201377_4.jpg');
            
            INSERT INTO product_images (product_id, name, path) 
            VALUES (7446201377, 'SP_7446201377_5.jpg', 'images/products/6/SP_7446201377_5.jpg');
            
            INSERT INTO product_images (product_id, name, path) 
            VALUES (7446201377, 'SP_7446201377_6.jpg', 'images/products/6/SP_7446201377_6.jpg');
            
            INSERT INTO product_images (product_id, name, path) 
            VALUES (7446201377, 'SP_7446201377_7.jpg', 'images/products/6/SP_7446201377_7.jpg');
            
            INSERT INTO product_details (id, product_id, size, color, unique_search_id, quantity)
            VALUES (40583388498, 7446201377, 'XL', 'Đen', 'delnx', 2);
            
            INSERT INTO product_details (id, product_id, size, color, unique_search_id, quantity)
            VALUES (40583388499, 7446201377, 'XL', 'Trắng', 'aglnrtx', 2);
            
            INSERT INTO product_details (id, product_id, size, color, unique_search_id, quantity)
            VALUES (40583388500, 7446201377, 'M', 'Màu Ngẫu Nhiên', '  aaeghimmnnnuu', 0);
            
            INSERT INTO product_details (id, product_id, size, color, unique_search_id, quantity)
            VALUES (40583388501, 7446201377, 'L', 'Trắng', 'aglnrt', 3);
            
            INSERT INTO product_details (id, product_id, size, color, unique_search_id, quantity)
            VALUES (40583388502, 7446201377, 'L', 'Màu Ngẫu Nhiên', '  aaeghilmnnnuu', 0);
            
            INSERT INTO product_details (id, product_id, size, color, unique_search_id, quantity)
            VALUES (40583388503, 7446201377, 'XL', 'Màu Ngẫu Nhiên', '  aaeghilmnnnuux', 0);
            
            INSERT INTO product_details (id, product_id, size, color, unique_search_id, quantity)
            VALUES (40583388504, 7446201377, 'M', 'Đen', 'demn', 2);
            
            INSERT INTO product_details (id, product_id, size, color, unique_search_id, quantity)
            VALUES (40583388505, 7446201377, 'L', 'Đen', 'deln', 2);
            
            INSERT INTO product_details (id, product_id, size, color, unique_search_id, quantity)
            VALUES (40583388506, 7446201377, 'M', 'Trắng', 'agmnrt', 1);
            
            INSERT INTO product_details (id, product_id, size, color, unique_search_id, quantity)
            VALUES (65157747541, 7446201377, 'M', 'Tím', 'immt', 0);
            
            INSERT INTO product_details (id, product_id, size, color, unique_search_id, quantity)
            VALUES (65157747542, 7446201377, 'L', 'Tím', 'ilmt', 0);
            
            INSERT INTO product_details (id, product_id, size, color, unique_search_id, quantity)
            VALUES (65157747543, 7446201377, 'XL', 'Tím', 'ilmtx', 0);
            
            INSERT INTO product_details (id, product_id, size, color, unique_search_id, quantity)
            VALUES (65157747544, 7446201377, 'XL', 'Be', 'belx', 0);
            
            INSERT INTO product_details (id, product_id, size, color, unique_search_id, quantity)
            VALUES (65157747545, 7446201377, 'L', 'Be', 'bel', 0);
            
            INSERT INTO product_details (id, product_id, size, color, unique_search_id, quantity)
            VALUES (65157747546, 7446201377, 'M', 'Vàng', 'agmnv', 0);
            
            INSERT INTO product_details (id, product_id, size, color, unique_search_id, quantity)
            VALUES (65157747547, 7446201377, 'XL', 'Vàng', 'aglnvx', 0);
            
            INSERT INTO product_details (id, product_id, size, color, unique_search_id, quantity)
            VALUES (65157747548, 7446201377, 'M', 'Xanh', 'ahmnx', 0);
            
            INSERT INTO product_details (id, product_id, size, color, unique_search_id, quantity)
            VALUES (65157747549, 7446201377, 'XL', 'Xanh', 'ahlnxx', 0);
            
            INSERT INTO product_details (id, product_id, size, color, unique_search_id, quantity)
            VALUES (65157747550, 7446201377, 'M', 'Hồng', 'ghmno', 0);
            
            INSERT INTO product_details (id, product_id, size, color, unique_search_id, quantity)
            VALUES (65157747551, 7446201377, 'L', 'Xanh', 'ahlnx', 0);
            
            INSERT INTO product_details (id, product_id, size, color, unique_search_id, quantity)
            VALUES (65157747552, 7446201377, 'L', 'Hồng', 'ghlno', 0);
            
            INSERT INTO product_details (id, product_id, size, color, unique_search_id, quantity)
            VALUES (65157747553, 7446201377, 'XL', 'Hồng', 'ghlnox', 0);
            
            INSERT INTO product_details (id, product_id, size, color, unique_search_id, quantity)
            VALUES (65157747554, 7446201377, 'L', 'Vàng', 'aglnv', 0);
            
            INSERT INTO product_details (id, product_id, size, color, unique_search_id, quantity)
            VALUES (65157747555, 7446201377, 'M', 'Be', 'bem', 0);
            
            INSERT INTO products (id, sku, name, slug, category_id, unit_price, sale_price, preview_image_name, preview_image_path, views, description)
            VALUES (5958338351, 'SP06005', 'Áo len zip cổ vuông co giãn giữ nhiệt body - Thun tăm cổ khoét sâu dáng ôm Nữ HOT', 'ao-len-zip-co-vuong-co-gian-giu-nhiet-body-thun-tam-co-khoet-sau-dang-om-nu-hot', 6, 61000, 81000, 'SP_5958338351_0.jpg', 'images/products/6/SP_5958338351_0.jpg', 747, '🔺 Áo len tăm cổ vuông khoét sâu mới cập bến nhà peony nha các tình yêu nhanh đặt để được giảm 50c đầu tiên nè
🔺 Chất len tăm ôm siêu giữ nhiệt kèm tôn dáng nha 
🔺 Form ôm nhưng chất co giãn nên mặc rất thích ạ
🔺 Size
S 38-45 kg
M 45-54 kg
L 55-60 kg
🔺 Nhanh tay lên đơn đi nào cả nhà ơii <3
#setcroptop #setbody #setnu #somi #bonu #setcul #bocul #aothunnu #aothun #aophongnu #aophongtaylo #aothuntaylo #setbra #croptop #bra #croptopdep #bradep #croptopnu #aonudep #croptoptron #croptopbasic #set2mon #setthethao #croptopgiare #freeship #musthave #dangom #thuntam #lentam #aodaitay #bodynu #giunhiet #aogiunhiet

  🎀🎀🎀 Peonyboutique 🎀🎀🎀
🌺 Chuyên sỉ lẻ các loại quần áo 4 mùa
🌺 Giá tại xưởng không qua trung gian
🌺 Mẫu mã đa dạng ,hợp thời trang
🌺 Các loại sản phẩm từ chất cotton, thun, umi hàn....
Lưu ý: Các bạn chú ý đọc thông tin sản phẩm trước khi đặt hàng, shop chỉ chuyển đơn theo đúng phân loại khách chọn trong đơn..
  🎀🎀🎀 Welcome to Peonyboutique 🎀🎀🎀
 ******
Firstly, thank you for coming to our store, All the goods in the store are available.
 ******
At last，if you satisfied with our item Please Give us Five Stars Feedback !!!
Any trouble remember to conta');
            
            INSERT INTO product_images (product_id, name, path) 
            VALUES (5958338351, 'SP_5958338351_1.jpg', 'images/products/6/SP_5958338351_1.jpg');
            
            INSERT INTO product_images (product_id, name, path) 
            VALUES (5958338351, 'SP_5958338351_2.jpg', 'images/products/6/SP_5958338351_2.jpg');
            
            INSERT INTO product_images (product_id, name, path) 
            VALUES (5958338351, 'SP_5958338351_3.jpg', 'images/products/6/SP_5958338351_3.jpg');
            
            INSERT INTO product_images (product_id, name, path) 
            VALUES (5958338351, 'SP_5958338351_4.jpg', 'images/products/6/SP_5958338351_4.jpg');
            
            INSERT INTO product_images (product_id, name, path) 
            VALUES (5958338351, 'SP_5958338351_5.jpg', 'images/products/6/SP_5958338351_5.jpg');
            
            INSERT INTO product_images (product_id, name, path) 
            VALUES (5958338351, 'SP_5958338351_6.jpg', 'images/products/6/SP_5958338351_6.jpg');
            
            INSERT INTO product_details (id, product_id, size, color, unique_search_id, quantity)
            VALUES (61464616911, 5958338351, 'Màu Đen', 'S', ' ademnsu', 0);
            
            INSERT INTO product_details (id, product_id, size, color, unique_search_id, quantity)
            VALUES (61464616912, 5958338351, 'Màu Trắng', 'S', ' aagmnrstu', 49);
            
            INSERT INTO product_details (id, product_id, size, color, unique_search_id, quantity)
            VALUES (61464616913, 5958338351, 'Màu Be', 'M', ' abemmu', 0);
            
            INSERT INTO product_details (id, product_id, size, color, unique_search_id, quantity)
            VALUES (61464616914, 5958338351, 'Màu Be', 'L', ' abelmu', 0);
            
            INSERT INTO product_details (id, product_id, size, color, unique_search_id, quantity)
            VALUES (61464616915, 5958338351, 'Màu Trắng', 'L', ' aaglmnrtu', 50);
            
            INSERT INTO product_details (id, product_id, size, color, unique_search_id, quantity)
            VALUES (61464616916, 5958338351, 'Màu Be', 'S', ' abemsu', 0);
            
            INSERT INTO product_details (id, product_id, size, color, unique_search_id, quantity)
            VALUES (61464616917, 5958338351, 'Màu Đen', 'M', ' ademmnu', 0);
            
            INSERT INTO product_details (id, product_id, size, color, unique_search_id, quantity)
            VALUES (61464616918, 5958338351, 'Màu Trắng', 'M', ' aagmmnrtu', 48);
            
            INSERT INTO product_details (id, product_id, size, color, unique_search_id, quantity)
            VALUES (61464616919, 5958338351, 'Màu Đen', 'L', ' adelmnu', 0);
            
            INSERT INTO products (id, sku, name, slug, category_id, unit_price, sale_price, preview_image_name, preview_image_path, views, description)
            VALUES (5857733249, 'SP06006', 'Áo Len Cổ Tim Dài Tay Phong Cách Hàn Quốc Cho Nam', 'ao-len-co-tim-dai-tay-phong-cach-han-quoc-cho-nam', 6, 218773, 257380, 'SP_5857733249_0.jpg', 'images/products/6/SP_5857733249_0.jpg', 778, 'Thời gian giao hàng dự kiến cho sản phẩm này là từ 7-9 ngày
 
 ❥ (^ _-) Các bạn nhớ chú ý đến cửa hàng để đặt hàng các sản phẩm yêu thương nhé (^ _-) Các bạn nhớ chú ý đến cửa hàng để đặt hàng các sản phẩm yêu thương ~
 Xem tất cả các sản phẩm trong cửa hàng tại đây → _ →
 #wulongg.vn
 
 Màu sắc: Xanh dương, trắng
 Kích thước: M L XL 2XL
 Phong cách cơ bản: Phổ biến cho giới trẻ
 Độ dày: Tiêu chuẩn
 Chất liệu: Cotton+ sợi polyester
 
 Lưu ý khi mua hàng:
 1. Xin vui lòng tham khảo hình cuối cùng hoặc bảng kích thước để biết chi tiết kích thước. Kích thước tổng thể của phần dưới của cửa hàng là rộng, phần trên là mỏng và rộng. Nếu bạn không chắc mình mặc kích thước bao nhiêu, bạn có thể cung cấp cho chúng tôi chiều cao và cân nặng, chúng tôi sẽ tư vấn chuyên nghiệp cho bạn
 2. Tất cả các sản phẩm được vận chuyển từ Trung Quốc. Hãy kiên nhẫn chờ đợi ~~
 3. Nếu bạn không thể mở lỗ nút của quần jean, thì tất cả quần jean mới từ Trung Quốc đại lục đều như vậy. Đây không phải là những sản phẩm lỗi chưa hoàn thiện mà là để đảm bảo tính toàn vẹn của sản phẩm ở mức độ cao nhất ~~
 4. Chúng tôi có kiểm tra sản phẩm trước khi giao hàng, nhưng đôi khi có sự thiếu sót, chẳng hạn, các công ty vận chuyển đã gửi nhầm, bỏ sót và có vấn đề về chất lượng sau khi nhận hàng. Vui lòng liên hệ với chúng tôi ngay để giải quyết. Chúng tôi chân thành và có trách nhiệm ~~
 5. Nếu bạn hài lòng với sản phẩm và dịch vụ của chúng tôi, xin vui lòng cho chúng tôi 5 sao. Xin cảm ơn vì đã ủng hộ và chúc bạn có một cuộc sống tốt đẹp ~~
 
 Do các phương pháp đo lường khác nhau, cho phép sai số 2-5cm, phạm vi lỗi không phải là vấn đề chất lượng!
  · Lưu ý rằng sản phẩm không thể bị hủy hoặc thay đổi thông tin sau khi giao hàng ！！！ 
 Do các màn hình khác nhau, sự khác biệt về màu sắc là khó tránh khỏi. Vui lòng tham khảo sản phẩm thật. 
 Lưu ý: Chúng tôi gửi hàng từ Trung Quốc đại lục. Kích thước khác với Philippines. Bạn có thể hỏi về kích thước nếu bạn đặt hàng để tránh mất mát không đáng có.
 Xin cảm ơn!');
            
            INSERT INTO product_images (product_id, name, path) 
            VALUES (5857733249, 'SP_5857733249_1.jpg', 'images/products/6/SP_5857733249_1.jpg');
            
            INSERT INTO product_images (product_id, name, path) 
            VALUES (5857733249, 'SP_5857733249_2.jpg', 'images/products/6/SP_5857733249_2.jpg');
            
            INSERT INTO product_images (product_id, name, path) 
            VALUES (5857733249, 'SP_5857733249_3.jpg', 'images/products/6/SP_5857733249_3.jpg');
            
            INSERT INTO product_images (product_id, name, path) 
            VALUES (5857733249, 'SP_5857733249_4.jpg', 'images/products/6/SP_5857733249_4.jpg');
            
            INSERT INTO product_images (product_id, name, path) 
            VALUES (5857733249, 'SP_5857733249_5.jpg', 'images/products/6/SP_5857733249_5.jpg');
            
            INSERT INTO product_images (product_id, name, path) 
            VALUES (5857733249, 'SP_5857733249_6.jpg', 'images/products/6/SP_5857733249_6.jpg');
            
            INSERT INTO product_images (product_id, name, path) 
            VALUES (5857733249, 'SP_5857733249_7.jpg', 'images/products/6/SP_5857733249_7.jpg');
            
            INSERT INTO product_images (product_id, name, path) 
            VALUES (5857733249, 'SP_5857733249_8.jpg', 'images/products/6/SP_5857733249_8.jpg');
            
            INSERT INTO product_images (product_id, name, path) 
            VALUES (5857733249, 'SP_5857733249_9.jpg', 'images/products/6/SP_5857733249_9.jpg');
            
            INSERT INTO product_details (id, product_id, size, color, unique_search_id, quantity)
            VALUES (71418136881, 5857733249, 'M', 'white', 'ehimtw', 987);
            
            INSERT INTO product_details (id, product_id, size, color, unique_search_id, quantity)
            VALUES (71418136882, 5857733249, 'XL', 'white', 'ehiltwx', 994);
            
            INSERT INTO product_details (id, product_id, size, color, unique_search_id, quantity)
            VALUES (71418136883, 5857733249, 'L', 'white', 'ehiltw', 992);
            
            INSERT INTO product_details (id, product_id, size, color, unique_search_id, quantity)
            VALUES (71418136884, 5857733249, '2XL', 'blue', '2bellux', 994);
            
            INSERT INTO product_details (id, product_id, size, color, unique_search_id, quantity)
            VALUES (71418136885, 5857733249, 'M', 'blue', 'belmu', 995);
            
            INSERT INTO product_details (id, product_id, size, color, unique_search_id, quantity)
            VALUES (71418136886, 5857733249, '2XL', 'white', '2ehiltwx', 992);
            
            INSERT INTO product_details (id, product_id, size, color, unique_search_id, quantity)
            VALUES (71418136887, 5857733249, 'L', 'blue', 'bellu', 992);
            
            INSERT INTO product_details (id, product_id, size, color, unique_search_id, quantity)
            VALUES (71418136888, 5857733249, 'XL', 'blue', 'bellux', 996);
            