
            INSERT INTO products (id, sku, name, slug, category_id, unit_price, sale_price, preview_image_name, preview_image_path, views, description)
            VALUES (8928884644, 'SP07001', '[Mã WASKT304 giảm 15% tối đa 30K đơn 99K] Quần kaki nữ lưng tây phối thun CONI ulzzang -ẢNH THẬT-', 'ma-waskt304-giam-15percent-toi-da-30k-don-99k-quan-kaki-nu-lung-tay-phoi-thun-coni-ulzzang-anh-that-', 7, 165000, 210000, 'SP_8928884644_0.jpg', 'images/products/7/SP_8928884644_0.jpg', 14750, '👖 𝐂𝐨𝐧𝐢 𝐩𝐚𝐧𝐭𝐬
Chất liệu: Kaki Hàn co dãn nhẹ
Màu: Đen/ Trắng/ Tan
 ➖➖➖➖➖➖➖➖➖➖➖
🎈 Hướng dẫn chọn size:
Size S: Nặng 40-45kg, Cao 1m50- 1m55
Size M: Nặng 45-50kg ; Cao 1m55-1m62
Size L: Nặng 50-55kg; Cao 1m65- 1m70
Size XL: Nặng dưới 65kg; Cao dưới 1m75
👉 Lưu ý: Đây chỉ là bảng size mẫu.
BẠN INBOX TRỰC TIẾP,CUNG CẤP CHIỀU CAO + CÂN NẶNG ĐỂ SHOP CÓ THỂ HỖ TRỢ TƯ VẤN CHỌN SIZE CHO PHÙ HỢP NHÉ.

🌸 Là khách hàng của TUNI, chúng tôi cam kết bạn sẽ được:
1. Sản phẩm giống mô tả và hình ảnh thật 100% của store.
2. Đảm bảo chất lượng vải và chất lượng hình in.
3. Hỗ trợ đổi size cho phù hợp.

🏠Mua ngay tại: 211 Linh Đông, Linh Đông, Thủ Đức, tp.HCM
📲 Hotline: 0963776461
 ➖➖➖➖➖➖➖➖➖➖➖
 Hướng dẫn sử dụng sản phẩm TUNI
- Giặt ở nhiệt độ bình thường, với đồ có màu tương tự.
- Không được dùng hóa chất tẩy.
- Hạn chế sử dụng máy sấy và ủi (nếu có) thì ở nhiệt độ thích hợp.

  CHÍNH SÁCH ĐỔI TRẢ CỦA TUNI
1. Điều kiện áp dụng (trong vòng 07 ngày kể từ khi nhận sản phẩm) 
- Hàng hoá vẫn còn mới, chưa qua sử dụng 
- Hàng hoá bị lỗi hoặc hư hỏng do vận chuyển hoặc do nhà sản xuất 
2. Trường hợp được chấp nhận: 
- Hàng không đúng size, kiểu dáng như quý khách đặt hàng 
- Không đủ số lượng, không đủ bộ như trong đơn hàng 
3. Trường hợp không đủ điều kiện áp dụng chính sách: 
- Quá 07 ngày kể từ khi Quý khách nhận hàng .
- Gửi lại hàng không đúng mẫu mã, không phải sản phẩm của TUNI
- Không thích, không hợp, đặt nhầm mã, nhầm màu,... 

Do màn hình và điều kiện ánh sáng khác nhau, màu sắc thực tế của sản phẩm có thể chênh lệch khoảng 3-5%.
✔️✔️✔️ Đội ngũ TUNI STORE luôn muốn mang tới cho các shop các sản phẩm chất lượng nhất, đáng tiền nhất');
            
            INSERT INTO product_images (product_id, name, path) 
            VALUES (8928884644, 'SP_8928884644_1.jpg', 'images/products/7/SP_8928884644_1.jpg');
            
            INSERT INTO product_images (product_id, name, path) 
            VALUES (8928884644, 'SP_8928884644_2.jpg', 'images/products/7/SP_8928884644_2.jpg');
            
            INSERT INTO product_images (product_id, name, path) 
            VALUES (8928884644, 'SP_8928884644_3.jpg', 'images/products/7/SP_8928884644_3.jpg');
            
            INSERT INTO product_images (product_id, name, path) 
            VALUES (8928884644, 'SP_8928884644_4.jpg', 'images/products/7/SP_8928884644_4.jpg');
            
            INSERT INTO product_images (product_id, name, path) 
            VALUES (8928884644, 'SP_8928884644_5.jpg', 'images/products/7/SP_8928884644_5.jpg');
            
            INSERT INTO product_images (product_id, name, path) 
            VALUES (8928884644, 'SP_8928884644_6.jpg', 'images/products/7/SP_8928884644_6.jpg');
            
            INSERT INTO product_images (product_id, name, path) 
            VALUES (8928884644, 'SP_8928884644_7.jpg', 'images/products/7/SP_8928884644_7.jpg');
            
            INSERT INTO product_images (product_id, name, path) 
            VALUES (8928884644, 'SP_8928884644_8.jpg', 'images/products/7/SP_8928884644_8.jpg');
            
            INSERT INTO product_images (product_id, name, path) 
            VALUES (8928884644, 'SP_8928884644_9.jpg', 'images/products/7/SP_8928884644_9.jpg');
            
            INSERT INTO product_details (id, product_id, size, color, unique_search_id, quantity)
            VALUES (64282875035, 8928884644, 'XXL', 'Đen', 'delnxx', 11);
            
            INSERT INTO product_details (id, product_id, size, color, unique_search_id, quantity)
            VALUES (64282875036, 8928884644, 'S', 'Trắng', 'agnrst', 6);
            
            INSERT INTO product_details (id, product_id, size, color, unique_search_id, quantity)
            VALUES (64282875037, 8928884644, 'M', 'Tan', 'amnt', 6);
            
            INSERT INTO product_details (id, product_id, size, color, unique_search_id, quantity)
            VALUES (64282875038, 8928884644, 'S', 'Đen', 'dens', 5);
            
            INSERT INTO product_details (id, product_id, size, color, unique_search_id, quantity)
            VALUES (64282875039, 8928884644, 'L', 'Đen', 'deln', 9);
            
            INSERT INTO product_details (id, product_id, size, color, unique_search_id, quantity)
            VALUES (64282875040, 8928884644, 'L', 'Trắng', 'aglnrt', 19);
            
            INSERT INTO product_details (id, product_id, size, color, unique_search_id, quantity)
            VALUES (64282875041, 8928884644, 'XL', 'Tan', 'alntx', 15);
            
            INSERT INTO product_details (id, product_id, size, color, unique_search_id, quantity)
            VALUES (64282875042, 8928884644, 'XL', 'Đen', 'delnx', 9);
            
            INSERT INTO product_details (id, product_id, size, color, unique_search_id, quantity)
            VALUES (64282875043, 8928884644, 'XXL', 'Trắng', 'aglnrtxx', 7);
            
            INSERT INTO product_details (id, product_id, size, color, unique_search_id, quantity)
            VALUES (64282875044, 8928884644, 'L', 'Tan', 'alnt', 5);
            
            INSERT INTO product_details (id, product_id, size, color, unique_search_id, quantity)
            VALUES (64282875045, 8928884644, 'XXL', 'Tan', 'alntxx', 18);
            
            INSERT INTO product_details (id, product_id, size, color, unique_search_id, quantity)
            VALUES (64282875046, 8928884644, 'M', 'Đen', 'demn', 5);
            
            INSERT INTO product_details (id, product_id, size, color, unique_search_id, quantity)
            VALUES (64282875047, 8928884644, 'M', 'Trắng', 'agmnrt', 7);
            
            INSERT INTO product_details (id, product_id, size, color, unique_search_id, quantity)
            VALUES (64282875048, 8928884644, 'XL', 'Trắng', 'aglnrtx', 19);
            
            INSERT INTO product_details (id, product_id, size, color, unique_search_id, quantity)
            VALUES (64282875049, 8928884644, 'S', 'Tan', 'anst', 10);
            
            INSERT INTO product_details (id, product_id, size, color, unique_search_id, quantity)
            VALUES (81341212924, 8928884644, 'S', 'Nâu', 'ansu', 9);
            
            INSERT INTO product_details (id, product_id, size, color, unique_search_id, quantity)
            VALUES (81341212925, 8928884644, 'M', 'Nâu', 'amnu', 18);
            
            INSERT INTO product_details (id, product_id, size, color, unique_search_id, quantity)
            VALUES (81341212926, 8928884644, 'L', 'Nâu', 'alnu', 19);
            
            INSERT INTO product_details (id, product_id, size, color, unique_search_id, quantity)
            VALUES (81341212927, 8928884644, 'XXL', 'Nâu', 'alnuxx', 9);
            
            INSERT INTO product_details (id, product_id, size, color, unique_search_id, quantity)
            VALUES (81341212928, 8928884644, 'XL', 'Nâu', 'alnux', 20);
            
            INSERT INTO products (id, sku, name, slug, category_id, unit_price, sale_price, preview_image_name, preview_image_path, views, description)
            VALUES (4631786110, 'SP07002', 'QUẦN KAKI SUÔNG ỐNG RỘNG', 'quan-kaki-suong-ong-rong', 7, 140000, 150000, 'SP_4631786110_0.jpg', 'images/products/7/SP_4631786110_0.jpg', 9961, 'Quần kaki suông ống rộng phù hợp với mọi lứa tuổi
Chất liệu kaki dày dặn
Quần có 3 màu: Đen, Be và Trắng
Đủ 4 size:
- Size S từ 40-45kg
- Size M từ 46-50kg
- Size L từ 51-55kg
- Size Xl từ 56-60kg
--------------------
#quankaki #quandaikaki #quankakinu #quankakiongrong #quankakituihop 
#quankakibaggy #quankakisuong #quankakisuongongrong #quan #shopee');
            
            INSERT INTO product_images (product_id, name, path) 
            VALUES (4631786110, 'SP_4631786110_1.jpg', 'images/products/7/SP_4631786110_1.jpg');
            
            INSERT INTO product_images (product_id, name, path) 
            VALUES (4631786110, 'SP_4631786110_2.jpg', 'images/products/7/SP_4631786110_2.jpg');
            
            INSERT INTO product_images (product_id, name, path) 
            VALUES (4631786110, 'SP_4631786110_3.jpg', 'images/products/7/SP_4631786110_3.jpg');
            
            INSERT INTO product_images (product_id, name, path) 
            VALUES (4631786110, 'SP_4631786110_4.jpg', 'images/products/7/SP_4631786110_4.jpg');
            
            INSERT INTO product_images (product_id, name, path) 
            VALUES (4631786110, 'SP_4631786110_5.jpg', 'images/products/7/SP_4631786110_5.jpg');
            
            INSERT INTO product_images (product_id, name, path) 
            VALUES (4631786110, 'SP_4631786110_6.jpg', 'images/products/7/SP_4631786110_6.jpg');
            
            INSERT INTO product_images (product_id, name, path) 
            VALUES (4631786110, 'SP_4631786110_7.jpg', 'images/products/7/SP_4631786110_7.jpg');
            
            INSERT INTO product_images (product_id, name, path) 
            VALUES (4631786110, 'SP_4631786110_8.jpg', 'images/products/7/SP_4631786110_8.jpg');
            
            INSERT INTO product_details (id, product_id, size, color, unique_search_id, quantity)
            VALUES (16874006926, 4631786110, 'S', 'Đen', 'dens', 130);
            
            INSERT INTO product_details (id, product_id, size, color, unique_search_id, quantity)
            VALUES (16874006927, 4631786110, 'M', 'Đen', 'demn', 99);
            
            INSERT INTO product_details (id, product_id, size, color, unique_search_id, quantity)
            VALUES (16874006928, 4631786110, 'L', 'Đen', 'deln', 99);
            
            INSERT INTO product_details (id, product_id, size, color, unique_search_id, quantity)
            VALUES (16874006929, 4631786110, 'XL', 'Đen', 'delnx', 98);
            
            INSERT INTO product_details (id, product_id, size, color, unique_search_id, quantity)
            VALUES (16874006930, 4631786110, 'S', 'Be', 'bes', 0);
            
            INSERT INTO product_details (id, product_id, size, color, unique_search_id, quantity)
            VALUES (16874006931, 4631786110, 'M', 'Be', 'bem', 0);
            
            INSERT INTO product_details (id, product_id, size, color, unique_search_id, quantity)
            VALUES (16874006932, 4631786110, 'L', 'Be', 'bel', 82);
            
            INSERT INTO product_details (id, product_id, size, color, unique_search_id, quantity)
            VALUES (16874006933, 4631786110, 'XL', 'Be', 'belx', 83);
            
            INSERT INTO product_details (id, product_id, size, color, unique_search_id, quantity)
            VALUES (16874006934, 4631786110, 'S', 'Đen viền nổi', '  deeiinnnosv', 0);
            
            INSERT INTO product_details (id, product_id, size, color, unique_search_id, quantity)
            VALUES (16874006935, 4631786110, 'M', 'Đen viền nổi', '  deeiimnnnov', 0);
            
            INSERT INTO product_details (id, product_id, size, color, unique_search_id, quantity)
            VALUES (16874006936, 4631786110, 'L', 'Đen viền nổi', '  deeiilnnnov', 0);
            
            INSERT INTO product_details (id, product_id, size, color, unique_search_id, quantity)
            VALUES (16874006937, 4631786110, 'XL', 'Đen viền nổi', '  deeiilnnnovx', 0);
            
            INSERT INTO product_details (id, product_id, size, color, unique_search_id, quantity)
            VALUES (16874006938, 4631786110, 'S', 'Trắng', 'agnrst', 94);
            
            INSERT INTO product_details (id, product_id, size, color, unique_search_id, quantity)
            VALUES (16874006939, 4631786110, 'M', 'Trắng', 'agmnrt', 89);
            
            INSERT INTO product_details (id, product_id, size, color, unique_search_id, quantity)
            VALUES (16874006940, 4631786110, 'L', 'Trắng', 'aglnrt', 86);
            
            INSERT INTO product_details (id, product_id, size, color, unique_search_id, quantity)
            VALUES (16874006941, 4631786110, 'XL', 'Trắng', 'aglnrtx', 97);
            
            INSERT INTO products (id, sku, name, slug, category_id, unit_price, sale_price, preview_image_name, preview_image_path, views, description)
            VALUES (2566767210, 'SP07003', '[order] Quần kaki co giãn 4 chiều', 'order-quan-kaki-co-gian-4-chieu', 7, 200000, 220000, 'SP_2566767210_0.jpg', 'images/products/7/SP_2566767210_0.jpg', 92, '[order] Quần kaki co giãn 4 chiều
Chỉ vì mama nhà tôi lỡ giặt hỏng quần trắng của tui nên giờ mới phải mua lại :(((
#200k/em
Size S-2XL
Bảng 9 màu như hình');
            
            INSERT INTO product_images (product_id, name, path) 
            VALUES (2566767210, 'SP_2566767210_1.jpg', 'images/products/7/SP_2566767210_1.jpg');
            
            INSERT INTO product_images (product_id, name, path) 
            VALUES (2566767210, 'SP_2566767210_2.jpg', 'images/products/7/SP_2566767210_2.jpg');
            
            INSERT INTO product_images (product_id, name, path) 
            VALUES (2566767210, 'SP_2566767210_3.jpg', 'images/products/7/SP_2566767210_3.jpg');
            
            INSERT INTO product_images (product_id, name, path) 
            VALUES (2566767210, 'SP_2566767210_4.jpg', 'images/products/7/SP_2566767210_4.jpg');
            
            INSERT INTO product_images (product_id, name, path) 
            VALUES (2566767210, 'SP_2566767210_5.jpg', 'images/products/7/SP_2566767210_5.jpg');
            
            INSERT INTO product_details (id, product_id, size, color, unique_search_id, quantity)
            VALUES (5703610469, 2566767210, 'S', 'Trắng', 'agnrst', 8);
            
            INSERT INTO product_details (id, product_id, size, color, unique_search_id, quantity)
            VALUES (5703610470, 2566767210, 'M', 'Trắng', 'agmnrt', 9);
            
            INSERT INTO product_details (id, product_id, size, color, unique_search_id, quantity)
            VALUES (5703610471, 2566767210, 'L', 'Trắng', 'aglnrt', 10);
            
            INSERT INTO product_details (id, product_id, size, color, unique_search_id, quantity)
            VALUES (5703610472, 2566767210, 'XL', 'Trắng', 'aglnrtx', 3);
            
            INSERT INTO product_details (id, product_id, size, color, unique_search_id, quantity)
            VALUES (5703610473, 2566767210, '2XL', 'Trắng', '2aglnrtx', 9);
            
            INSERT INTO product_details (id, product_id, size, color, unique_search_id, quantity)
            VALUES (5703610474, 2566767210, 'S', 'Đen', 'dens', 7);
            
            INSERT INTO product_details (id, product_id, size, color, unique_search_id, quantity)
            VALUES (5703610475, 2566767210, 'M', 'Đen', 'demn', 6);
            
            INSERT INTO product_details (id, product_id, size, color, unique_search_id, quantity)
            VALUES (5703610476, 2566767210, 'L', 'Đen', 'deln', 5);
            
            INSERT INTO product_details (id, product_id, size, color, unique_search_id, quantity)
            VALUES (5703610477, 2566767210, 'XL', 'Đen', 'delnx', 10);
            
            INSERT INTO product_details (id, product_id, size, color, unique_search_id, quantity)
            VALUES (5703610478, 2566767210, '2XL', 'Đen', '2delnx', 4);
            
            INSERT INTO product_details (id, product_id, size, color, unique_search_id, quantity)
            VALUES (5703610479, 2566767210, 'S', 'Xám sáng', ' aagmnssx', 9);
            
            INSERT INTO product_details (id, product_id, size, color, unique_search_id, quantity)
            VALUES (5703610480, 2566767210, 'M', 'Xám sáng', ' aagmmnsx', 10);
            
            INSERT INTO product_details (id, product_id, size, color, unique_search_id, quantity)
            VALUES (5703610481, 2566767210, 'L', 'Xám sáng', ' aaglmnsx', 8);
            
            INSERT INTO product_details (id, product_id, size, color, unique_search_id, quantity)
            VALUES (5703610482, 2566767210, 'XL', 'Xám sáng', ' aaglmnsxx', 9);
            
            INSERT INTO product_details (id, product_id, size, color, unique_search_id, quantity)
            VALUES (5703610483, 2566767210, '2XL', 'Xám sáng', ' 2aaglmnsxx', 9);
            
            INSERT INTO product_details (id, product_id, size, color, unique_search_id, quantity)
            VALUES (5703610484, 2566767210, 'S', 'Xám đậm', ' aadmmsx', 10);
            
            INSERT INTO product_details (id, product_id, size, color, unique_search_id, quantity)
            VALUES (5703610485, 2566767210, 'M', 'Xám đậm', ' aadmmmx', 8);
            
            INSERT INTO product_details (id, product_id, size, color, unique_search_id, quantity)
            VALUES (5703610486, 2566767210, 'L', 'Xám đậm', ' aadlmmx', 9);
            
            INSERT INTO product_details (id, product_id, size, color, unique_search_id, quantity)
            VALUES (5703610487, 2566767210, 'XL', 'Xám đậm', ' aadlmmxx', 10);
            
            INSERT INTO product_details (id, product_id, size, color, unique_search_id, quantity)
            VALUES (5703610488, 2566767210, '2XL', 'Xám đậm', ' 2aadlmmxx', 8);
            
            INSERT INTO product_details (id, product_id, size, color, unique_search_id, quantity)
            VALUES (5703610489, 2566767210, 'S', 'Hồng', 'ghnos', 10);
            
            INSERT INTO product_details (id, product_id, size, color, unique_search_id, quantity)
            VALUES (5703610491, 2566767210, 'M', 'Hồng', 'ghmno', 5);
            
            INSERT INTO product_details (id, product_id, size, color, unique_search_id, quantity)
            VALUES (5703610494, 2566767210, 'L', 'Hồng', 'ghlno', 8);
            
            INSERT INTO product_details (id, product_id, size, color, unique_search_id, quantity)
            VALUES (5703610496, 2566767210, 'XL', 'Hồng', 'ghlnox', 10);
            
            INSERT INTO product_details (id, product_id, size, color, unique_search_id, quantity)
            VALUES (5703610498, 2566767210, '2XL', 'Hồng', '2ghlnox', 9);
            
            INSERT INTO product_details (id, product_id, size, color, unique_search_id, quantity)
            VALUES (5703610500, 2566767210, 'S', 'Xanh than sáng', '  aaaghhnnnsstx', 10);
            
            INSERT INTO product_details (id, product_id, size, color, unique_search_id, quantity)
            VALUES (5703610502, 2566767210, 'M', 'Xanh than sáng', '  aaaghhmnnnstx', 9);
            
            INSERT INTO product_details (id, product_id, size, color, unique_search_id, quantity)
            VALUES (5703610504, 2566767210, 'L', 'Xanh than sáng', '  aaaghhlnnnstx', 9);
            
            INSERT INTO product_details (id, product_id, size, color, unique_search_id, quantity)
            VALUES (5703610506, 2566767210, 'XL', 'Xanh than sáng', '  aaaghhlnnnstxx', 9);
            
            INSERT INTO product_details (id, product_id, size, color, unique_search_id, quantity)
            VALUES (5703610508, 2566767210, '2XL', 'Xanh than sáng', '  2aaaghhlnnnstxx', 10);
            
            INSERT INTO product_details (id, product_id, size, color, unique_search_id, quantity)
            VALUES (5703610509, 2566767210, 'S', 'Be', 'bes', 7);
            
            INSERT INTO product_details (id, product_id, size, color, unique_search_id, quantity)
            VALUES (5703610510, 2566767210, 'M', 'Be', 'bem', 5);
            
            INSERT INTO product_details (id, product_id, size, color, unique_search_id, quantity)
            VALUES (5703610512, 2566767210, 'L', 'Be', 'bel', 8);
            
            INSERT INTO product_details (id, product_id, size, color, unique_search_id, quantity)
            VALUES (5703610514, 2566767210, 'XL', 'Be', 'belx', 9);
            
            INSERT INTO product_details (id, product_id, size, color, unique_search_id, quantity)
            VALUES (5703610516, 2566767210, '2XL', 'Be', '2belx', 7);
            
            INSERT INTO product_details (id, product_id, size, color, unique_search_id, quantity)
            VALUES (5703610518, 2566767210, 'S', 'Rêu', 'ersu', 10);
            
            INSERT INTO product_details (id, product_id, size, color, unique_search_id, quantity)
            VALUES (5703610520, 2566767210, 'M', 'Rêu', 'emru', 9);
            
            INSERT INTO product_details (id, product_id, size, color, unique_search_id, quantity)
            VALUES (5703610521, 2566767210, 'L', 'Rêu', 'elru', 10);
            
            INSERT INTO product_details (id, product_id, size, color, unique_search_id, quantity)
            VALUES (5703610522, 2566767210, 'XL', 'Rêu', 'elrux', 9);
            
            INSERT INTO product_details (id, product_id, size, color, unique_search_id, quantity)
            VALUES (5703610523, 2566767210, '2XL', 'Rêu', '2elrux', 7);
            
            INSERT INTO product_details (id, product_id, size, color, unique_search_id, quantity)
            VALUES (5703610524, 2566767210, 'S', 'Xanh xám', ' aahmnsxx', 10);
            
            INSERT INTO product_details (id, product_id, size, color, unique_search_id, quantity)
            VALUES (5703610525, 2566767210, 'M', 'Xanh xám', ' aahmmnxx', 8);
            
            INSERT INTO product_details (id, product_id, size, color, unique_search_id, quantity)
            VALUES (5703610526, 2566767210, 'L', 'Xanh xám', ' aahlmnxx', 10);
            
            INSERT INTO product_details (id, product_id, size, color, unique_search_id, quantity)
            VALUES (5703610527, 2566767210, 'XL', 'Xanh xám', ' aahlmnxxx', 9);
            
            INSERT INTO product_details (id, product_id, size, color, unique_search_id, quantity)
            VALUES (5703610528, 2566767210, '2XL', 'Xanh xám', ' 2aahlmnxxx', 8);
            
            INSERT INTO products (id, sku, name, slug, category_id, unit_price, sale_price, preview_image_name, preview_image_path, views, description)
            VALUES (2763249949, 'SP07004', '[FREESHIP] QUẦN KAKI BASIC PANTS UNISEX CAO CẤP', 'freeship-quan-kaki-basic-pants-unisex-cao-cap', 7, 138000, 195000, 'SP_2763249949_0.jpg', 'images/products/7/SP_2763249949_0.jpg', 434, '🌞 Bảng Size tham khảo (phù hợp với 80-90% người Việt. Các cậu có số đo đặc biệt xem thêm bảng số đo chi tiết kế bên hình bìa nhé <3
- Size S: dưới 40kg, Cao dưới 1m60
- Size M: dưới 45kg, Cao dưới 1m60
- Size L: dưới 50kg , Cao 1m61 - 1m70
- Size XL: dưới 55kg, Cao 1m61 - 1m70
- Size XXL: dưới 65kg, Cao 1m61 - 1m70
- Size XXXL: dưới 70kg, Cao 1m61 - 1m70
Hướng dẫn sử dụng mã Freeship: https://www.youtube.com/watch?v=NC5qq-3W5F0
Thông Tin Sản Phẩm:
- Xuất xứ: Việt Nam
- Chất liệu: Vải Kaki
- Size: S - M - L - XL -XXL - XXXL
- Bảo hành: Tất cả các lỗi do NSX.

Ưu Điểm:
- Giá tốt nhất thị trường vì shop sx số lượng cực lớn
- Rất dễ phối đồ. Xuân Hạ Thu Đông đều mặc đẹp.
- Hỗ trợ đổi size đổi mẫu sau khi nhận hàng
- Đổi trả tất cả các lỗi của nhà sản xuất
Thanh toán khi nhận hàng!

- Hướng dẫn đặt mua nhiều màu, mẫu, kích thước trong 1 đơn hàng: Bạn phải chọn màu, mẫu hoặc kích thước bạn muốn rồi cho vào giỏ hàng. Sau khi chọn đủ thì vào giỏ hàng để tiến hành mua hàng. Có thể điều chỉnh số lượng mua trong giỏ hàng nếu muốn.
- Đối với những sản phẩm có nhiều mẫu, màu sắc, nhiều kích thước. Quý khách vui lòng đặt mua đúng mẫu, màu, kích thước của sản phẩm trên hệ thống để tránh nhầm lẫn. 
- Nếu quý khách muốn biết rõ hơn về sản phẩm xin vui lòng chat với shop để được tư vấn trước khi đặt hàng.
-------------------------------------------------
DINGO CLOTHING
Chuyên cung cấp thời trang theo xu hướng
📞 Hotline: 0367.116.228
🌏 Facebook: Fb.com/NhatLinh.Clothing
🏠 Địa Chỉ: Số 68 Yên Nghĩa, Yên Nghĩa, Hà Đông, Hà Nội
#quầnáo #shopquầnáo #thờitrangnữ #cửahàngquầnáo #muaquầnáo #quầnáonữ #quầnáothờitrangnữ #quầnbaggynữ #shopquầnáonữ #shopthờitrangnữ #thờitrangđẹp #thờitrangfiona #thoitranghanquoc #thoitrangnu #thờitrangnữcaocấp #muaáothunnữ #muaquần #muaquanaonu');
            
            INSERT INTO product_images (product_id, name, path) 
            VALUES (2763249949, 'SP_2763249949_1.jpg', 'images/products/7/SP_2763249949_1.jpg');
            
            INSERT INTO product_images (product_id, name, path) 
            VALUES (2763249949, 'SP_2763249949_2.jpg', 'images/products/7/SP_2763249949_2.jpg');
            
            INSERT INTO product_images (product_id, name, path) 
            VALUES (2763249949, 'SP_2763249949_3.jpg', 'images/products/7/SP_2763249949_3.jpg');
            
            INSERT INTO product_images (product_id, name, path) 
            VALUES (2763249949, 'SP_2763249949_4.jpg', 'images/products/7/SP_2763249949_4.jpg');
            
            INSERT INTO product_images (product_id, name, path) 
            VALUES (2763249949, 'SP_2763249949_5.jpg', 'images/products/7/SP_2763249949_5.jpg');
            
            INSERT INTO product_images (product_id, name, path) 
            VALUES (2763249949, 'SP_2763249949_6.jpg', 'images/products/7/SP_2763249949_6.jpg');
            
            INSERT INTO product_images (product_id, name, path) 
            VALUES (2763249949, 'SP_2763249949_7.jpg', 'images/products/7/SP_2763249949_7.jpg');
            
            INSERT INTO product_images (product_id, name, path) 
            VALUES (2763249949, 'SP_2763249949_8.jpg', 'images/products/7/SP_2763249949_8.jpg');
            
            INSERT INTO product_images (product_id, name, path) 
            VALUES (2763249949, 'SP_2763249949_9.jpg', 'images/products/7/SP_2763249949_9.jpg');
            
            INSERT INTO product_details (id, product_id, size, color, unique_search_id, quantity)
            VALUES (6735109022, 2763249949, 'S', 'Đen', 'dens', 9968);
            
            INSERT INTO product_details (id, product_id, size, color, unique_search_id, quantity)
            VALUES (6735109023, 2763249949, 'M', 'Đen', 'demn', 9946);
            
            INSERT INTO product_details (id, product_id, size, color, unique_search_id, quantity)
            VALUES (6735109024, 2763249949, 'L', 'Đen', 'deln', 9944);
            
            INSERT INTO product_details (id, product_id, size, color, unique_search_id, quantity)
            VALUES (6735109025, 2763249949, 'XL', 'Đen', 'delnx', 9941);
            
            INSERT INTO product_details (id, product_id, size, color, unique_search_id, quantity)
            VALUES (6735109026, 2763249949, 'XXL', 'Đen', 'delnxx', 9997);
            
            INSERT INTO product_details (id, product_id, size, color, unique_search_id, quantity)
            VALUES (6735109027, 2763249949, 'S', 'Be', 'bes', 9960);
            
            INSERT INTO product_details (id, product_id, size, color, unique_search_id, quantity)
            VALUES (6735109028, 2763249949, 'M', 'Be', 'bem', 9933);
            
            INSERT INTO product_details (id, product_id, size, color, unique_search_id, quantity)
            VALUES (6735109029, 2763249949, 'L', 'Be', 'bel', 9918);
            
            INSERT INTO product_details (id, product_id, size, color, unique_search_id, quantity)
            VALUES (6735109030, 2763249949, 'XL', 'Be', 'belx', 9940);
            
            INSERT INTO product_details (id, product_id, size, color, unique_search_id, quantity)
            VALUES (6735109031, 2763249949, 'XXL', 'Be', 'belxx', 9930);
            
            INSERT INTO product_details (id, product_id, size, color, unique_search_id, quantity)
            VALUES (11055670084, 2763249949, 'XXXL', 'Đen', 'delnxxx', 9997);
            
            INSERT INTO product_details (id, product_id, size, color, unique_search_id, quantity)
            VALUES (11055670087, 2763249949, 'XXXL', 'Be', 'belxxx', 9988);
            
            INSERT INTO products (id, sku, name, slug, category_id, unit_price, sale_price, preview_image_name, preview_image_path, views, description)
            VALUES (4323858778, 'SP07005', 'quần sooc ống rộng khoá chun lưng chất kaki', 'quan-sooc-ong-rong-khoa-chun-lung-chat-kaki', 7, 59000, 79000, 'SP_4323858778_0.jpg', 'images/products/7/SP_4323858778_0.jpg', 45354, 'quần short kaki ống rộng chun lưng 

Quần short kaki thiết kế thân trước cúc khoá , thân sau chun lưng bản 4cm

Thông số quần 
Dài 36cm
Chất liệu kaki thô

Thông số sp như sau:

Sz m l xl
S<45kg
M < 50kg/66/92
L < 57kg/ 72/98
Xl < 65kg/78/104
2XL<70kg

cảm ơn các b đã mua sắm tại shop bầu xinh!!

chúc các b luôn vui vẻ và hạnh phúc!!!');
            
            INSERT INTO product_images (product_id, name, path) 
            VALUES (4323858778, 'SP_4323858778_1.jpg', 'images/products/7/SP_4323858778_1.jpg');
            
            INSERT INTO product_images (product_id, name, path) 
            VALUES (4323858778, 'SP_4323858778_2.jpg', 'images/products/7/SP_4323858778_2.jpg');
            
            INSERT INTO product_images (product_id, name, path) 
            VALUES (4323858778, 'SP_4323858778_3.jpg', 'images/products/7/SP_4323858778_3.jpg');
            
            INSERT INTO product_images (product_id, name, path) 
            VALUES (4323858778, 'SP_4323858778_4.jpg', 'images/products/7/SP_4323858778_4.jpg');
            
            INSERT INTO product_images (product_id, name, path) 
            VALUES (4323858778, 'SP_4323858778_5.jpg', 'images/products/7/SP_4323858778_5.jpg');
            
            INSERT INTO product_images (product_id, name, path) 
            VALUES (4323858778, 'SP_4323858778_6.jpg', 'images/products/7/SP_4323858778_6.jpg');
            
            INSERT INTO product_images (product_id, name, path) 
            VALUES (4323858778, 'SP_4323858778_7.jpg', 'images/products/7/SP_4323858778_7.jpg');
            
            INSERT INTO product_details (id, product_id, size, color, unique_search_id, quantity)
            VALUES (15547700614, 4323858778, 'M<50kg', 'đen', '05<degkmn', 659);
            
            INSERT INTO product_details (id, product_id, size, color, unique_search_id, quantity)
            VALUES (15547700616, 4323858778, 'L<57kg', 'đen', '57<degkln', 625);
            
            INSERT INTO product_details (id, product_id, size, color, unique_search_id, quantity)
            VALUES (15547700617, 4323858778, 'XL<65kg', 'đen', '56<degklnx', 655);
            
            INSERT INTO product_details (id, product_id, size, color, unique_search_id, quantity)
            VALUES (15547700618, 4323858778, 'M<50kg', 'be', '05<begkm', 693);
            
            INSERT INTO product_details (id, product_id, size, color, unique_search_id, quantity)
            VALUES (15547700619, 4323858778, 'L<57kg', 'be', '57<begkl', 696);
            
            INSERT INTO product_details (id, product_id, size, color, unique_search_id, quantity)
            VALUES (15547700620, 4323858778, 'XL<65kg', 'be', '56<begklx', 770);
            
            INSERT INTO product_details (id, product_id, size, color, unique_search_id, quantity)
            VALUES (17245508694, 4323858778, 'M<50kg', 'trắng', '05<aggkmnrt', 766);
            
            INSERT INTO product_details (id, product_id, size, color, unique_search_id, quantity)
            VALUES (17245508695, 4323858778, 'L<57kg', 'trắng', '57<aggklnrt', 799);
            
            INSERT INTO product_details (id, product_id, size, color, unique_search_id, quantity)
            VALUES (17245508696, 4323858778, 'XL<65kg', 'trắng', '56<aggklnrtx', 843);
            
            INSERT INTO product_details (id, product_id, size, color, unique_search_id, quantity)
            VALUES (50170687060, 4323858778, 'S<45kg', 'be', '45<begks', 871);
            
            INSERT INTO product_details (id, product_id, size, color, unique_search_id, quantity)
            VALUES (50170687061, 4323858778, 'S<45kg', 'đen', '45<degkns', 866);
            
            INSERT INTO product_details (id, product_id, size, color, unique_search_id, quantity)
            VALUES (50170687062, 4323858778, '2XL<70kg', 'trắng', '027<aggklnrtx', 829);
            
            INSERT INTO product_details (id, product_id, size, color, unique_search_id, quantity)
            VALUES (50170687064, 4323858778, '2XL<70kg', 'đen', '027<degklnx', 616);
            
            INSERT INTO product_details (id, product_id, size, color, unique_search_id, quantity)
            VALUES (50170687065, 4323858778, 'S<45kg', 'trắng', '45<aggknrst', 895);
            
            INSERT INTO product_details (id, product_id, size, color, unique_search_id, quantity)
            VALUES (50170687066, 4323858778, '2XL<70kg', 'be', '027<begklx', 758);
            
            INSERT INTO products (id, sku, name, slug, category_id, unit_price, sale_price, preview_image_name, preview_image_path, views, description)
            VALUES (3131271499, 'SP07006', '[Mã WASKT304 giảm 15% tối đa 30K đơn 99K] QUẦN YẾM KAKI PIC DÁNG SUÔNG ULZZANG UNISEX', 'ma-waskt304-giam-15percent-toi-da-30k-don-99k-quan-yem-kaki-pic-dang-suong-ulzzang-unisex', 7, 169000, 338000, 'SP_3131271499_0.jpg', 'images/products/7/SP_3131271499_0.jpg', 25766, '🌻 Quần yếm PIC - chất vải kaki dày dặn cực xinh, form rộng thoải mái đủ 3 size nhé mng ơi. 
✔ Phù hợp cho cả nam và nữ ạ 🤗
🔸️ Chất liệu Kaki mềm thoáng mát, co dãn nhẹ đem lại cảm giác thoải mái nhất khi mặc thường xuyên.
➖➖➖➖➖➖➖➖➖➖➖
✔️Bảng size :
👉 Size M : Dưới 1m60 - 50kg
👉 Size L. : Dưới 1m65 - 60kg
👉 Size XL: Dưới 1m70 - 65kg
Số đo chi tiết (mang tính tương đối)
M dài 97cm, ống rộng 20cm, hông rộng 96cm, vòng đùi 61cm, vòng mông 102cm
L dài 99cm, ống rộng 20.5cm, hông rộng 98cm, vòng đùi 62cm, vòng mông 104cm
XL dài 101cm, ống rộng 21cm, hông rộng 100cm, vòng đùi 63cm, vòng mông 106cm
-----------------------
🏡 Địa chỉ: 59/47 Vườn Điều, đường số 10, phường Tân Quy, quận 7 TPHCM
▪️ Hotline/Zalo sỉ: 0911442968
🔸️ Page Facebook : Wopi Store
🔸️ Website: shopee.vn/uyenuyenphi
🔸️ Instagram: wopi.store
-----------------------
🖤 WOPI STORE - Chuyên Sỉ/Lẻ Thời Trang Unisex
✔ Cam kết sản phẩm chất lượng y hình 100%.
✔ Luôn có giá tốt nhất, đáng tiền.
✔ Tư vấn tận tâm, chi tiết nhất với khách hàng.
✔ Hỗ trợ đổi/trả miễn phí nếu khách hàng không hài lòng với sản phẩm & dịch vụ tại shop.');
            
            INSERT INTO product_images (product_id, name, path) 
            VALUES (3131271499, 'SP_3131271499_1.jpg', 'images/products/7/SP_3131271499_1.jpg');
            
            INSERT INTO product_images (product_id, name, path) 
            VALUES (3131271499, 'SP_3131271499_2.jpg', 'images/products/7/SP_3131271499_2.jpg');
            
            INSERT INTO product_images (product_id, name, path) 
            VALUES (3131271499, 'SP_3131271499_3.jpg', 'images/products/7/SP_3131271499_3.jpg');
            
            INSERT INTO product_images (product_id, name, path) 
            VALUES (3131271499, 'SP_3131271499_4.jpg', 'images/products/7/SP_3131271499_4.jpg');
            
            INSERT INTO product_images (product_id, name, path) 
            VALUES (3131271499, 'SP_3131271499_5.jpg', 'images/products/7/SP_3131271499_5.jpg');
            
            INSERT INTO product_images (product_id, name, path) 
            VALUES (3131271499, 'SP_3131271499_6.jpg', 'images/products/7/SP_3131271499_6.jpg');
            
            INSERT INTO product_images (product_id, name, path) 
            VALUES (3131271499, 'SP_3131271499_7.jpg', 'images/products/7/SP_3131271499_7.jpg');
            
            INSERT INTO product_images (product_id, name, path) 
            VALUES (3131271499, 'SP_3131271499_8.jpg', 'images/products/7/SP_3131271499_8.jpg');
            
            INSERT INTO product_images (product_id, name, path) 
            VALUES (3131271499, 'SP_3131271499_9.jpg', 'images/products/7/SP_3131271499_9.jpg');
            
            INSERT INTO product_details (id, product_id, size, color, unique_search_id, quantity)
            VALUES (15154491840, 3131271499, 'Size M', 'Yếm Đen', '  deeeimmnsyz', 98);
            
            INSERT INTO product_details (id, product_id, size, color, unique_search_id, quantity)
            VALUES (15154491841, 3131271499, 'Size L', 'Yếm Đen', '  deeeilmnsyz', 58);
            
            INSERT INTO product_details (id, product_id, size, color, unique_search_id, quantity)
            VALUES (15154491842, 3131271499, 'Size XL', 'Yếm Đen', '  deeeilmnsxyz', 41);
            
            INSERT INTO product_details (id, product_id, size, color, unique_search_id, quantity)
            VALUES (15154491843, 3131271499, 'Size M', 'Yếm Trắng', '  aeegimmnrstyz', 26);
            
            INSERT INTO product_details (id, product_id, size, color, unique_search_id, quantity)
            VALUES (15154491844, 3131271499, 'Size L', 'Yếm Trắng', '  aeegilmnrstyz', 0);
            
            INSERT INTO product_details (id, product_id, size, color, unique_search_id, quantity)
            VALUES (15154491845, 3131271499, 'Size XL', 'Yếm Trắng', '  aeegilmnrstxyz', 6);
            
            INSERT INTO products (id, sku, name, slug, category_id, unit_price, sale_price, preview_image_name, preview_image_path, views, description)
            VALUES (2881279759, 'SP07007', 'Quần Shorts kaki lật lai co giãn lưng cao cấp', 'quan-shorts-kaki-lat-lai-co-gian-lung-cao-cap', 7, 55000, 100000, 'SP_2881279759_0.jpg', 'images/products/7/SP_2881279759_0.jpg', 26668, '🍃🍃QUẦN KAKI NỮ LẬT LAI ĐEN TRẮNG HỒNG LƯNG CAO LẬT LAI QUÁ XUẤT SẮC. 
🍭🍭Chất liệu: KAKI CÓ CO GIÃN. Chất kaki dày đẹp 👍👍Có 3 màu đen, trắng, hồng phấn.
Khách lưu ý màu hồng ở ngoài tươi đẹp hơn trong hình. Hồng ở ngoài y hình shop cầm 4_5 cái giơ lên nha😊
✨✨Size: S-M-L
🔥🔥Giá lẻ  sang bân shop là 100k. Nhưng hiện tại shop bán giá lẻ= sỉ. Với mong muốn khách  có dc trải nghiệm sp  tốt rẻ nhat tại shop
💎💎Cam kết chất lượng và giá cả y hình 100%. 
👉🏻👉🏻Sll: ibox giá yêu thương  nha khách ơi. 🥰
💎💎Bên shop freeship đơn từ 50k..khách nhớ add mã miễn phí vận chuyển nhé ạ. 😘😘');
            
            INSERT INTO product_images (product_id, name, path) 
            VALUES (2881279759, 'SP_2881279759_1.jpg', 'images/products/7/SP_2881279759_1.jpg');
            
            INSERT INTO product_images (product_id, name, path) 
            VALUES (2881279759, 'SP_2881279759_2.jpg', 'images/products/7/SP_2881279759_2.jpg');
            
            INSERT INTO product_images (product_id, name, path) 
            VALUES (2881279759, 'SP_2881279759_3.jpg', 'images/products/7/SP_2881279759_3.jpg');
            
            INSERT INTO product_images (product_id, name, path) 
            VALUES (2881279759, 'SP_2881279759_4.jpg', 'images/products/7/SP_2881279759_4.jpg');
            
            INSERT INTO product_images (product_id, name, path) 
            VALUES (2881279759, 'SP_2881279759_5.jpg', 'images/products/7/SP_2881279759_5.jpg');
            
            INSERT INTO product_images (product_id, name, path) 
            VALUES (2881279759, 'SP_2881279759_6.jpg', 'images/products/7/SP_2881279759_6.jpg');
            
            INSERT INTO product_images (product_id, name, path) 
            VALUES (2881279759, 'SP_2881279759_7.jpg', 'images/products/7/SP_2881279759_7.jpg');
            
            INSERT INTO product_images (product_id, name, path) 
            VALUES (2881279759, 'SP_2881279759_8.jpg', 'images/products/7/SP_2881279759_8.jpg');
            
            INSERT INTO product_images (product_id, name, path) 
            VALUES (2881279759, 'SP_2881279759_9.jpg', 'images/products/7/SP_2881279759_9.jpg');
            
            INSERT INTO product_details (id, product_id, size, color, unique_search_id, quantity)
            VALUES (7347021657, 2881279759, 'S', 'Trắng', 'agnrst', 2004);
            
            INSERT INTO product_details (id, product_id, size, color, unique_search_id, quantity)
            VALUES (7347021658, 2881279759, 'M', 'Trắng', 'agmnrt', 2002);
            
            INSERT INTO product_details (id, product_id, size, color, unique_search_id, quantity)
            VALUES (7347021659, 2881279759, 'L', 'Trắng', 'aglnrt', 2009);
            
            INSERT INTO product_details (id, product_id, size, color, unique_search_id, quantity)
            VALUES (7347021660, 2881279759, 'S', 'Đen', 'dens', 1972);
            
            INSERT INTO product_details (id, product_id, size, color, unique_search_id, quantity)
            VALUES (7347021661, 2881279759, 'M', 'Đen', 'demn', 1970);
            
            INSERT INTO product_details (id, product_id, size, color, unique_search_id, quantity)
            VALUES (7347021662, 2881279759, 'L', 'Đen', 'deln', 1987);
            
            INSERT INTO products (id, sku, name, slug, category_id, unit_price, sale_price, preview_image_name, preview_image_path, views, description)
            VALUES (7234973877, 'SP07008', 'Bán sỉ Quần kaki cạp chun cho nữ hàng bao chất', 'ban-si-quan-kaki-cap-chun-cho-nu-hang-bao-chat', 7, 69000, 135000, 'SP_7234973877_0.jpg', 'images/products/7/SP_7234973877_0.jpg', 52, 'Tổng kho buôn sỉ lẻ
Cháy vải bao lâu nay ms về dk, kh baoa đơn e nhé
💯💯 Siêu phẩm quần baggy kaki đen trắng
Mã này chân dài hay chân ngắn đều dễ mặc :₫
! Màu trắng xinh lắm í.
Mùa du lịch săp đến. Chị em mau sắm đồ để lên đường thui ạ. Giá nhà em bgio cũng rất mềm mại nhé!
Baggy cạp chun đen trắng . Chất kaki siêu mềm đẹp
✔️Size S M L ( form dưới 60kg )
S <48kg
M 48-54kg
L 54-60kg
Tuỳ chiều cao xê dịch size ạ
Nhập #90k sll #7x ak');
            
            INSERT INTO product_images (product_id, name, path) 
            VALUES (7234973877, 'SP_7234973877_1.jpg', 'images/products/7/SP_7234973877_1.jpg');
            
            INSERT INTO product_images (product_id, name, path) 
            VALUES (7234973877, 'SP_7234973877_2.jpg', 'images/products/7/SP_7234973877_2.jpg');
            
            INSERT INTO product_images (product_id, name, path) 
            VALUES (7234973877, 'SP_7234973877_3.jpg', 'images/products/7/SP_7234973877_3.jpg');
            
            INSERT INTO product_images (product_id, name, path) 
            VALUES (7234973877, 'SP_7234973877_4.jpg', 'images/products/7/SP_7234973877_4.jpg');
            
            INSERT INTO product_images (product_id, name, path) 
            VALUES (7234973877, 'SP_7234973877_5.jpg', 'images/products/7/SP_7234973877_5.jpg');
            
            INSERT INTO product_images (product_id, name, path) 
            VALUES (7234973877, 'SP_7234973877_6.jpg', 'images/products/7/SP_7234973877_6.jpg');
            
            INSERT INTO product_images (product_id, name, path) 
            VALUES (7234973877, 'SP_7234973877_7.jpg', 'images/products/7/SP_7234973877_7.jpg');
            
            INSERT INTO product_images (product_id, name, path) 
            VALUES (7234973877, 'SP_7234973877_8.jpg', 'images/products/7/SP_7234973877_8.jpg');
            
            INSERT INTO product_images (product_id, name, path) 
            VALUES (7234973877, 'SP_7234973877_9.jpg', 'images/products/7/SP_7234973877_9.jpg');
            
            INSERT INTO product_details (id, product_id, size, color, unique_search_id, quantity)
            VALUES (18371621983, 7234973877, 'S', 'Đen', 'dens', 0);
            
            INSERT INTO product_details (id, product_id, size, color, unique_search_id, quantity)
            VALUES (18371621984, 7234973877, 'M', 'Đen', 'demn', 0);
            
            INSERT INTO product_details (id, product_id, size, color, unique_search_id, quantity)
            VALUES (18371621985, 7234973877, 'L', 'Đen', 'deln', 0);
            
            INSERT INTO product_details (id, product_id, size, color, unique_search_id, quantity)
            VALUES (18371621986, 7234973877, 'S', 'Trắng', 'agnrst', 40);
            
            INSERT INTO product_details (id, product_id, size, color, unique_search_id, quantity)
            VALUES (18371621987, 7234973877, 'M', 'Trắng', 'agmnrt', 13);
            
            INSERT INTO product_details (id, product_id, size, color, unique_search_id, quantity)
            VALUES (18371621988, 7234973877, 'L', 'Trắng', 'aglnrt', 25);
            
            INSERT INTO products (id, sku, name, slug, category_id, unit_price, sale_price, preview_image_name, preview_image_path, views, description)
            VALUES (7714451830, 'SP07009', 'Quần yếm 🍀FREE SHIP🍀Quần kaki baggy 2 túi ngực Unisex', 'quan-yem-🍀free-ship🍀quan-kaki-baggy-2-tui-nguc-unisex', 7, 119000, 165000, 'SP_7714451830_0.jpg', 'images/products/7/SP_7714451830_0.jpg', 10026, '✨✨Hot Với Siêu phẩm Yếm kaki cực xinh Này khách ơi !
chất kaki chính phẩm ko phải hàng thun giả kaki hay kaki pha nilon bóng bóng nhé các tình yêu! 

Quần yếm kaki baggy 2 dây điều chỉnh được

🍁🍁màu đen huyền thoại cực dễ mặc, dễ mix đồ, màu be lạ mắt cực cá tính
3 Size cho cả nam nữ đều mặc được:
- Size S dưới 50kg, dưới 1m55
- Size M dưới 57kg, dưới 1m60
- Size L dưới 65kg, dưới 1m75

Quần yếm kaki mặc được cả 4 mùa xuân hạ thu đông quá tiện lợi

🔴 HÀNG CÓ SẴN - SHIP HÀNG TOÀN QUỐC 


#yếmjean #yếmkaki #quanyem #yếmnữ #yếmdài #yếmxinh 
#quầnyếm #quầnyếmulzzang #quầnyếmđẹp #quanyem2day  #quanunisex #quầnyếmvải #quầnyếmrẻđẹp #quanyemgiare #quanyemongrong #quầnbaggy #yếmbaggy #quần_yếm_2túi_ngực');
            
            INSERT INTO product_images (product_id, name, path) 
            VALUES (7714451830, 'SP_7714451830_1.jpg', 'images/products/7/SP_7714451830_1.jpg');
            
            INSERT INTO product_images (product_id, name, path) 
            VALUES (7714451830, 'SP_7714451830_2.jpg', 'images/products/7/SP_7714451830_2.jpg');
            
            INSERT INTO product_images (product_id, name, path) 
            VALUES (7714451830, 'SP_7714451830_3.jpg', 'images/products/7/SP_7714451830_3.jpg');
            
            INSERT INTO product_images (product_id, name, path) 
            VALUES (7714451830, 'SP_7714451830_4.jpg', 'images/products/7/SP_7714451830_4.jpg');
            
            INSERT INTO product_images (product_id, name, path) 
            VALUES (7714451830, 'SP_7714451830_5.jpg', 'images/products/7/SP_7714451830_5.jpg');
            
            INSERT INTO product_images (product_id, name, path) 
            VALUES (7714451830, 'SP_7714451830_6.jpg', 'images/products/7/SP_7714451830_6.jpg');
            
            INSERT INTO product_images (product_id, name, path) 
            VALUES (7714451830, 'SP_7714451830_7.jpg', 'images/products/7/SP_7714451830_7.jpg');
            
            INSERT INTO product_images (product_id, name, path) 
            VALUES (7714451830, 'SP_7714451830_8.jpg', 'images/products/7/SP_7714451830_8.jpg');
            
            INSERT INTO product_images (product_id, name, path) 
            VALUES (7714451830, 'SP_7714451830_9.jpg', 'images/products/7/SP_7714451830_9.jpg');
            
            INSERT INTO product_details (id, product_id, size, color, unique_search_id, quantity)
            VALUES (22535982648, 7714451830, 'M<57kg', 'Be', '57<begkm', 2428);
            
            INSERT INTO product_details (id, product_id, size, color, unique_search_id, quantity)
            VALUES (22535982649, 7714451830, 'L<65kg', 'Be', '56<begkl', 2485);
            
            INSERT INTO product_details (id, product_id, size, color, unique_search_id, quantity)
            VALUES (22535982650, 7714451830, 'S<50kg', 'Đen', '05<degkns', 22931);
            
            INSERT INTO product_details (id, product_id, size, color, unique_search_id, quantity)
            VALUES (22535982651, 7714451830, 'M<57kg', 'Đen', '57<degkmn', 9933);
            
            INSERT INTO product_details (id, product_id, size, color, unique_search_id, quantity)
            VALUES (22535982652, 7714451830, 'L<65kg', 'Đen', '56<degkln', 52149);
            
            INSERT INTO product_details (id, product_id, size, color, unique_search_id, quantity)
            VALUES (22535982653, 7714451830, 'S<50kg', 'Be', '05<begks', 2306);
            
            INSERT INTO products (id, sku, name, slug, category_id, unit_price, sale_price, preview_image_name, preview_image_path, views, description)
            VALUES (9027361064, 'SP07010', 'QUẦN YẾM KAKI DÀI DẬP CHỈ NỔI', 'quan-yem-kaki-dai-dap-chi-noi', 7, 480000, 500000, 'SP_9027361064_0.jpg', 'images/products/7/SP_9027361064_0.jpg', 10355, '▪️Chất : kaki dày dặn

▪️Màu : đen, trắng, be, vàng, cam, rêu, đỏ, mix màu, xanh mint

▪️Size :
     Size S (mông 84cm-88cm)
     Size M (mông 88cm-92cm)
     Size L (mông 92cm-96cm)
     Chiều dài 3 size bằng nhau, dây điều chỉnh được để phù hợp với chiều cao của mỗi người, từ m6 trở xuống mặc không bị ngắn
    Shop có nhận may size riêng nếu kích thước của bạn không có trong bảng size, nhắn tin cho Lem để được tư vấn nhanh nhất nè

▪️Mọi thắc mắc bạn vui lòng nhắn tin cho shop để được tư vấn nhanh nhất nha ❤️');
            
            INSERT INTO product_images (product_id, name, path) 
            VALUES (9027361064, 'SP_9027361064_1.jpg', 'images/products/7/SP_9027361064_1.jpg');
            
            INSERT INTO product_images (product_id, name, path) 
            VALUES (9027361064, 'SP_9027361064_2.jpg', 'images/products/7/SP_9027361064_2.jpg');
            
            INSERT INTO product_images (product_id, name, path) 
            VALUES (9027361064, 'SP_9027361064_3.jpg', 'images/products/7/SP_9027361064_3.jpg');
            
            INSERT INTO product_images (product_id, name, path) 
            VALUES (9027361064, 'SP_9027361064_4.jpg', 'images/products/7/SP_9027361064_4.jpg');
            
            INSERT INTO product_images (product_id, name, path) 
            VALUES (9027361064, 'SP_9027361064_5.jpg', 'images/products/7/SP_9027361064_5.jpg');
            
            INSERT INTO product_images (product_id, name, path) 
            VALUES (9027361064, 'SP_9027361064_6.jpg', 'images/products/7/SP_9027361064_6.jpg');
            
            INSERT INTO product_images (product_id, name, path) 
            VALUES (9027361064, 'SP_9027361064_7.jpg', 'images/products/7/SP_9027361064_7.jpg');
            
            INSERT INTO product_images (product_id, name, path) 
            VALUES (9027361064, 'SP_9027361064_8.jpg', 'images/products/7/SP_9027361064_8.jpg');
            
            INSERT INTO product_images (product_id, name, path) 
            VALUES (9027361064, 'SP_9027361064_9.jpg', 'images/products/7/SP_9027361064_9.jpg');
            
            INSERT INTO product_details (id, product_id, size, color, unique_search_id, quantity)
            VALUES (34585532044, 9027361064, 'M', 'Xanh mint', ' ahimmnntx', 15);
            
            INSERT INTO product_details (id, product_id, size, color, unique_search_id, quantity)
            VALUES (34585532045, 9027361064, 'L', 'Xanh mint', ' ahilmnntx', 15);
            
            INSERT INTO product_details (id, product_id, size, color, unique_search_id, quantity)
            VALUES (34585532046, 9027361064, 'S', 'Xanh mint', ' ahimnnstx', 15);
            
            INSERT INTO product_details (id, product_id, size, color, unique_search_id, quantity)
            VALUES (64220523138, 9027361064, 'S', 'Đen', 'dens', 8);
            
            INSERT INTO product_details (id, product_id, size, color, unique_search_id, quantity)
            VALUES (64220523139, 9027361064, 'M', 'Đen', 'demn', 8);
            
            INSERT INTO product_details (id, product_id, size, color, unique_search_id, quantity)
            VALUES (64220523140, 9027361064, 'L', 'Đen', 'deln', 5);
            
            INSERT INTO product_details (id, product_id, size, color, unique_search_id, quantity)
            VALUES (64220523141, 9027361064, 'M', 'Vàng', 'agmnv', 20);
            
            INSERT INTO product_details (id, product_id, size, color, unique_search_id, quantity)
            VALUES (64220523142, 9027361064, 'S', 'Đỏ', 'dos', 20);
            
            INSERT INTO product_details (id, product_id, size, color, unique_search_id, quantity)
            VALUES (64220523143, 9027361064, 'S', 'Cam', 'acms', 19);
            
            INSERT INTO product_details (id, product_id, size, color, unique_search_id, quantity)
            VALUES (64220523144, 9027361064, 'S', 'Be', 'bes', 15);
            
            INSERT INTO product_details (id, product_id, size, color, unique_search_id, quantity)
            VALUES (64220523145, 9027361064, 'M', 'Mix màu', ' aimmmux', 15);
            
            INSERT INTO product_details (id, product_id, size, color, unique_search_id, quantity)
            VALUES (64220523146, 9027361064, 'L', 'Mix màu', ' ailmmux', 19);
            
            INSERT INTO product_details (id, product_id, size, color, unique_search_id, quantity)
            VALUES (64220523147, 9027361064, 'L', 'Trắng', 'aglnrt', 18);
            
            INSERT INTO product_details (id, product_id, size, color, unique_search_id, quantity)
            VALUES (64220523148, 9027361064, 'M', 'Be', 'bem', 11);
            
            INSERT INTO product_details (id, product_id, size, color, unique_search_id, quantity)
            VALUES (64220523149, 9027361064, 'M', 'Rêu', 'emru', 18);
            
            INSERT INTO product_details (id, product_id, size, color, unique_search_id, quantity)
            VALUES (64220523150, 9027361064, 'M', 'Đỏ', 'dmo', 18);
            
            INSERT INTO product_details (id, product_id, size, color, unique_search_id, quantity)
            VALUES (64220523151, 9027361064, 'L', 'Cam', 'aclm', 18);
            
            INSERT INTO product_details (id, product_id, size, color, unique_search_id, quantity)
            VALUES (64220523152, 9027361064, 'S', 'Trắng', 'agnrst', 15);
            
            INSERT INTO product_details (id, product_id, size, color, unique_search_id, quantity)
            VALUES (64220523153, 9027361064, 'M', 'Trắng', 'agmnrt', 17);
            
            INSERT INTO product_details (id, product_id, size, color, unique_search_id, quantity)
            VALUES (64220523154, 9027361064, 'L', 'Be', 'bel', 13);
            
            INSERT INTO product_details (id, product_id, size, color, unique_search_id, quantity)
            VALUES (64220523155, 9027361064, 'S', 'Vàng', 'agnsv', 20);
            
            INSERT INTO product_details (id, product_id, size, color, unique_search_id, quantity)
            VALUES (64220523156, 9027361064, 'L', 'Vàng', 'aglnv', 19);
            
            INSERT INTO product_details (id, product_id, size, color, unique_search_id, quantity)
            VALUES (64220523157, 9027361064, 'S', 'Rêu', 'ersu', 16);
            
            INSERT INTO product_details (id, product_id, size, color, unique_search_id, quantity)
            VALUES (64220523158, 9027361064, 'L', 'Rêu', 'elru', 18);
            
            INSERT INTO product_details (id, product_id, size, color, unique_search_id, quantity)
            VALUES (64220523159, 9027361064, 'L', 'Đỏ', 'dlo', 19);
            
            INSERT INTO product_details (id, product_id, size, color, unique_search_id, quantity)
            VALUES (64220523160, 9027361064, 'M', 'Cam', 'acmm', 16);
            
            INSERT INTO product_details (id, product_id, size, color, unique_search_id, quantity)
            VALUES (64220523161, 9027361064, 'S', 'Mix màu', ' aimmsux', 18);
            
            INSERT INTO products (id, sku, name, slug, category_id, unit_price, sale_price, preview_image_name, preview_image_path, views, description)
            VALUES (9700728292, 'SP07011', 'Lenkapas - Yếm đùi kaki túi ngực xinh xắn', 'lenkapas-yem-dui-kaki-tui-nguc-xinh-xan', 7, 125000, 145000, 'SP_9700728292_0.jpg', 'images/products/7/SP_9700728292_0.jpg', 3142, '💥💥💥Mẫu yếm đùi mới túi ngực ba màu: đen, vàng và trắng

🌟🌟🌟Màu như hình chụp sản phẩm treo móc nhé. mẫu mặc chỉnh hơi trầm xíu nên ko nét lắm ạ😁😁😁

Chất kaki dày vừa phải lên form như mẫu mặc 😍😍😍
Em về đủ size SML
Size S dưới 48kg
Size M dưới 53kg
Size L dưới 59kg

📩Inbox e tư vấn size nhé
☎️0973728962');
            
            INSERT INTO product_images (product_id, name, path) 
            VALUES (9700728292, 'SP_9700728292_1.jpg', 'images/products/7/SP_9700728292_1.jpg');
            
            INSERT INTO product_images (product_id, name, path) 
            VALUES (9700728292, 'SP_9700728292_2.jpg', 'images/products/7/SP_9700728292_2.jpg');
            
            INSERT INTO product_images (product_id, name, path) 
            VALUES (9700728292, 'SP_9700728292_3.jpg', 'images/products/7/SP_9700728292_3.jpg');
            
            INSERT INTO product_images (product_id, name, path) 
            VALUES (9700728292, 'SP_9700728292_4.jpg', 'images/products/7/SP_9700728292_4.jpg');
            
            INSERT INTO product_details (id, product_id, size, color, unique_search_id, quantity)
            VALUES (72090435231, 9700728292, 'S', 'Đen', 'dens', 1);
            
            INSERT INTO product_details (id, product_id, size, color, unique_search_id, quantity)
            VALUES (72090435232, 9700728292, 'M', 'Vàng', 'agmnv', 75);
            
            INSERT INTO product_details (id, product_id, size, color, unique_search_id, quantity)
            VALUES (72090435233, 9700728292, 'L', 'Vàng', 'aglnv', 79);
            
            INSERT INTO product_details (id, product_id, size, color, unique_search_id, quantity)
            VALUES (72090435234, 9700728292, 'M', 'Đen', 'demn', 0);
            
            INSERT INTO product_details (id, product_id, size, color, unique_search_id, quantity)
            VALUES (72090435235, 9700728292, 'L', 'Đen', 'deln', 0);
            
            INSERT INTO product_details (id, product_id, size, color, unique_search_id, quantity)
            VALUES (72090435236, 9700728292, 'S', 'Trắng', 'agnrst', 0);
            
            INSERT INTO product_details (id, product_id, size, color, unique_search_id, quantity)
            VALUES (72090435237, 9700728292, 'M', 'Trắng', 'agmnrt', 0);
            
            INSERT INTO product_details (id, product_id, size, color, unique_search_id, quantity)
            VALUES (72090435238, 9700728292, 'L', 'Trắng', 'aglnrt', 0);
            
            INSERT INTO product_details (id, product_id, size, color, unique_search_id, quantity)
            VALUES (72090435239, 9700728292, 'S', 'Vàng', 'agnsv', 72);
            
            INSERT INTO products (id, sku, name, slug, category_id, unit_price, sale_price, preview_image_name, preview_image_path, views, description)
            VALUES (5080457885, 'SP07012', 'Quần Kaki Ngắn Crybaby', 'quan-kaki-ngan-crybaby', 7, 320000, 340000, 'SP_5080457885_0.jpg', 'images/products/7/SP_5080457885_0.jpg', 422, 'Quần ngắn CRYBABY WHENIMNASTY, sản phẩm được thiết kế phù hợp cho cả nam và nữ
Chất liệu: Kaki
Size: M, L
 -Size M: cân nặng 40kg - 50kg; chiều cao 1m50 - 1m63;
 -Size L: cân nặng 50kg - 58kg; chiều cao 1m63 - 1m66');
            
            INSERT INTO product_images (product_id, name, path) 
            VALUES (5080457885, 'SP_5080457885_1.jpg', 'images/products/7/SP_5080457885_1.jpg');
            
            INSERT INTO product_images (product_id, name, path) 
            VALUES (5080457885, 'SP_5080457885_2.jpg', 'images/products/7/SP_5080457885_2.jpg');
            
            INSERT INTO product_images (product_id, name, path) 
            VALUES (5080457885, 'SP_5080457885_3.jpg', 'images/products/7/SP_5080457885_3.jpg');
            
            INSERT INTO product_images (product_id, name, path) 
            VALUES (5080457885, 'SP_5080457885_4.jpg', 'images/products/7/SP_5080457885_4.jpg');
            
            INSERT INTO product_details (id, product_id, size, color, unique_search_id, quantity)
            VALUES (24712210958, 5080457885, 'M', 'Hồng', 'ghmno', 0);
            
            INSERT INTO product_details (id, product_id, size, color, unique_search_id, quantity)
            VALUES (34126229348, 5080457885, 'L', 'Hồng', 'ghlno', 0);
            
            INSERT INTO product_details (id, product_id, size, color, unique_search_id, quantity)
            VALUES (63894359274, 5080457885, 'M', 'Nâu', 'amnu', 4);
            
            INSERT INTO product_details (id, product_id, size, color, unique_search_id, quantity)
            VALUES (63894359275, 5080457885, 'L', 'Nâu', 'alnu', 4);
            
            INSERT INTO product_details (id, product_id, size, color, unique_search_id, quantity)
            VALUES (63894359276, 5080457885, 'M', 'Đen', 'demn', 2);
            
            INSERT INTO product_details (id, product_id, size, color, unique_search_id, quantity)
            VALUES (63894359277, 5080457885, 'L', 'Đen', 'deln', 6);
            
            INSERT INTO products (id, sku, name, slug, category_id, unit_price, sale_price, preview_image_name, preview_image_path, views, description)
            VALUES (7683556024, 'SP07013', 'Váy quần kaki Lovi', 'vay-quan-kaki-lovi', 7, 225000, 250000, 'SP_7683556024_0.jpg', 'images/products/7/SP_7683556024_0.jpg', 11, 'QUẦN KAKI GIẢ VÁY
👌Thiết kế dáng chữ A, mặc lên vô cùng gọn gàng, năng động, trẻ trung mà tiện lợi.
👌Quần váy có ưu điểm giúp chị em vận động thoải mái, tự nhiên, mà không lo lộ hàng.
👌Chất kaki mịn mát vận động thoải mái hơn jean nhiều nhé
✔️ Có 2 màu: trắng và nâu
✔️ Size: S và M thôi nha.








LOVI SHOP - ĐƠN GIẢN LÀ XINH

➖237 Hồng Lạc, P10, Q.Tân Bình, Tp.Hcm.
( Mở cửa: 9h00 - 21h00)
(Check tin nhắn trong giờ làm việc)
➖Instagram: lovishop2017
➖Fanpage: https://www.facebook.com/lovishop2017
➖Shopee.vn/lovishop');
            
            INSERT INTO product_images (product_id, name, path) 
            VALUES (7683556024, 'SP_7683556024_1.jpg', 'images/products/7/SP_7683556024_1.jpg');
            
            INSERT INTO product_images (product_id, name, path) 
            VALUES (7683556024, 'SP_7683556024_2.jpg', 'images/products/7/SP_7683556024_2.jpg');
            
            INSERT INTO product_images (product_id, name, path) 
            VALUES (7683556024, 'SP_7683556024_3.jpg', 'images/products/7/SP_7683556024_3.jpg');
            
            INSERT INTO product_details (id, product_id, size, color, unique_search_id, quantity)
            VALUES (24998384940, 7683556024, 'm', 'kem', 'ekmm', 5);
            
            INSERT INTO product_details (id, product_id, size, color, unique_search_id, quantity)
            VALUES (24998384941, 7683556024, 's', 'nâu', 'ansu', 5);
            
            INSERT INTO product_details (id, product_id, size, color, unique_search_id, quantity)
            VALUES (24998384942, 7683556024, 'm', 'nâu', 'amnu', 5);
            
            INSERT INTO product_details (id, product_id, size, color, unique_search_id, quantity)
            VALUES (24998384943, 7683556024, 's', 'đen', 'dens', 5);
            
            INSERT INTO product_details (id, product_id, size, color, unique_search_id, quantity)
            VALUES (24998384944, 7683556024, 'm', 'đen', 'demn', 5);
            
            INSERT INTO product_details (id, product_id, size, color, unique_search_id, quantity)
            VALUES (24998384945, 7683556024, 's', 'kem', 'ekms', 5);
            