
            INSERT INTO products (id, sku, name, slug, category_id, unit_price, sale_price, preview_image_name, preview_image_path, views, description)
            VALUES (5677009595, 'SP08001', '[ Cao Cấp] Quần Jean Nữ  BAGGY - Rách 1 bên Gối - Tua Rua - Phong Cách Trẻ Trung Mạnh Mẽ286 rách ô 1 bên gối', 'cao-cap-quan-jean-nu-baggy-rach-1-ben-goi-tua-rua-phong-cach-tre-trung-manh-me286-rach-o-1-ben-goi', 8, 84500, 169000, 'SP_5677009595_0.jpg', 'images/products/8/SP_5677009595_0.jpg', 11147, '✴️✴️✴️  Quyền Lợi Khi Mua Hàng Tại Shop  ✴️✴️✴️

✅Chất lượng tốt giá rẻ - vì shop trực tiếp gia công lên mẫu.
✅  Yên tâm khi mua vì sản phẩm luôn kèm video+ ảnh chụp thật 100%- Do mẫu chụp+Ảnh trải sàn
✅  Được kiểm tra hàng (Gọi điện lại cho shop để được kiểm tra khi vận chuyển đến)
✅   ĐỔI MỚI HOÀN TOÀN ngay lập tức và HỖ TRỢ PHÍ SHIP nếu sản phẩm có lỗi do Sản xuất, đóng gói.
✅  ĐỔI MẪU ĐỔI SIZE với Sản phẩm khách hàng chưa ưng ý, mặc không vừa, chưa phù hợp.
✅  ĐỘI NGŨ NHÂN VIÊN NHIỆT TÌNH-LUÔN SẴN SÀNG HỖ TRỢ KHÁCH TỪ A-Z, ĐẾN KHI KHÁCH HÀI LÒNG

✅ Thông tin sản phẩm: 
✅  Tên SP : Quần Jean Baggy -rách 1 gối tua rua
✅ Dáng quần: baggy dài
✅ Kiểu lưng Quần jean nữ baggy: Cao
✅ Size: S - M - L
✅ Màu sắc: xanh
✅ Chất liệu: 98% cotton, 
✅ Xuất xứ: Việt Nam
✅ Hướng dẫn giặt sản phẩm Quần jean nữ baggy
✅  Không giặt chung với quần áo trắng
✅ Lộn trái sản phẩm trước khi giặt
✅ Không dùng thuốc tẩy
✅ Giặt với nước ấm khi cần thiết
✅ Không giặt khô 

✅✅✅ TƯ VẤN SIZE THAM KHẢO:
💟  40kg đến45kg    --  S eo 62-66
💟  46kg đến 49kg   --  M eo 65-69
💟  50kg đến 52kg   --  L eo 68-72

#quần_nữ
#quần_jean_nữ
#quần_jean
#quần_bò_nữ
#quần_nữ_đẹp
#quan_nu
#quan_jean_nu
#quần_rách_gối
#quần_jean_rách
#jean_rách
#quần_jean_nữ_rách_gối
#quần_bò_rách_gối
#quần_jean_dài
#quần
#jean_buông
#quần_jean_đẹp
#freeship
#quần_jean_rẻ');
            
            INSERT INTO product_images (product_id, name, path) 
            VALUES (5677009595, 'SP_5677009595_1.jpg', 'images/products/8/SP_5677009595_1.jpg');
            
            INSERT INTO product_images (product_id, name, path) 
            VALUES (5677009595, 'SP_5677009595_2.jpg', 'images/products/8/SP_5677009595_2.jpg');
            
            INSERT INTO product_images (product_id, name, path) 
            VALUES (5677009595, 'SP_5677009595_3.jpg', 'images/products/8/SP_5677009595_3.jpg');
            
            INSERT INTO product_images (product_id, name, path) 
            VALUES (5677009595, 'SP_5677009595_4.jpg', 'images/products/8/SP_5677009595_4.jpg');
            
            INSERT INTO product_images (product_id, name, path) 
            VALUES (5677009595, 'SP_5677009595_5.jpg', 'images/products/8/SP_5677009595_5.jpg');
            
            INSERT INTO product_details (id, product_id, size, color, unique_search_id, quantity)
            VALUES (33452076847, 5677009595, 'S', 'xanh đậm', ' aadhmnsx', 76);
            
            INSERT INTO product_details (id, product_id, size, color, unique_search_id, quantity)
            VALUES (33452076848, 5677009595, 'M', 'xanh đậm', ' aadhmmnx', 65);
            
            INSERT INTO product_details (id, product_id, size, color, unique_search_id, quantity)
            VALUES (33452076849, 5677009595, 'L', 'xanh đậm', ' aadhlmnx', 73);
            
            INSERT INTO products (id, sku, name, slug, category_id, unit_price, sale_price, preview_image_name, preview_image_path, views, description)
            VALUES (4573339658, 'SP08002', 'Quần jean nữ baggy tua lai ống nhỏ', 'quan-jean-nu-baggy-tua-lai-ong-nho', 8, 103090, 169000, 'SP_4573339658_0.jpg', 'images/products/8/SP_4573339658_0.jpg', 5525, 'Quần jean nữ baggy King168, quần nữ co dãn nhẹ mẫu THU77
Thông tin sản phẩm: 
Đây là tập hợp các sản phẩm quần baggy nữ lưng cao bán chạy nhất của King168 Store. Chúng tôi nhóm các sản phẩm này để giúp khách hàng thuận tiện hơn trong việc lựa chọn sản phẩm.
- Dáng quần: baggy dài
- Kiểu lưng Quần jean nữ baggy: Cao
- Size: S-M-L
- Màu sắc: xanh
- Chất liệu: 98% cotton, 2% spandex
- Xuất xứ: Việt Nam
Hướng dẫn giặt sản phẩm Quần jean nữ baggy
- Không giặt chung với quần áo trắng
các bạn tham khảo thông tin sơ về sản phẩm
- Lộn trái sản phẩm trước khi giặt
- Không dùng thuốc tẩy
- Giặt với nước ấm khi cần thiết
- Không giặt khô 

Vì Shop giao dịch bán hàng qua hình thức online với khách nên tiêu chí Shop luôn đặt lên hàng đầu :
1. Hàng bảo đảm đúng chất lượng ( sản phẩm giống hình mẫu 100% )
2. Hàng nhập tận xưởng Giá tốt nhất cho khách hàng lựa chọn 
3.Bao đổi trả nếu như sản phẩm ko giống hình,hàng bị lỗi kỹ thuật.
4.Không hài lòng về sản phẩm liên hệ shop trực tiếp để đổi trả
5.Shop luôn ưu tiên và đặt khách hàng là trên hết.
* Sản phẩm vẫn còn hiển thị ở trên shop nghĩa là vẫn còn hàng nên quý khách cứ yên tâm đặt mua hàng tại shop. Shop sẽ giao  ĐÚNG MÀU ĐÚNG MẪU  khi khách yêu cầu.
---->TƯ VẤN SIZE THAM KHẢO:
Size s;40kg đến 45kg--s
Size m; 46kg đến 49kg--m
Size l; 50kg đến 52kg--l

#quan #jean #nu  #quanjeannu #jeannu #codan #tot #quanjean #baggy');
            
            INSERT INTO product_images (product_id, name, path) 
            VALUES (4573339658, 'SP_4573339658_1.jpg', 'images/products/8/SP_4573339658_1.jpg');
            
            INSERT INTO product_images (product_id, name, path) 
            VALUES (4573339658, 'SP_4573339658_2.jpg', 'images/products/8/SP_4573339658_2.jpg');
            
            INSERT INTO product_images (product_id, name, path) 
            VALUES (4573339658, 'SP_4573339658_3.jpg', 'images/products/8/SP_4573339658_3.jpg');
            
            INSERT INTO product_images (product_id, name, path) 
            VALUES (4573339658, 'SP_4573339658_4.jpg', 'images/products/8/SP_4573339658_4.jpg');
            
            INSERT INTO product_details (id, product_id, size, color, unique_search_id, quantity)
            VALUES (43064613684, 4573339658, 'S', 'xanh đậm', ' aadhmnsx', 969);
            
            INSERT INTO product_details (id, product_id, size, color, unique_search_id, quantity)
            VALUES (43064613685, 4573339658, 'M', 'xanh đậm', ' aadhmmnx', 956);
            
            INSERT INTO product_details (id, product_id, size, color, unique_search_id, quantity)
            VALUES (43064613686, 4573339658, 'L', 'xanh đậm', ' aadhlmnx', 986);
            
            INSERT INTO products (id, sku, name, slug, category_id, unit_price, sale_price, preview_image_name, preview_image_path, views, description)
            VALUES (8223397030, 'SP08003', 'sooc jean sắn gấu Thái lan', 'sooc-jean-san-gau-thai-lan', 8, 320000, 340000, 'SP_8223397030_0.jpg', 'images/products/8/SP_8223397030_0.jpg', 4536, 'Sooc Katun bn năm vẫn hot ạ. Jean sắn line Thái chuẩn mặc form nó hơi bị sịn lun này. Mix đủ thứ á o trên đời đều perfect nha. Ce lo mùa hè đến đâu ròi 🤣 chuẩn jean Thái mướt mềm nhaaa NOT KAKI OK
Nguyễnn Tháii Liinh
#Nguyenthailinh');
            
            INSERT INTO product_images (product_id, name, path) 
            VALUES (8223397030, 'SP_8223397030_1.jpg', 'images/products/8/SP_8223397030_1.jpg');
            
            INSERT INTO product_images (product_id, name, path) 
            VALUES (8223397030, 'SP_8223397030_2.jpg', 'images/products/8/SP_8223397030_2.jpg');
            
            INSERT INTO product_images (product_id, name, path) 
            VALUES (8223397030, 'SP_8223397030_3.jpg', 'images/products/8/SP_8223397030_3.jpg');
            
            INSERT INTO product_images (product_id, name, path) 
            VALUES (8223397030, 'SP_8223397030_4.jpg', 'images/products/8/SP_8223397030_4.jpg');
            
            INSERT INTO product_images (product_id, name, path) 
            VALUES (8223397030, 'SP_8223397030_5.jpg', 'images/products/8/SP_8223397030_5.jpg');
            
            INSERT INTO product_images (product_id, name, path) 
            VALUES (8223397030, 'SP_8223397030_6.jpg', 'images/products/8/SP_8223397030_6.jpg');
            
            INSERT INTO product_images (product_id, name, path) 
            VALUES (8223397030, 'SP_8223397030_7.jpg', 'images/products/8/SP_8223397030_7.jpg');
            
            INSERT INTO product_images (product_id, name, path) 
            VALUES (8223397030, 'SP_8223397030_8.jpg', 'images/products/8/SP_8223397030_8.jpg');
            
            INSERT INTO product_details (id, product_id, size, color, unique_search_id, quantity)
            VALUES (24643250789, 8223397030, 'S', 'Đen', 'dens', 0);
            
            INSERT INTO product_details (id, product_id, size, color, unique_search_id, quantity)
            VALUES (24643250790, 8223397030, 'M', 'Đen', 'demn', 53);
            
            INSERT INTO product_details (id, product_id, size, color, unique_search_id, quantity)
            VALUES (24643250791, 8223397030, 'L', 'Đen', 'deln', 51);
            
            INSERT INTO product_details (id, product_id, size, color, unique_search_id, quantity)
            VALUES (24643250792, 8223397030, 'S', 'Trắng', 'agnrst', 51);
            
            INSERT INTO product_details (id, product_id, size, color, unique_search_id, quantity)
            VALUES (24643250793, 8223397030, 'L', 'Xanh nhạt', ' aahhlnntx', 52);
            
            INSERT INTO product_details (id, product_id, size, color, unique_search_id, quantity)
            VALUES (24643250794, 8223397030, 'M', 'Trắng', 'agmnrt', 52);
            
            INSERT INTO product_details (id, product_id, size, color, unique_search_id, quantity)
            VALUES (24643250795, 8223397030, 'L', 'Trắng', 'aglnrt', 52);
            
            INSERT INTO product_details (id, product_id, size, color, unique_search_id, quantity)
            VALUES (24643250796, 8223397030, 'S', 'Xanh nhạt', ' aahhnnstx', 51);
            
            INSERT INTO product_details (id, product_id, size, color, unique_search_id, quantity)
            VALUES (24643250797, 8223397030, 'M', 'Xanh nhạt', ' aahhmnntx', 52);
            
            INSERT INTO product_details (id, product_id, size, color, unique_search_id, quantity)
            VALUES (24643250798, 8223397030, 'S', 'Xanh đậm', ' aadhmnsx', 51);
            
            INSERT INTO product_details (id, product_id, size, color, unique_search_id, quantity)
            VALUES (24643250799, 8223397030, 'M', 'Xanh đậm', ' aadhmmnx', 53);
            
            INSERT INTO product_details (id, product_id, size, color, unique_search_id, quantity)
            VALUES (24643250800, 8223397030, 'L', 'Xanh đậm', ' aadhlmnx', 52);
            
            INSERT INTO products (id, sku, name, slug, category_id, unit_price, sale_price, preview_image_name, preview_image_path, views, description)
            VALUES (9700460729, 'SP08004', 'Quần baggy nữ / Quần bò nữ baggy cạp cao', 'quan-baggy-nu-/-quan-bo-nu-baggy-cap-cao', 8, 109000, 180000, 'SP_9700460729_0.jpg', 'images/products/8/SP_9700460729_0.jpg', 11793, 'Cam kết ảnh thật trải sàn + video chính chủ
sản phẩm uy tín - chất lượng , đổi trả dễ dàng , hỗ trợ nhanh chóng

THÔNG TIN SẢN PHẨM

kiểu dáng : quần jeans nữ
xuất xứ : hàng việt nam
chất liệu .vải bò denim
họa tiết : trơn
màu sắc : xám - đen - xanh dương
form  : sz S - L


S  38 - 45 kg ,  eo ~ 64 , mông 85
M  45 -  50 kg , eo ~ 66  ,  mông 90
L 50 - 55 kg , eo ~ 68 , mông 95

Lưu ý : quần dáng baggy vải k giãn ,  Thông số shop đưa ra chỉ mang tính tương đổi không cam kết vừa với với cả mọi người nhé
-------------------------------
chi tiết : quần jeans nữ trơn dáng baggy ống côn cạp cao 4 túi vải không giãn 
chiều dài quần : 87-90 cm
cạp cạo qua rốn 30cm
loại trang phục thanh lịch ,công sở phù hợp cho học sinh sinh viên hoặc dân văn phòng mặc đi học đi chơi đi làm kín đáo lịch sự 
---------------------------------------------------
(*) Quý khách hàng vui lòng đặt hàng theo đúng phân loại k ghi chú vì shop in 1 loạt sẽ k thấy được ghi chú của khách đâu ạ. Chúng mình chưa biết cách đặt nhiều màu có thể ib Shyn để được hỗ trợ nha !
(*) ƯU ĐÃI HOT CHO KHÁCH HÀNG:
✸ Miễn phí vận chuyển cho đơn hàng từ 50k trở lên ( Hỗ trợ tối đa 30k )
✸ Nhận ngay ưu đãi giảm 10k cho lần mua tiếp theo khi Khách đã mua hàng và có đánh giá tốt cho sản phẩm
----------------------------------------------------
(*) CAM KẾT & QUY ĐỊNH KHI MUA HÀNG TẠI SHOP

+ Cam kết về chất lượng sản phẩm mới 100%
+ Cam kết hàng hóa y ảnh và đúng mô tả có ảnh thật và video từng mẫu các bạn gạt sang xem giúp shop ạ
+ Lỗi đổi mới (Đổi trả hàng, hoàn tiền theo quy định của shopee)
+ THỜI GIAN GIAO NHẬN HÀNG : Ship COD toàn quốc từ 2-4 ngày, Thời gian ship có thể nhanh hơn với những khách hàng ở Hà Nội
----------------------------------------------------
#quanjean #quanbo #baggy #quanbaggy #baggynu #baggyjean #jeannu #jeans #jean #quanjeans #quanjeansnu #quanjeannu #quanbaggybo #quanbaggyjeannu #quanbaggynu #jeanbaggy #quan #jeans #quanbonu');
            
            INSERT INTO product_images (product_id, name, path) 
            VALUES (9700460729, 'SP_9700460729_1.jpg', 'images/products/8/SP_9700460729_1.jpg');
            
            INSERT INTO product_images (product_id, name, path) 
            VALUES (9700460729, 'SP_9700460729_2.jpg', 'images/products/8/SP_9700460729_2.jpg');
            
            INSERT INTO product_images (product_id, name, path) 
            VALUES (9700460729, 'SP_9700460729_3.jpg', 'images/products/8/SP_9700460729_3.jpg');
            
            INSERT INTO product_images (product_id, name, path) 
            VALUES (9700460729, 'SP_9700460729_4.jpg', 'images/products/8/SP_9700460729_4.jpg');
            
            INSERT INTO product_images (product_id, name, path) 
            VALUES (9700460729, 'SP_9700460729_5.jpg', 'images/products/8/SP_9700460729_5.jpg');
            
            INSERT INTO product_images (product_id, name, path) 
            VALUES (9700460729, 'SP_9700460729_6.jpg', 'images/products/8/SP_9700460729_6.jpg');
            
            INSERT INTO product_images (product_id, name, path) 
            VALUES (9700460729, 'SP_9700460729_7.jpg', 'images/products/8/SP_9700460729_7.jpg');
            
            INSERT INTO product_images (product_id, name, path) 
            VALUES (9700460729, 'SP_9700460729_8.jpg', 'images/products/8/SP_9700460729_8.jpg');
            
            INSERT INTO product_images (product_id, name, path) 
            VALUES (9700460729, 'SP_9700460729_9.jpg', 'images/products/8/SP_9700460729_9.jpg');
            
            INSERT INTO product_details (id, product_id, size, color, unique_search_id, quantity)
            VALUES (42054526386, 9700460729, 'S 38-45kg', 'trơn Xám', '  -3458agkmnorstx', 9870);
            
            INSERT INTO product_details (id, product_id, size, color, unique_search_id, quantity)
            VALUES (42054526387, 9700460729, 'M 45-50kg', 'trơn Đen', '  -0455degkmnnort', 9948);
            
            INSERT INTO product_details (id, product_id, size, color, unique_search_id, quantity)
            VALUES (42054526388, 9700460729, 'L 50-55kg', 'trơn Xám', '  -0555agklmnortx', 9936);
            
            INSERT INTO product_details (id, product_id, size, color, unique_search_id, quantity)
            VALUES (42054526389, 9700460729, 'L 50-55kg', 'trơn Xanh nhạt', '   -0555aaghhklnnnorttx', 9909);
            
            INSERT INTO product_details (id, product_id, size, color, unique_search_id, quantity)
            VALUES (42054526390, 9700460729, 'L 50-55kg', 'trơn Đen', '  -0555degklnnort', 9946);
            
            INSERT INTO product_details (id, product_id, size, color, unique_search_id, quantity)
            VALUES (42054526391, 9700460729, 'M 45-50kg', 'trơn Xám', '  -0455agkmmnortx', 9844);
            
            INSERT INTO product_details (id, product_id, size, color, unique_search_id, quantity)
            VALUES (42054526392, 9700460729, 'S 38-45kg', 'trơn Xanh nhạt', '   -3458aaghhknnnorsttx', 9742);
            
            INSERT INTO product_details (id, product_id, size, color, unique_search_id, quantity)
            VALUES (42054526393, 9700460729, 'M 45-50kg', 'trơn Xanh nhạt', '   -0455aaghhkmnnnorttx', 9804);
            
            INSERT INTO product_details (id, product_id, size, color, unique_search_id, quantity)
            VALUES (42054526394, 9700460729, 'S 38-45kg', 'trơn Đen', '  -3458degknnorst', 9913);
            
            INSERT INTO products (id, sku, name, slug, category_id, unit_price, sale_price, preview_image_name, preview_image_path, views, description)
            VALUES (9523962736, 'SP08005', 'Quần Jean ống rộng lưng cao - Co giãn hàng cao cấp', 'quan-jean-ong-rong-lung-cao-co-gian-hang-cao-cap', 8, 125000, 145000, 'SP_9523962736_0.jpg', 'images/products/8/SP_9523962736_0.jpg', 2658, 'Quần Jeans Nữ Ống suông Cạp Cao Co Giãn
• Chất liệu: jeans co giãn.
• Màu sắc: xanh nhạt,xanh đậm
• Kích thước: size S M L
Chi tiết size:
+ Size S: 40-48kg
+ Size M: 48- 54kg
+ Size L : 54- 60kg
( tuỳ vào chiều cao cân nặg, vòng eo mà khách chon size hợp lí)
- chiều dài quần 98cm, có chênh lệch
- Màu sắc có thể chênh lệch 5% bởi yếu tố ánh sáng và thiết bị chụp. 
- Cam kết hoàn tiền 100% nếu nhận không đúng sản phẩm.
Địa chỉ : 78B/3 Hùng Vương, Khu 8, TT Gia Ray, Xuân Lộc , Đồng Nai 
Zalo: 0969520271');
            
            INSERT INTO product_images (product_id, name, path) 
            VALUES (9523962736, 'SP_9523962736_1.jpg', 'images/products/8/SP_9523962736_1.jpg');
            
            INSERT INTO product_images (product_id, name, path) 
            VALUES (9523962736, 'SP_9523962736_2.jpg', 'images/products/8/SP_9523962736_2.jpg');
            
            INSERT INTO product_details (id, product_id, size, color, unique_search_id, quantity)
            VALUES (34072882386, 9523962736, 'S', 'Xanh đậm', ' aadhmnsx', 0);
            
            INSERT INTO product_details (id, product_id, size, color, unique_search_id, quantity)
            VALUES (34072882387, 9523962736, 'M', 'Xanh đậm', ' aadhmmnx', 0);
            
            INSERT INTO product_details (id, product_id, size, color, unique_search_id, quantity)
            VALUES (34072882388, 9523962736, 'L', 'Xanh đậm', ' aadhlmnx', 997);
            
            INSERT INTO product_details (id, product_id, size, color, unique_search_id, quantity)
            VALUES (34072882389, 9523962736, 'S', 'Xanh nhạt', ' aahhnnstx', 7);
            
            INSERT INTO product_details (id, product_id, size, color, unique_search_id, quantity)
            VALUES (34072882390, 9523962736, 'M', 'Xanh nhạt', ' aahhmnntx', 8);
            
            INSERT INTO product_details (id, product_id, size, color, unique_search_id, quantity)
            VALUES (34072882391, 9523962736, 'L', 'Xanh nhạt', ' aahhlnntx', 997);
            
            INSERT INTO product_details (id, product_id, size, color, unique_search_id, quantity)
            VALUES (91086547964, 9523962736, 'S', 'Đùi', 'disu', 1);
            
            INSERT INTO product_details (id, product_id, size, color, unique_search_id, quantity)
            VALUES (91086547965, 9523962736, 'M', 'Đùi', 'dimu', 1);
            
            INSERT INTO product_details (id, product_id, size, color, unique_search_id, quantity)
            VALUES (91086547966, 9523962736, 'L', 'Đùi', 'dilu', 1);
            
            INSERT INTO products (id, sku, name, slug, category_id, unit_price, sale_price, preview_image_name, preview_image_path, views, description)
            VALUES (8218208006, 'SP08006', '[Mã WASKT304 giảm 15% tối đa 30K đơn 99K] Quần jean dài ống suông HOYI - 2643 - Jem Closet -', 'ma-waskt304-giam-15percent-toi-da-30k-don-99k-quan-jean-dai-ong-suong-hoyi-2643-jem-closet-', 8, 280000, 300000, 'SP_8218208006_0.jpg', 'images/products/8/SP_8218208006_0.jpg', 5295, 'Jem Closet xin chào.🙋🏻‍♂️
Sản phẩm #quần_jean_HOYI được thiết kế dáng suông dài, dễ dàng phối đồ, trẻ trung, năng động 

👖Chất liệu sản phẩm: Vải bò, được dệt từ Cotton Duck và bông thô, bền bỉ, mang đến sự trẻ trung, năng động và thoải mái cho người mặc.
📐Thông tin size #quần_jean_ống_suông :
Size S dài 101 eo 66 đùi 60 mông 102
Size M dài 103 eo 70 đùi 62 mông 104
Size L dài 105 eo 74 đùi 64 mông 106
Size XL dài 107 eo 78 đùi 66 mông 108

✋Jem closet cam kết tất cả hình ảnh đều là sản phẩm #quần_jean_ống_rộng chụp thật của shop! Chat ngay cùng shop để biết thêm thông tin và khuyến mại của sản phẩm nhé.

🏠Địa chỉ store: CH1:329 Huỳnh Văn Bánh, P11, Phú Nhuận, TPHCM
                            CH2:107 Võ Oanh ( đường D3 cũ ), P25, Bình Thạnh, TPHCM
💌Thông tin liên lạc:
SDT: 01639736637 / 0903519006
Facebook: Jem closet (https://www.facebook.com/22.Jemcloset/)
Instagram: Jem.closet (https://www.instagram.com/jem.closet/)

# quần_jeans # jeans  # jean # ống_suông # suông # bò # quần_bò # quần_jeans_ống_suông # quần_ống_rộng # quần_jean_ống_rộng # quần jean nữ # quần lưng cao ông rộng nữ');
            
            INSERT INTO product_images (product_id, name, path) 
            VALUES (8218208006, 'SP_8218208006_1.jpg', 'images/products/8/SP_8218208006_1.jpg');
            
            INSERT INTO product_images (product_id, name, path) 
            VALUES (8218208006, 'SP_8218208006_2.jpg', 'images/products/8/SP_8218208006_2.jpg');
            
            INSERT INTO product_images (product_id, name, path) 
            VALUES (8218208006, 'SP_8218208006_3.jpg', 'images/products/8/SP_8218208006_3.jpg');
            
            INSERT INTO product_images (product_id, name, path) 
            VALUES (8218208006, 'SP_8218208006_4.jpg', 'images/products/8/SP_8218208006_4.jpg');
            
            INSERT INTO product_images (product_id, name, path) 
            VALUES (8218208006, 'SP_8218208006_5.jpg', 'images/products/8/SP_8218208006_5.jpg');
            
            INSERT INTO product_images (product_id, name, path) 
            VALUES (8218208006, 'SP_8218208006_6.jpg', 'images/products/8/SP_8218208006_6.jpg');
            
            INSERT INTO product_details (id, product_id, size, color, unique_search_id, quantity)
            VALUES (33814905165, 8218208006, 'l', 'trắng', 'aglnrt', 0);
            
            INSERT INTO product_details (id, product_id, size, color, unique_search_id, quantity)
            VALUES (33814905166, 8218208006, 'xl', 'trắng', 'aglnrtx', 3);
            
            INSERT INTO product_details (id, product_id, size, color, unique_search_id, quantity)
            VALUES (33814905167, 8218208006, 's', 'đen', 'dens', 8);
            
            INSERT INTO product_details (id, product_id, size, color, unique_search_id, quantity)
            VALUES (33814905168, 8218208006, 'm', 'đen', 'demn', 10);
            
            INSERT INTO product_details (id, product_id, size, color, unique_search_id, quantity)
            VALUES (33814905169, 8218208006, 'l', 'đen', 'deln', 0);
            
            INSERT INTO product_details (id, product_id, size, color, unique_search_id, quantity)
            VALUES (33814905170, 8218208006, 'xl', 'đen', 'delnx', 0);
            
            INSERT INTO product_details (id, product_id, size, color, unique_search_id, quantity)
            VALUES (33814905171, 8218208006, 's', 'trắng', 'agnrst', 6);
            
            INSERT INTO product_details (id, product_id, size, color, unique_search_id, quantity)
            VALUES (33814905172, 8218208006, 'm', 'trắng', 'agmnrt', 14);
            
            INSERT INTO products (id, sku, name, slug, category_id, unit_price, sale_price, preview_image_name, preview_image_path, views, description)
            VALUES (2378004955, 'SP08007', 'Quần jeans ngắn cạp cao ôm dáng thiết kế rách cá tính cho nữ', 'quan-jeans-ngan-cap-cao-om-dang-thiet-ke-rach-ca-tinh-cho-nu', 8, 159000, 221000, 'SP_2378004955_0.jpg', 'images/products/8/SP_2378004955_0.jpg', 1184, 'Thời gian giao hàng dự kiến cho sản phẩm này là từ 7-9 ngày
 
 Chào mừng đến với cửa hàng của chúng tôi !!!!
 
 * Khách hàng lưu ý ：
 1. Vui lòng liên hệ chúng tôi để được giải đáp toàn bộ thắc mắc về kích thước và những vấn đề khác trước khi đặt hàng. Chúng tôi hoan nghênh bạn trò chuyện với chúng tôi.
 2. Các sản phẩm quần áo đều có sẵn, được gửi đi trong thời gian ngắn nhất sau khi bạn đặt hàng.3. Sau khi nhận gói hàng, nếu sản phẩm có vấn đề, thiếu sản phẩm, vận chuyển chậm, chất lượng kém, sản phẩm lỗi hoặc có đề xuất gì xin liên hệ với chúng tôi trước. Vui lòng không đánh giá sản phẩm trước khi khiếu nại với cửa hàng. Chúng tôi sẽ hỗ trợ bạn giải quyết vấn đề tốt nhất có thể.
 4. Toàn bộ đơn hàng sẽ được sắp xếp để vận chuyển trong thời gian ngắn nhất theo trình tự thời gian đặt hàng. Xin cảm ơn bạn đã kiên nhẫn chờ đợi.
 
 *Kích thước
 S Chiều dài quần: 31 Vòng eo: 68 Vòng hông: 92 Vòng đùi: 62
 M Chiều dài quần: 31.5 Vòng eo: 71 Vòng hông: 96 Vòng đùi: 64
 L Chiều dài quần: 32 Vòng eo: 74 Vòng hông: 100 Vòng đùi: 66
 XL Chiều dài quần: 32.5 Vòng eo: 77 Vòng hông: 104 Vòng đùi: 68
 2XL Chiều dài quần: 33 Vòng eo: 80 Vòng hông: 108 Vòng đùi: 70
 3XL Chiều dài quần: 33.5 Vòng eo: 83 Vòng hông: 112 Vòng đùi: 72
 4XL Chiều dài quần: 34 Vòng eo: 86 Vòng hông: 116 Vòng đùi: 74
 5XL Chiều dài quần: 34.5 Vòng eo: 89 Vòng hông: 120 Vòng đùi: 76
 
 
 ● Đơn vị tính: cm 【Chuyển đổi đơn vị: 1 cm = 0.3937008 inch】
 
 *Lưu ý:
 ● Do ánh sáng chụp và màn hình khác nhau, sản phẩm nhận được có thể không giống với hình ảnh. Vui lòng ưu tiên sản phẩm thật!
 ● Kích thước chỉ mang tính chất tham khảo, có thể tồn tại sai số 2-3cm, trước khi mua hàng vui lòng kiểm tra xem kích thước sản phẩm có phù hợp với kích thước của bạn hay không.
 #denim #koreanshorts #straight #koreanfashion #shorts #womenshorts #girlsclothing #Womenclothing');
            
            INSERT INTO product_images (product_id, name, path) 
            VALUES (2378004955, 'SP_2378004955_1.jpg', 'images/products/8/SP_2378004955_1.jpg');
            
            INSERT INTO product_images (product_id, name, path) 
            VALUES (2378004955, 'SP_2378004955_2.jpg', 'images/products/8/SP_2378004955_2.jpg');
            
            INSERT INTO product_images (product_id, name, path) 
            VALUES (2378004955, 'SP_2378004955_3.jpg', 'images/products/8/SP_2378004955_3.jpg');
            
            INSERT INTO product_images (product_id, name, path) 
            VALUES (2378004955, 'SP_2378004955_4.jpg', 'images/products/8/SP_2378004955_4.jpg');
            
            INSERT INTO product_images (product_id, name, path) 
            VALUES (2378004955, 'SP_2378004955_5.jpg', 'images/products/8/SP_2378004955_5.jpg');
            
            INSERT INTO product_images (product_id, name, path) 
            VALUES (2378004955, 'SP_2378004955_6.jpg', 'images/products/8/SP_2378004955_6.jpg');
            
            INSERT INTO product_images (product_id, name, path) 
            VALUES (2378004955, 'SP_2378004955_7.jpg', 'images/products/8/SP_2378004955_7.jpg');
            
            INSERT INTO product_details (id, product_id, size, color, unique_search_id, quantity)
            VALUES (4841267843, 2378004955, 'M', 'Màu xanh nhạt', '  aaahhmmnntux', 499);
            
            INSERT INTO product_details (id, product_id, size, color, unique_search_id, quantity)
            VALUES (4841267844, 2378004955, '4XL', 'Màu xanh nhạt', '  4aaahhlmnntuxx', 500);
            
            INSERT INTO product_details (id, product_id, size, color, unique_search_id, quantity)
            VALUES (4841267845, 2378004955, 'S', 'Màu xanh nhạt', '  aaahhmnnstux', 499);
            
            INSERT INTO product_details (id, product_id, size, color, unique_search_id, quantity)
            VALUES (4841267846, 2378004955, '3XL', 'Màu xanh nhạt', '  3aaahhlmnntuxx', 500);
            
            INSERT INTO product_details (id, product_id, size, color, unique_search_id, quantity)
            VALUES (4841267847, 2378004955, '2XL', 'Màu xanh nhạt', '  2aaahhlmnntuxx', 500);
            
            INSERT INTO product_details (id, product_id, size, color, unique_search_id, quantity)
            VALUES (4841267848, 2378004955, 'XL', 'Màu xanh nhạt', '  aaahhlmnntuxx', 500);
            
            INSERT INTO product_details (id, product_id, size, color, unique_search_id, quantity)
            VALUES (4841267849, 2378004955, 'L', 'Màu xanh nhạt', '  aaahhlmnntux', 498);
            
            INSERT INTO product_details (id, product_id, size, color, unique_search_id, quantity)
            VALUES (4841267850, 2378004955, '5XL', 'Màu xanh nhạt', '  5aaahhlmnntuxx', 499);
            
            INSERT INTO products (id, sku, name, slug, category_id, unit_price, sale_price, preview_image_name, preview_image_path, views, description)
            VALUES (5866706812, 'SP08008', 'Quần Jean Ngắn Ống Rộng Lưng Cao Thời Trang Cho Bạn Nữ', 'quan-jean-ngan-ong-rong-lung-cao-thoi-trang-cho-ban-nu', 8, 132600, 221000, 'SP_5866706812_0.jpg', 'images/products/8/SP_5866706812_0.jpg', 1483, 'Thời gian giao hàng dự kiến cho sản phẩm này là từ 7-9 ngày
 
 😊Chào mừng đến với nhà Bellamy😊
 
 🌹Size Chiều dài bên ngoài Vòng hông Vòng eo
  S 32 94 64 
  M 32 98 68 
  L 33 102 72 
  XL 33 106 76 
 
 🌹Lưu ý:
 1, Màu sắc thực tế của sản phẩm có thể hơi khác so với trong hình ảnh hiển thị trên trang web gây ra bởi nhiều yếu tố như độ sáng của màn hình của bạn và độ sáng của đèn.
 2, Vui lòng cho phép sai số kích thước nhỏ (± 2cm).
 
 Chúc một ngày tốt lành!');
            
            INSERT INTO product_images (product_id, name, path) 
            VALUES (5866706812, 'SP_5866706812_1.jpg', 'images/products/8/SP_5866706812_1.jpg');
            
            INSERT INTO product_images (product_id, name, path) 
            VALUES (5866706812, 'SP_5866706812_2.jpg', 'images/products/8/SP_5866706812_2.jpg');
            
            INSERT INTO product_images (product_id, name, path) 
            VALUES (5866706812, 'SP_5866706812_3.jpg', 'images/products/8/SP_5866706812_3.jpg');
            
            INSERT INTO product_images (product_id, name, path) 
            VALUES (5866706812, 'SP_5866706812_4.jpg', 'images/products/8/SP_5866706812_4.jpg');
            
            INSERT INTO product_images (product_id, name, path) 
            VALUES (5866706812, 'SP_5866706812_5.jpg', 'images/products/8/SP_5866706812_5.jpg');
            
            INSERT INTO product_images (product_id, name, path) 
            VALUES (5866706812, 'SP_5866706812_6.jpg', 'images/products/8/SP_5866706812_6.jpg');
            
            INSERT INTO product_images (product_id, name, path) 
            VALUES (5866706812, 'SP_5866706812_7.jpg', 'images/products/8/SP_5866706812_7.jpg');
            
            INSERT INTO product_images (product_id, name, path) 
            VALUES (5866706812, 'SP_5866706812_8.jpg', 'images/products/8/SP_5866706812_8.jpg');
            
            INSERT INTO product_images (product_id, name, path) 
            VALUES (5866706812, 'SP_5866706812_9.jpg', 'images/products/8/SP_5866706812_9.jpg');
            
            INSERT INTO product_details (id, product_id, size, color, unique_search_id, quantity)
            VALUES (52178616817, 5866706812, 'M', 'wathet', 'aehmttw', 82);
            
            INSERT INTO product_details (id, product_id, size, color, unique_search_id, quantity)
            VALUES (52178616818, 5866706812, 'L', 'black', 'abckll', 76);
            
            INSERT INTO product_details (id, product_id, size, color, unique_search_id, quantity)
            VALUES (52178616819, 5866706812, 'S', 'wathet', 'aehsttw', 82);
            
            INSERT INTO product_details (id, product_id, size, color, unique_search_id, quantity)
            VALUES (52178616820, 5866706812, 'S', 'black', 'abckls', 80);
            
            INSERT INTO product_details (id, product_id, size, color, unique_search_id, quantity)
            VALUES (52178616821, 5866706812, 'XL', 'wathet', 'aehlttwx', 83);
            
            INSERT INTO product_details (id, product_id, size, color, unique_search_id, quantity)
            VALUES (52178616822, 5866706812, 'M', 'black', 'abcklm', 82);
            
            INSERT INTO product_details (id, product_id, size, color, unique_search_id, quantity)
            VALUES (52178616823, 5866706812, 'XL', 'black', 'abckllx', 79);
            
            INSERT INTO product_details (id, product_id, size, color, unique_search_id, quantity)
            VALUES (52178616824, 5866706812, 'L', 'wathet', 'aehlttw', 77);
            
            INSERT INTO products (id, sku, name, slug, category_id, unit_price, sale_price, preview_image_name, preview_image_path, views, description)
            VALUES (9925820183, 'SP08009', 'Quần jean giả váy vạt chéo hàng QCL1', 'quan-jean-gia-vay-vat-cheo-hang-qcl1', 8, 255000, 275000, 'SP_9925820183_0.jpg', 'images/products/8/SP_9925820183_0.jpg', 2100, 'Tuyệt phẩm dành cho cả nhà mình đây ạ!
Shop Gà Con Hầm Nấm 
-👉 Bán Hàng chuẩn ảnh 
👍Còn ảnh còn hàng.hàng hết sẽ về thêm liên tục ạ
👉Shop cam kết rẻ nhất và chất lượng nhất
👉Cập nhật nhanh nhất các sản phẩm hot nhất, đẹp nhất trên thị trường
🐣Đôi lúc shop trả lời chậm trễ mong khách hàng thông cảm giúp shop
🐤Shop chỉ hỗ trợ đổi size(với những mẫu có size)không đổi kiểu,không trả hàng
🐤:Sản phẩm đổi lỗi(do sản xuất) trong 3 ngày
👍 F...b: Trần Nhung(Gà Con Hầm Nấm)
👍 Đ/c:Thanh Xuân-Hà Nội
💃UY TÍN - CHẤT LƯỢNG - GIÁ RẺ 💃
🎀 Cảm ơn các bạn đã ủng hộ shop🎀
#Aoxinh #aore #bodo #vaysangchanh #bodoxinh #aobomber #aokhoac #aolentam #aocadigan #thoitrangcongai #s #thoitranghotteen #hotteen #hotgirl #dam #quanbo #quanbaggy #aosomi');
            
            INSERT INTO product_images (product_id, name, path) 
            VALUES (9925820183, 'SP_9925820183_1.jpg', 'images/products/8/SP_9925820183_1.jpg');
            
            INSERT INTO product_images (product_id, name, path) 
            VALUES (9925820183, 'SP_9925820183_2.jpg', 'images/products/8/SP_9925820183_2.jpg');
            
            INSERT INTO product_images (product_id, name, path) 
            VALUES (9925820183, 'SP_9925820183_3.jpg', 'images/products/8/SP_9925820183_3.jpg');
            
            INSERT INTO product_images (product_id, name, path) 
            VALUES (9925820183, 'SP_9925820183_4.jpg', 'images/products/8/SP_9925820183_4.jpg');
            
            INSERT INTO product_images (product_id, name, path) 
            VALUES (9925820183, 'SP_9925820183_5.jpg', 'images/products/8/SP_9925820183_5.jpg');
            
            INSERT INTO product_images (product_id, name, path) 
            VALUES (9925820183, 'SP_9925820183_6.jpg', 'images/products/8/SP_9925820183_6.jpg');
            
            INSERT INTO product_images (product_id, name, path) 
            VALUES (9925820183, 'SP_9925820183_7.jpg', 'images/products/8/SP_9925820183_7.jpg');
            
            INSERT INTO product_images (product_id, name, path) 
            VALUES (9925820183, 'SP_9925820183_8.jpg', 'images/products/8/SP_9925820183_8.jpg');
            
            INSERT INTO product_images (product_id, name, path) 
            VALUES (9925820183, 'SP_9925820183_9.jpg', 'images/products/8/SP_9925820183_9.jpg');
            
            INSERT INTO product_details (id, product_id, size, color, unique_search_id, quantity)
            VALUES (81114672733, 9925820183, 'S', 'Xanh', 'ahnsx', 16);
            
            INSERT INTO product_details (id, product_id, size, color, unique_search_id, quantity)
            VALUES (81114672734, 9925820183, 'M', 'Xanh', 'ahmnx', 11);
            
            INSERT INTO product_details (id, product_id, size, color, unique_search_id, quantity)
            VALUES (81114672735, 9925820183, 'S', 'Trắng', 'agnrst', 18);
            
            INSERT INTO product_details (id, product_id, size, color, unique_search_id, quantity)
            VALUES (81114672736, 9925820183, 'M', 'Trắng', 'agmnrt', 19);
            
            INSERT INTO product_details (id, product_id, size, color, unique_search_id, quantity)
            VALUES (81114672737, 9925820183, 'L', 'Trắng', 'aglnrt', 20);
            
            INSERT INTO product_details (id, product_id, size, color, unique_search_id, quantity)
            VALUES (81114672738, 9925820183, 'L', 'Xanh', 'ahlnx', 16);
            
            INSERT INTO product_details (id, product_id, size, color, unique_search_id, quantity)
            VALUES (81114672739, 9925820183, 'S', 'Đen', 'dens', 19);
            
            INSERT INTO product_details (id, product_id, size, color, unique_search_id, quantity)
            VALUES (81114672740, 9925820183, 'M', 'Đen', 'demn', 20);
            
            INSERT INTO product_details (id, product_id, size, color, unique_search_id, quantity)
            VALUES (81114672741, 9925820183, 'L', 'Đen', 'deln', 16);
            
            INSERT INTO products (id, sku, name, slug, category_id, unit_price, sale_price, preview_image_name, preview_image_path, views, description)
            VALUES (4419534923, 'SP08010', 'FS50K_Quần Jeans Nữ Ống Rộng SIMPLE JEANS Cao Cấp OHS3010', 'fs50k_quan-jeans-nu-ong-rong-simple-jeans-cao-cap-ohs3010', 8, 114000, 200000, 'SP_4419534923_0.jpg', 'images/products/8/SP_4419534923_0.jpg', 120909, '🔰  CHÍNH SÁCH: 
Là khách hàng của OhBataVN, bạn sẽ được: 
👉 FREESHIP hoặc hỗ trợ 40K cho đơn hàng từ 99K.
👉 Cam kết chất lượng và mẫu mã sản phẩm giống với hình ảnh.
👉 Hoàn tiền nếu sản phẩm không giống với mô tả.
👉 Cam kết được đổi trả hàng trong vòng 2 ngày.

🔰  THÔNG TIN CHI TIẾT
🎗 Xuất xứ: Việt Nam
🎗 Màu sắc: Xanh Denim
🎗 Chất liệu: Vải Jeans đẹp và dày dặn - không ra màu khi giặt
🎗 Đường chỉ may tinh tế và tỉ mỉ 🏆
🎗 Kích thước: 3 Size S,M,L tương ứng: (Chiều dài khoảng 87-90 cm)
+ S (Từ 38 đến 43kg): vòng 2 60-64 vòng 3 75-82
+ M (Từ 44 đến 47kg): vòng 2 65-69 vòng 3 83-86
+ L (Từ 48 đến 52kg): vòng 2 70-73 vòng 3 87-90
=> Cân nặng và chiều cao chỉ mang tính chất tham khảo, các bạn nên đo theo số vòng cho chính xác nhất
#Quầnjeansốngrộng #quanjeanongrong #quanjeanongloe #quanjeanongsuong #quanbaggy #quanbaggyjeans #jeans #ohbata #quanjeans');
            
            INSERT INTO product_images (product_id, name, path) 
            VALUES (4419534923, 'SP_4419534923_1.jpg', 'images/products/8/SP_4419534923_1.jpg');
            
            INSERT INTO product_images (product_id, name, path) 
            VALUES (4419534923, 'SP_4419534923_2.jpg', 'images/products/8/SP_4419534923_2.jpg');
            
            INSERT INTO product_images (product_id, name, path) 
            VALUES (4419534923, 'SP_4419534923_3.jpg', 'images/products/8/SP_4419534923_3.jpg');
            
            INSERT INTO product_images (product_id, name, path) 
            VALUES (4419534923, 'SP_4419534923_4.jpg', 'images/products/8/SP_4419534923_4.jpg');
            
            INSERT INTO product_images (product_id, name, path) 
            VALUES (4419534923, 'SP_4419534923_5.jpg', 'images/products/8/SP_4419534923_5.jpg');
            
            INSERT INTO product_images (product_id, name, path) 
            VALUES (4419534923, 'SP_4419534923_6.jpg', 'images/products/8/SP_4419534923_6.jpg');
            
            INSERT INTO product_images (product_id, name, path) 
            VALUES (4419534923, 'SP_4419534923_7.jpg', 'images/products/8/SP_4419534923_7.jpg');
            
            INSERT INTO product_images (product_id, name, path) 
            VALUES (4419534923, 'SP_4419534923_8.jpg', 'images/products/8/SP_4419534923_8.jpg');
            
            INSERT INTO product_images (product_id, name, path) 
            VALUES (4419534923, 'SP_4419534923_9.jpg', 'images/products/8/SP_4419534923_9.jpg');
            
            INSERT INTO product_details (id, product_id, size, color, unique_search_id, quantity)
            VALUES (14481316856, 4419534923, 'Size S', 'Xanh Nhạt', '  aaehhinnsstxz', 122);
            
            INSERT INTO product_details (id, product_id, size, color, unique_search_id, quantity)
            VALUES (14481316857, 4419534923, 'Size M', 'Xanh Nhạt', '  aaehhimnnstxz', 142);
            
            INSERT INTO product_details (id, product_id, size, color, unique_search_id, quantity)
            VALUES (14481316858, 4419534923, 'Size L', 'Xanh Nhạt', '  aaehhilnnstxz', 241);
            
            INSERT INTO product_details (id, product_id, size, color, unique_search_id, quantity)
            VALUES (14481316859, 4419534923, 'Size S', 'Xanh Đậm', '  aadehimnssxz', 379);
            
            INSERT INTO product_details (id, product_id, size, color, unique_search_id, quantity)
            VALUES (14481316860, 4419534923, 'Size M', 'Xanh Đậm', '  aadehimmnsxz', 370);
            
            INSERT INTO product_details (id, product_id, size, color, unique_search_id, quantity)
            VALUES (14481316861, 4419534923, 'Size L', 'Xanh Đậm', '  aadehilmnsxz', 392);
            
            INSERT INTO products (id, sku, name, slug, category_id, unit_price, sale_price, preview_image_name, preview_image_path, views, description)
            VALUES (2568024703, 'SP08011', 'Quần jeans túi hộp ống rộng style ulzzang J53', 'quan-jeans-tui-hop-ong-rong-style-ulzzang-j53', 8, 290000, 325000, 'SP_2568024703_0.jpg', 'images/products/8/SP_2568024703_0.jpg', 3656, '_________________
CHAIKO STUDIO
📮Direct để được tư vấn và đặt hàng
📮 Order 5-7 ngày
📮 Tuyển CTV và sỉ
📮 Có ship hàng qua shopee');
            
            INSERT INTO product_images (product_id, name, path) 
            VALUES (2568024703, 'SP_2568024703_1.jpg', 'images/products/8/SP_2568024703_1.jpg');
            
            INSERT INTO product_images (product_id, name, path) 
            VALUES (2568024703, 'SP_2568024703_2.jpg', 'images/products/8/SP_2568024703_2.jpg');
            
            INSERT INTO product_images (product_id, name, path) 
            VALUES (2568024703, 'SP_2568024703_3.jpg', 'images/products/8/SP_2568024703_3.jpg');
            
            INSERT INTO product_images (product_id, name, path) 
            VALUES (2568024703, 'SP_2568024703_4.jpg', 'images/products/8/SP_2568024703_4.jpg');
            
            INSERT INTO product_details (id, product_id, size, color, unique_search_id, quantity)
            VALUES (5711029656, 2568024703, 'S', 'Xanh', 'ahnsx', 17);
            
            INSERT INTO product_details (id, product_id, size, color, unique_search_id, quantity)
            VALUES (5711029657, 2568024703, 'M', 'Xanh', 'ahmnx', 17);
            
            INSERT INTO product_details (id, product_id, size, color, unique_search_id, quantity)
            VALUES (5711029658, 2568024703, 'L', 'Xanh', 'ahlnx', 17);
            
            INSERT INTO products (id, sku, name, slug, category_id, unit_price, sale_price, preview_image_name, preview_image_path, views, description)
            VALUES (7380271296, 'SP08012', 'Quần jean nữ Choobe lưng cao baggy bò trơn rách gối phong cách thời trang - QJ08', 'quan-jean-nu-choobe-lung-cao-baggy-bo-tron-rach-goi-phong-cach-thoi-trang-qj08', 8, 195000, 300000, 'SP_7380271296_0.jpg', 'images/products/8/SP_7380271296_0.jpg', 5751, 'Quần jean nữ Choobe lưng cao baggy bò trơn rách gối phong cách thời trang
Choobe chuyên cung cấp quần áo, phụ kiện thời trang nữ. 
Cam kết giá tốt nhất thị trường, chất lượng đảm bảo. 
Uy tín được đảm bảo qua hàng vạn đơn hàng trên khắp cả nước
Đổi trả trong vòng 7 ngày nếu hàng lỗi, sai mẫu cho quý khách.
Hàng sản xuất tại Việt Nam, trên dây chuyền xuất khẩu cao cấp
👑 Choobe - 𝓒𝓗𝓞𝓞se us to 𝓑𝓔 your signature 
-------------------------------
THÔNG TIN SẢN PHẨM
- Quần jeans nữ với thiết kế mới thời trang hơn, mang lại sự tự tin tối đa cho người mặc trước những người xung quanh 
- Quần may bằng vải cao cấp, ít co giãn
- Dáng quần bò nữ  trẻ trung form cực chuẩn cho người mặc 
- Màu sắc chuẩn được nhuộm kỹ đến hai lần giúp hạn chế tối đa việc phai màu khi sử dụng. 
* Hàng có đủ size S, M, L: Ống 16, cạp 30cm
- Size S: Eo 68 , Mông 96, Dài 92, Đùi 54 cm
- Size M: Eo 70 , Mông 99, Dài 92, Đùi 55 cm
- Size L: Eo 72 , Mông 102, Dài 92, Đùi 56 cm
* Bảng size chỉ mang tính chất tham khảo, tùy thuộc vào số đo cơ thể và chất liệu vải khác nhau sẽ có sự chênh lệch nhất định. 
* Màu sắc vải sản phẩm có thể sẽ chênh lệch thực tế một phần nhỏ, do ảnh hưởng về độ lệch màu của ánh sáng nhưng vẫn đảm bảo chất lượng.
-------------------------------
* HƯỚNG DẪN SỬ DỤNG QUẦN JEAN NỮ CHOOBE
- Trước khi sử dụng nên ngâm với nước lạnh pha muối loãng, giấm ăn hoặc phèn chua ít nhất 12 tiếng.
- Tốt nhất nên giặt tay và không nên chà mạnh bằng bàn chải có sợi cứng. 
- Nếu giặt máy, nên chọn chế độ giặt nhẹ và sản phẩm có chất vải phù hợp để bảo quản được lâu. 
- Không nên sử dụng chất giặt tẩy. 
- Không nên ngâm chung với trang phục ra bị màu. 
- Không nên giặt quá thường xuyên và hạn chế dùng bột giặt
- Tránh phơi với ánh nắng trực tiếp. 
- Ủi (là) sản phẩm nếu cần và cài đặt nhiệt độ bàn ủi (là) phù hợp với từng loại vải.
-------------------------------
* CHOOBE CAM KẾT: 
- Choobe không bán hàng giả, hàng nhái, chất lượng luôn là hàng đầu để shop có thể phát triển thương hiệu và vươn xa. 
- Quần jean nữ 100% giống mô tả
- Tư vấn nhiệt tình, chu đáo luôn lắng nghe khách hàng để phục vụ tốt. 
- Giao hàng nhanh đúng tiến độ không phải để quý khách chờ đợi lâu để nhận hàng. 
-------------------------------
 Đổi trả theo đúng quy định của Shopee 
1. Điều kiện áp dụng (trong vòng 07 ngày kể từ khi nhận sản phẩm): 
- Hàng hoá vẫn còn mới, chưa qua sử dụng 
- Hàng hóa hư hỏng do vận chuyển hoặc do nhà sản xuất. 
2. Trường hợp được chấp nhận: 
- Hàng không đúng size, kiểu dáng như quý khách đặt hàng 
- Không đủ số lượng, không đủ bộ như trong đơn hàng
3. Trường hợp không đủ điều kiện áp dụng chính sách:
 - Quá 07 ngày kể từ khi Quý khách nhận hàng 
 - Gửi lại hàng không đúng mẫu mã, không phải hàng của Choobe
 - Đặt nhầm sản phẩm, chủng loại, không thích, không hợp,...
-------------------------------
Ấn Like và theo dõi để ủng hộ shop và tham khảo các sản phẩm mới của shop, Choobe rất hân hạnh được phục vụ quý khách
#choobe #quan #jean #jeans #bo #thoi #trang #nu #rin #quanjean #quanjeannu #jeannu #lung #cao #baggy #baggyjean #jeanbaggy ');
            
            INSERT INTO product_images (product_id, name, path) 
            VALUES (7380271296, 'SP_7380271296_1.jpg', 'images/products/8/SP_7380271296_1.jpg');
            
            INSERT INTO product_images (product_id, name, path) 
            VALUES (7380271296, 'SP_7380271296_2.jpg', 'images/products/8/SP_7380271296_2.jpg');
            
            INSERT INTO product_images (product_id, name, path) 
            VALUES (7380271296, 'SP_7380271296_3.jpg', 'images/products/8/SP_7380271296_3.jpg');
            
            INSERT INTO product_images (product_id, name, path) 
            VALUES (7380271296, 'SP_7380271296_4.jpg', 'images/products/8/SP_7380271296_4.jpg');
            
            INSERT INTO product_images (product_id, name, path) 
            VALUES (7380271296, 'SP_7380271296_5.jpg', 'images/products/8/SP_7380271296_5.jpg');
            
            INSERT INTO product_images (product_id, name, path) 
            VALUES (7380271296, 'SP_7380271296_6.jpg', 'images/products/8/SP_7380271296_6.jpg');
            
            INSERT INTO product_images (product_id, name, path) 
            VALUES (7380271296, 'SP_7380271296_7.jpg', 'images/products/8/SP_7380271296_7.jpg');
            
            INSERT INTO product_images (product_id, name, path) 
            VALUES (7380271296, 'SP_7380271296_8.jpg', 'images/products/8/SP_7380271296_8.jpg');
            
            INSERT INTO product_images (product_id, name, path) 
            VALUES (7380271296, 'SP_7380271296_9.jpg', 'images/products/8/SP_7380271296_9.jpg');
            
            INSERT INTO product_details (id, product_id, size, color, unique_search_id, quantity)
            VALUES (73857814947, 7380271296, 'S', 'XANH ĐẬM', ' aadhmnsx', 8);
            
            INSERT INTO product_details (id, product_id, size, color, unique_search_id, quantity)
            VALUES (73857814948, 7380271296, 'M', 'XANH ĐẬM', ' aadhmmnx', 7);
            
            INSERT INTO product_details (id, product_id, size, color, unique_search_id, quantity)
            VALUES (73857814949, 7380271296, 'L', 'XANH ĐẬM', ' aadhlmnx', 6);
            
            INSERT INTO product_details (id, product_id, size, color, unique_search_id, quantity)
            VALUES (73857814950, 7380271296, 'S', 'XANH NHẠT', ' aahhnnstx', 5);
            
            INSERT INTO product_details (id, product_id, size, color, unique_search_id, quantity)
            VALUES (73857814951, 7380271296, 'M', 'XANH NHẠT', ' aahhmnntx', 9);
            
            INSERT INTO product_details (id, product_id, size, color, unique_search_id, quantity)
            VALUES (73857814952, 7380271296, 'L', 'XANH NHẠT', ' aahhlnntx', 9);
            
            INSERT INTO products (id, sku, name, slug, category_id, unit_price, sale_price, preview_image_name, preview_image_path, views, description)
            VALUES (7455188574, 'SP08013', 'Quần jean baggy nữ ulzzang trơn thời trang FMstyle Saigon 21QJB04AS0201- 21QJB03AS0901', 'quan-jean-baggy-nu-ulzzang-tron-thoi-trang-fmstyle-saigon-21qjb04as0201-21qjb03as0901', 8, 145000, 189000, 'SP_7455188574_0.jpg', 'images/products/8/SP_7455188574_0.jpg', 6880, 'Sản phẩm: Quần jean baggy nữ ulzzang trơn thời trang FMstyle Saigon 
Mã sản phẩm: 20QJB12TD1403
- Màu sắc sản phẩm: xanh 
- Quần jean có 3 size : 
+Size S: 40 - 45kg , Cao dưới 1m70 (EO tối đa 66cm, DÀI 89cm)  
+Size M: dưới 50kg, Cao dưới 1m70 (EO tối đa 70cm, DÀI 91cm)
+Size L: dưới 53kg, Cao dưới 1m70 (EO tối đa 74cm, DÀI 93cm)
- Xuất xứ: Sản xuất ở Việt Nam              
     
Sản phẩm quần jean baggy nữ, một chiếc quần hội tụ sự yêu thích vì sao?
- Chất vải dày dặn, đứng form, màu sắc bụi bặm để bạn có thể tha hồ mix&match với nhiều phong cách khác nhau
- Với thiết kế lưng siêu cao, form ngố suôn nhẹ từ đùi xuống chân hoặc trên mắt cá để ăn gian chiều cao, là 1 lựa chọn hoàn hảo với cô nàng tự ti về đôi chân của mình đó

Mua đồ tại Fmstyle Saigon có yên tâm không? 
- Fmstyle Saigon cam kết 100% hình ảnh sản phẩm là ảnh thật do shop tự chụp và giữ bản quyền hình ảnh
- Sản phẩm được kiểm tra kĩ càng, cẩn thận và tư vấn nhiệt tình trước khi gói hàng giao cho Quý Khách
- Hàng có sẵn, giao hàng ngay khi nhận được đơn
- Cam kết 100% đổi Size nếu sản phẩm khách đặt không vừa 
- Shop hỗ trợ đổi sang sản phẩm khác cùng giá hoặc cao hơn nếu khách có nhu cầu đổi mẫu khác.

Hướng dẫn sử dụng sản phẩm 
- Lần đầu đem về chỉ xả nước lạnh rồi phơi khô để đảm bảo chất và màu của sản phẩm nhé 
- Nhớ lộn trái sản phẩm khi giặt và không giặt ngâm 
- Không giặt máy trong 2 tuần đầu
- Không sử dụng thuốc tẩy 
- Khi phơi lộn trái và không phơi trực tiếp dưới ánh nắng mặt trời
Lưu ý:
1.Điều kiện áp dụng đổi hàng
-Thời gian đổi hàng trong vòng 03 ngày kể từ khi nhận hàng.
-Hàng đổi phải còn nguyên tem, nhãn mác, chưa qua sử dụng
-Khách hàng được đổi sản phẩm theo yêu cầu kích cỡ hoặc kiểu dáng hoặc do lỗi sản xuất, lỗi kỹ thuật.
-Sản phẩm đổi phải có giá trị tương đương hoặc cao hơn giá trị hàng đã mua trước đó.
2.Những trường hợp không đủ điều kiện đổi hàng
-Không đáp ứng các điều kiện đổi hàng như đã nêu trên
-Hàng nhìn còn mới, còn nguyên tem mác nhưng có dấu hiệu bị bẩn, bị trầy xước, các phụ kiện của hàng không còn đầy đủ hoặc bị hư hại do các tác nhân bên ngoài cửa hàng sau khi mua.
-Sản phẩm bị hỏng do lỗi phía khách hàng: Không tuân thủ đúng hướng dẫn sử dụng sản phẩm, phai màu do giặt chung với các sản phẩm khác, sản phẩm bị hỏng do sửa chữa tại nơi khác….
-Khách hàng không được đổi lại sản phẩm khi sản phẩm không có bất kì lỗi kĩ thuật nào, đúng size, đúng mẫu…
3.Do màn hình và điều kiện ánh sáng khác nhau, màu sắc thực tế của sản phẩm có thể chênh lệch khoảng 3-5%
4.Nếu có bất kì khiếu nại cần Shop hỗ trợ về sản phẩm, khi mở sản phẩm các Chị vui lòng quay lại video quá trình mở sản phẩm để được đảm bảo 100% đổi lại sản phẩm mới nếu Shop giao bị lỗi.
#quan #unisex #re #dai #simple  #nu #ong #baggy #fmstyle  #rách  #trơn #zin #jean #jeans #rin #jin #jeannu #quanbonu #quanbo #quanrin #quandenim #quạneanongrongnu  #quanjockernu #quanjeanongrongnu #quannuongrong #quan_bo');
            
            INSERT INTO product_images (product_id, name, path) 
            VALUES (7455188574, 'SP_7455188574_1.jpg', 'images/products/8/SP_7455188574_1.jpg');
            
            INSERT INTO product_images (product_id, name, path) 
            VALUES (7455188574, 'SP_7455188574_2.jpg', 'images/products/8/SP_7455188574_2.jpg');
            
            INSERT INTO product_images (product_id, name, path) 
            VALUES (7455188574, 'SP_7455188574_3.jpg', 'images/products/8/SP_7455188574_3.jpg');
            
            INSERT INTO product_images (product_id, name, path) 
            VALUES (7455188574, 'SP_7455188574_4.jpg', 'images/products/8/SP_7455188574_4.jpg');
            
            INSERT INTO product_images (product_id, name, path) 
            VALUES (7455188574, 'SP_7455188574_5.jpg', 'images/products/8/SP_7455188574_5.jpg');
            
            INSERT INTO product_images (product_id, name, path) 
            VALUES (7455188574, 'SP_7455188574_6.jpg', 'images/products/8/SP_7455188574_6.jpg');
            
            INSERT INTO product_images (product_id, name, path) 
            VALUES (7455188574, 'SP_7455188574_7.jpg', 'images/products/8/SP_7455188574_7.jpg');
            
            INSERT INTO product_details (id, product_id, size, color, unique_search_id, quantity)
            VALUES (80948849932, 7455188574, 'M', 'Nhạt', 'ahmnt', 0);
            
            INSERT INTO product_details (id, product_id, size, color, unique_search_id, quantity)
            VALUES (80948849933, 7455188574, 'L', 'Nhạt', 'ahlnt', 0);
            
            INSERT INTO product_details (id, product_id, size, color, unique_search_id, quantity)
            VALUES (80948849934, 7455188574, 'L', 'Đậm ', ' adlm', 3);
            
            INSERT INTO product_details (id, product_id, size, color, unique_search_id, quantity)
            VALUES (80948849935, 7455188574, 'S', 'Nhạt', 'ahnst', 0);
            
            INSERT INTO product_details (id, product_id, size, color, unique_search_id, quantity)
            VALUES (80948849936, 7455188574, 'S', 'Đậm ', ' adms', 0);
            
            INSERT INTO product_details (id, product_id, size, color, unique_search_id, quantity)
            VALUES (80948849937, 7455188574, 'M', 'Đậm ', ' admm', 6);
            