
            INSERT INTO products (id, sku, name, slug, category_id, unit_price, sale_price, preview_image_name, preview_image_path, views, description)
            VALUES (8038603929, 'SP09001', '[Mã WABRWA8 giảm 15% đơn 99k] Quần Jogger Hisexy Nữ Dài Ống Rộng Có Bo Simple Ulzzang', 'ma-wabrwa8-giam-15percent-don-99k-quan-jogger-hisexy-nu-dai-ong-rong-co-bo-simple-ulzzang', 9, 89000, 139000, 'SP_8038603929_0.jpg', 'images/products/9/SP_8038603929_0.jpg', 8960, 'Quần jogger simple  - chất thun dày dặn form rộng siêu xinh, thấm hút mồ hôi cực tốt. Hè đến chỉ có mặc croptop với jogger vừa năng động lại thoải mái thôi.
Hướng dẫn chọn size:
-Size M: Dưới 55kg ~ Cao dưới 1m60
-Size L: từ 56-65kg ~ Cao 1m61-1m70
-Size XL: từ 66kg-77kg ~ Cao 1m71-1m8
-----------------------------
Lưu ý: 
+ Bảng size chart chỉ mang tính chất tham khảo, tùy thuộc vào số đo cơ thể và chất liệu vải khác nhau sẽ có sự chênh lệch nhất định.
+ Màu sắc vải/ sản phẩm có thể sẽ chênh lệch thực tế một phần nhỏ, do ảnh hưởng về độ lệch màu của ánh sáng nhưng vẫn đảm bảo chất lượng.
+ Cam kết 100% đổi Size nếu sản phẩm khách đặt không vừa (hỗ trợ đổi size trong vòng 7 ngày)
+ Shop hỗ trợ đổi sang sản phẩm khác cùng giá hoặc cao hơn nếu khách có nhu cầu đổi mẫu khác.
+ Nếu có bất kì khiếu nại cần Shop hỗ trợ về sản phẩm, khi mở sản phẩm các Chị vui lòng quay lại video quá trình mở sản phẩm để được đảm bảo 100% đổi lại sản phẩm mới nếu Shop giao bị lỗi.
+ Các Chị nhận được sản phẩm, vui lòng đánh giá giúp Shop để hưởng thêm nhiều ưu đãi hơn nhé.
#tunistore #aothun #aokhoac #sethoodie #simplejean #hoodie #ulzzang ');
            
            INSERT INTO product_images (product_id, name, path) 
            VALUES (8038603929, 'SP_8038603929_1.jpg', 'images/products/9/SP_8038603929_1.jpg');
            
            INSERT INTO product_images (product_id, name, path) 
            VALUES (8038603929, 'SP_8038603929_2.jpg', 'images/products/9/SP_8038603929_2.jpg');
            
            INSERT INTO product_images (product_id, name, path) 
            VALUES (8038603929, 'SP_8038603929_3.jpg', 'images/products/9/SP_8038603929_3.jpg');
            
            INSERT INTO product_images (product_id, name, path) 
            VALUES (8038603929, 'SP_8038603929_4.jpg', 'images/products/9/SP_8038603929_4.jpg');
            
            INSERT INTO product_images (product_id, name, path) 
            VALUES (8038603929, 'SP_8038603929_5.jpg', 'images/products/9/SP_8038603929_5.jpg');
            
            INSERT INTO product_images (product_id, name, path) 
            VALUES (8038603929, 'SP_8038603929_6.jpg', 'images/products/9/SP_8038603929_6.jpg');
            
            INSERT INTO product_images (product_id, name, path) 
            VALUES (8038603929, 'SP_8038603929_7.jpg', 'images/products/9/SP_8038603929_7.jpg');
            
            INSERT INTO product_images (product_id, name, path) 
            VALUES (8038603929, 'SP_8038603929_8.jpg', 'images/products/9/SP_8038603929_8.jpg');
            
            INSERT INTO product_images (product_id, name, path) 
            VALUES (8038603929, 'SP_8038603929_9.jpg', 'images/products/9/SP_8038603929_9.jpg');
            
            INSERT INTO product_details (id, product_id, size, color, unique_search_id, quantity)
            VALUES (25223339519, 8038603929, 'M (<55kg', 'Xám', ' (55<agkmmx', 57);
            
            INSERT INTO product_details (id, product_id, size, color, unique_search_id, quantity)
            VALUES (25223339520, 8038603929, 'XL (<77kg', 'Xám', ' (77<agklmxx', 97);
            
            INSERT INTO product_details (id, product_id, size, color, unique_search_id, quantity)
            VALUES (25223339521, 8038603929, 'M (<55kg', 'Trắng', ' (55<aggkmnrt', 86);
            
            INSERT INTO product_details (id, product_id, size, color, unique_search_id, quantity)
            VALUES (25223339522, 8038603929, 'L (<65kg', 'Trắng', ' (56<aggklnrt', 91);
            
            INSERT INTO product_details (id, product_id, size, color, unique_search_id, quantity)
            VALUES (25223339523, 8038603929, 'L (<65kg', 'Tan', ' (56<agklnt', 0);
            
            INSERT INTO product_details (id, product_id, size, color, unique_search_id, quantity)
            VALUES (25223339524, 8038603929, 'L (<65kg', 'Hồng', ' (56<gghklno', 98);
            
            INSERT INTO product_details (id, product_id, size, color, unique_search_id, quantity)
            VALUES (25223339525, 8038603929, 'M (<55kg', 'Đen', ' (55<degkmn', 73);
            
            INSERT INTO product_details (id, product_id, size, color, unique_search_id, quantity)
            VALUES (25223339526, 8038603929, 'XL (<77kg', 'Trắng', ' (77<aggklnrtx', 97);
            
            INSERT INTO product_details (id, product_id, size, color, unique_search_id, quantity)
            VALUES (25223339527, 8038603929, 'XL (<77kg', 'Tan', ' (77<agklntx', 0);
            
            INSERT INTO product_details (id, product_id, size, color, unique_search_id, quantity)
            VALUES (25223339528, 8038603929, 'L (<65kg', 'Xanh Đậu', '  (56<aadghklnux', 0);
            
            INSERT INTO product_details (id, product_id, size, color, unique_search_id, quantity)
            VALUES (25223339529, 8038603929, 'XL (<77kg', 'Xanh Đậu', '  (77<aadghklnuxx', 98);
            
            INSERT INTO product_details (id, product_id, size, color, unique_search_id, quantity)
            VALUES (34695180887, 8038603929, 'XL (<77kg', 'Xanh Dương', '  (77<adgghklnnouxx', 92);
            
            INSERT INTO product_details (id, product_id, size, color, unique_search_id, quantity)
            VALUES (34695180888, 8038603929, 'XL (<77kg', 'Hồng', ' (77<gghklnox', 97);
            
            INSERT INTO product_details (id, product_id, size, color, unique_search_id, quantity)
            VALUES (34695180889, 8038603929, 'L (<65kg', 'Xám', ' (56<agklmx', 84);
            
            INSERT INTO product_details (id, product_id, size, color, unique_search_id, quantity)
            VALUES (34695180890, 8038603929, 'L (<65kg', 'Đen', ' (56<degkln', 74);
            
            INSERT INTO product_details (id, product_id, size, color, unique_search_id, quantity)
            VALUES (34695180891, 8038603929, 'XL (<77kg', 'Đen', ' (77<degklnx', 93);
            
            INSERT INTO product_details (id, product_id, size, color, unique_search_id, quantity)
            VALUES (34695180892, 8038603929, 'M (<55kg', 'Tan', ' (55<agkmnt', 0);
            
            INSERT INTO product_details (id, product_id, size, color, unique_search_id, quantity)
            VALUES (34695180893, 8038603929, 'M (<55kg', 'Xanh Dương', '  (55<adgghkmnnoux', 97);
            
            INSERT INTO product_details (id, product_id, size, color, unique_search_id, quantity)
            VALUES (34695180894, 8038603929, 'L (<65kg', 'Xanh Dương', '  (56<adgghklnnoux', 0);
            
            INSERT INTO product_details (id, product_id, size, color, unique_search_id, quantity)
            VALUES (34695180895, 8038603929, 'M (<55kg', 'Xanh Đậu', '  (55<aadghkmnux', 92);
            
            INSERT INTO product_details (id, product_id, size, color, unique_search_id, quantity)
            VALUES (34695180896, 8038603929, 'M (<55kg', 'Hồng', ' (55<gghkmno', 96);
            
            INSERT INTO products (id, sku, name, slug, category_id, unit_price, sale_price, preview_image_name, preview_image_path, views, description)
            VALUES (4772129155, 'SP09002', 'Quần thun caro co dãn 4 chiều', 'quan-thun-caro-co-dan-4-chieu', 9, 35000, 55000, 'SP_4772129155_0.jpg', 'images/products/9/SP_4772129155_0.jpg', 128, 'QUẦN THUN CARO CO DÃN 4 CHIỀU
 * sai S từ 40-60kg
* sai M từ 55-70kg
cam kết không phai, không xù theo thời gian');
            
            INSERT INTO product_images (product_id, name, path) 
            VALUES (4772129155, 'SP_4772129155_1.jpg', 'images/products/9/SP_4772129155_1.jpg');
            
            INSERT INTO product_images (product_id, name, path) 
            VALUES (4772129155, 'SP_4772129155_2.jpg', 'images/products/9/SP_4772129155_2.jpg');
            
            INSERT INTO product_images (product_id, name, path) 
            VALUES (4772129155, 'SP_4772129155_3.jpg', 'images/products/9/SP_4772129155_3.jpg');
            
            INSERT INTO product_images (product_id, name, path) 
            VALUES (4772129155, 'SP_4772129155_4.jpg', 'images/products/9/SP_4772129155_4.jpg');
            
            INSERT INTO product_images (product_id, name, path) 
            VALUES (4772129155, 'SP_4772129155_5.jpg', 'images/products/9/SP_4772129155_5.jpg');
            
            INSERT INTO product_images (product_id, name, path) 
            VALUES (4772129155, 'SP_4772129155_6.jpg', 'images/products/9/SP_4772129155_6.jpg');
            
            INSERT INTO product_details (id, product_id, size, color, unique_search_id, quantity)
            VALUES (42955566328, 4772129155, 'M', 'Đen', 'demn', 0);
            
            INSERT INTO product_details (id, product_id, size, color, unique_search_id, quantity)
            VALUES (42955566329, 4772129155, 'S', 'Xanh dương', ' adghnnosux', 0);
            
            INSERT INTO product_details (id, product_id, size, color, unique_search_id, quantity)
            VALUES (42955566330, 4772129155, 'S', 'Xanh lá', ' aahlnsx', 1);
            
            INSERT INTO product_details (id, product_id, size, color, unique_search_id, quantity)
            VALUES (42955566331, 4772129155, 'M', 'Đỏ', 'dmo', 0);
            
            INSERT INTO product_details (id, product_id, size, color, unique_search_id, quantity)
            VALUES (42955566332, 4772129155, 'M', 'Vàng', 'agmnv', 2);
            
            INSERT INTO product_details (id, product_id, size, color, unique_search_id, quantity)
            VALUES (42955566333, 4772129155, 'S', 'Đen', 'dens', 0);
            
            INSERT INTO product_details (id, product_id, size, color, unique_search_id, quantity)
            VALUES (42955566334, 4772129155, 'M', 'Xanh lá', ' aahlmnx', 1);
            
            INSERT INTO product_details (id, product_id, size, color, unique_search_id, quantity)
            VALUES (42955566335, 4772129155, 'S', 'Đỏ', 'dos', 0);
            
            INSERT INTO product_details (id, product_id, size, color, unique_search_id, quantity)
            VALUES (42955566336, 4772129155, 'S', 'Vàng', 'agnsv', 1);
            
            INSERT INTO product_details (id, product_id, size, color, unique_search_id, quantity)
            VALUES (42955566337, 4772129155, 'M', 'Xanh dương', ' adghmnnoux', 0);
            
            INSERT INTO products (id, sku, name, slug, category_id, unit_price, sale_price, preview_image_name, preview_image_path, views, description)
            VALUES (5584334748, 'SP09003', 'QUẦN THUN LẠNH LY NHỎ', 'quan-thun-lanh-ly-nho', 9, 83000, 83000, 'SP_5584334748_0.jpg', 'images/products/9/SP_5584334748_0.jpg', 31528, 'Nhìn chất phê phê là 
Thun lạnh cao cấp quảng châu đó ạ 
Hiếm lắm nó mới sale chứ bt toàn 5xx
Giờ còn có ~ 1/4 có phải hời k cơ chứ 👍👍👍

Fullsize S M L nha ce
❌ Hàng chuẩn vải QC full  màu nhé ce ơi');
            
            INSERT INTO product_images (product_id, name, path) 
            VALUES (5584334748, 'SP_5584334748_1.jpg', 'images/products/9/SP_5584334748_1.jpg');
            
            INSERT INTO product_images (product_id, name, path) 
            VALUES (5584334748, 'SP_5584334748_2.jpg', 'images/products/9/SP_5584334748_2.jpg');
            
            INSERT INTO product_images (product_id, name, path) 
            VALUES (5584334748, 'SP_5584334748_3.jpg', 'images/products/9/SP_5584334748_3.jpg');
            
            INSERT INTO product_images (product_id, name, path) 
            VALUES (5584334748, 'SP_5584334748_4.jpg', 'images/products/9/SP_5584334748_4.jpg');
            
            INSERT INTO product_images (product_id, name, path) 
            VALUES (5584334748, 'SP_5584334748_5.jpg', 'images/products/9/SP_5584334748_5.jpg');
            
            INSERT INTO product_images (product_id, name, path) 
            VALUES (5584334748, 'SP_5584334748_6.jpg', 'images/products/9/SP_5584334748_6.jpg');
            
            INSERT INTO product_images (product_id, name, path) 
            VALUES (5584334748, 'SP_5584334748_7.jpg', 'images/products/9/SP_5584334748_7.jpg');
            
            INSERT INTO product_images (product_id, name, path) 
            VALUES (5584334748, 'SP_5584334748_8.jpg', 'images/products/9/SP_5584334748_8.jpg');
            
            INSERT INTO product_images (product_id, name, path) 
            VALUES (5584334748, 'SP_5584334748_9.jpg', 'images/products/9/SP_5584334748_9.jpg');
            
            INSERT INTO product_details (id, product_id, size, color, unique_search_id, quantity)
            VALUES (44598879087, 5584334748, 'sz S', 'Đen', ' denssz', 0);
            
            INSERT INTO product_details (id, product_id, size, color, unique_search_id, quantity)
            VALUES (44598879088, 5584334748, 'sz S', 'Be', ' bessz', 0);
            
            INSERT INTO product_details (id, product_id, size, color, unique_search_id, quantity)
            VALUES (44598879089, 5584334748, 'sz M', 'Be', ' bemsz', 0);
            
            INSERT INTO product_details (id, product_id, size, color, unique_search_id, quantity)
            VALUES (44598879090, 5584334748, 'sz L', 'Be', ' belsz', 0);
            
            INSERT INTO product_details (id, product_id, size, color, unique_search_id, quantity)
            VALUES (44598879091, 5584334748, 'sz M', 'Nâu', ' amnsuz', 0);
            
            INSERT INTO product_details (id, product_id, size, color, unique_search_id, quantity)
            VALUES (44598879092, 5584334748, 'sz L', 'Xanh rêu', '  aehlnrsuxz', 0);
            
            INSERT INTO product_details (id, product_id, size, color, unique_search_id, quantity)
            VALUES (44598879093, 5584334748, 'sz M', 'Đen', ' demnsz', 0);
            
            INSERT INTO product_details (id, product_id, size, color, unique_search_id, quantity)
            VALUES (44598879094, 5584334748, 'sz S', 'Nâu', ' anssuz', 0);
            
            INSERT INTO product_details (id, product_id, size, color, unique_search_id, quantity)
            VALUES (44598879095, 5584334748, 'sz M', 'Xanh rêu', '  aehmnrsuxz', 0);
            
            INSERT INTO product_details (id, product_id, size, color, unique_search_id, quantity)
            VALUES (44598879096, 5584334748, 'sz L', 'Đen', ' delnsz', 0);
            
            INSERT INTO product_details (id, product_id, size, color, unique_search_id, quantity)
            VALUES (44598879097, 5584334748, 'sz L', 'Nâu', ' alnsuz', 0);
            
            INSERT INTO product_details (id, product_id, size, color, unique_search_id, quantity)
            VALUES (44598879098, 5584334748, 'sz S', 'Xanh rêu', '  aehnrssuxz', 0);
            
            INSERT INTO product_details (id, product_id, size, color, unique_search_id, quantity)
            VALUES (74723061430, 5584334748, 'sz S', 'Đen', ' denssz', 67);
            
            INSERT INTO product_details (id, product_id, size, color, unique_search_id, quantity)
            VALUES (74723061431, 5584334748, 'SZ M.', 'Đen', ' .demnsz', 58);
            
            INSERT INTO product_details (id, product_id, size, color, unique_search_id, quantity)
            VALUES (74723061432, 5584334748, 'SZ M.', 'Xanh rêu', '  .aehmnrsuxz', 86);
            
            INSERT INTO product_details (id, product_id, size, color, unique_search_id, quantity)
            VALUES (74723061433, 5584334748, 'SZ M.', 'Be', ' .bemsz', 71);
            
            INSERT INTO product_details (id, product_id, size, color, unique_search_id, quantity)
            VALUES (74723061434, 5584334748, 'SZ L.', 'Nâu', ' .alnsuz', 87);
            
            INSERT INTO product_details (id, product_id, size, color, unique_search_id, quantity)
            VALUES (74723061435, 5584334748, 'sz S', 'Xanh rêu', '  aehnrssuxz', 90);
            
            INSERT INTO product_details (id, product_id, size, color, unique_search_id, quantity)
            VALUES (74723061436, 5584334748, 'SZ L.', 'Đen', ' .delnsz', 20);
            
            INSERT INTO product_details (id, product_id, size, color, unique_search_id, quantity)
            VALUES (74723061437, 5584334748, 'sz S', 'Be', ' bessz', 81);
            
            INSERT INTO product_details (id, product_id, size, color, unique_search_id, quantity)
            VALUES (74723061438, 5584334748, 'SZ L.', 'Xanh rêu', '  .aehlnrsuxz', 78);
            
            INSERT INTO product_details (id, product_id, size, color, unique_search_id, quantity)
            VALUES (74723061439, 5584334748, 'SZ L.', 'Be', ' .belsz', 68);
            
            INSERT INTO product_details (id, product_id, size, color, unique_search_id, quantity)
            VALUES (74723061440, 5584334748, 'sz S', 'Nâu', ' anssuz', 93);
            
            INSERT INTO product_details (id, product_id, size, color, unique_search_id, quantity)
            VALUES (74723061441, 5584334748, 'SZ M.', 'Nâu', ' .amnsuz', 89);
            
            INSERT INTO products (id, sku, name, slug, category_id, unit_price, sale_price, preview_image_name, preview_image_path, views, description)
            VALUES (5438368890, 'SP09004', '[Mã WASKT304 giảm 15% tối đa 30K đơn 99K] Quần thun dài nữ rách gối ulzzang IRU -ẢNH THẬT-', 'ma-waskt304-giam-15percent-toi-da-30k-don-99k-quan-thun-dai-nu-rach-goi-ulzzang-iru-anh-that-', 9, 77000, 130000, 'SP_5438368890_0.jpg', 'images/products/9/SP_5438368890_0.jpg', 5881, 'Chiếc quần suông rách gối siêu hack dáng với chất thun da cá mịn,mix cùng croptop hay tee là đã có ngay outfit ra ngoài cực đẹp rồi đó.
Size: M L XL.
🎈 Hướng dẫn chọn size:
-Size M: Dưới 55kg ~ Cao dưới 1m60
-Size L: từ 56-65kg ~ Cao 1m61-1m70
-Size XL: từ 66kg-77kg ~ Cao 1m71-1m8
*Lưu ý: Bảng size mang tính chất tham khảo tương đối, phù hợp với 90% khách hàng khi mua hàng tại Tuni.

Hiện nay trên thị trường có rất nhiều Shop khác sử dụng hình ảnh sản phẩm của SHOP TUNI để bán các sản phẩm không đảm bảo chất lượng. Cùng 1 sản phẩm, cùng 1 màu, ảnh giống nhau nhưng chất lượng sản phẩm, chất lượng dịch vụ sẽ khác nhau.
Do vậy các bạn hãy CỰC KÌ cân nhắc khi mua để tránh trường hợp sản phẩm không chất lượng nhé. TUNI STORE tự tin là nhà bán hàng tận tâm để Quý shop gửi gắm niềm tin:
➊ 100% hình ảnh là chụp thật do shop tự chụp.
➋ Giá luôn tốt nhất, xứng tiền. Tư vấn tận tâm chi tiết nhất.
➌ Đổi trả miễn phí nếu khách hàng không hài lòng với sản phẩm & dịch vụ tại Tuni.
➍ Tất cả sản phẩm tại shop đều được bảo hành 365 ngày.
➎ Nhận gia công/thiết kế theo mẫu riêng biệt.

✔️✔️✔️ Đội ngũ TUNI STORE luôn muốn mang tới cho các shop các sản phẩm chất lượng nhất, đáng tiền nhất.
#tunistore #aothun #aokhoac #sethoodie #simplejean #hoodie #ulzzang 
');
            
            INSERT INTO product_images (product_id, name, path) 
            VALUES (5438368890, 'SP_5438368890_1.jpg', 'images/products/9/SP_5438368890_1.jpg');
            
            INSERT INTO product_images (product_id, name, path) 
            VALUES (5438368890, 'SP_5438368890_2.jpg', 'images/products/9/SP_5438368890_2.jpg');
            
            INSERT INTO product_images (product_id, name, path) 
            VALUES (5438368890, 'SP_5438368890_3.jpg', 'images/products/9/SP_5438368890_3.jpg');
            
            INSERT INTO product_images (product_id, name, path) 
            VALUES (5438368890, 'SP_5438368890_4.jpg', 'images/products/9/SP_5438368890_4.jpg');
            
            INSERT INTO product_images (product_id, name, path) 
            VALUES (5438368890, 'SP_5438368890_5.jpg', 'images/products/9/SP_5438368890_5.jpg');
            
            INSERT INTO product_images (product_id, name, path) 
            VALUES (5438368890, 'SP_5438368890_6.jpg', 'images/products/9/SP_5438368890_6.jpg');
            
            INSERT INTO product_images (product_id, name, path) 
            VALUES (5438368890, 'SP_5438368890_7.jpg', 'images/products/9/SP_5438368890_7.jpg');
            
            INSERT INTO product_images (product_id, name, path) 
            VALUES (5438368890, 'SP_5438368890_8.jpg', 'images/products/9/SP_5438368890_8.jpg');
            
            INSERT INTO product_images (product_id, name, path) 
            VALUES (5438368890, 'SP_5438368890_9.jpg', 'images/products/9/SP_5438368890_9.jpg');
            
            INSERT INTO product_details (id, product_id, size, color, unique_search_id, quantity)
            VALUES (21010208581, 5438368890, 'M', 'Đen', 'demn', 0);
            
            INSERT INTO product_details (id, product_id, size, color, unique_search_id, quantity)
            VALUES (21010208582, 5438368890, 'L', 'Đen', 'deln', 0);
            
            INSERT INTO product_details (id, product_id, size, color, unique_search_id, quantity)
            VALUES (21010208583, 5438368890, 'XL', 'Đen', 'delnx', 14);
            
            INSERT INTO product_details (id, product_id, size, color, unique_search_id, quantity)
            VALUES (21010208584, 5438368890, 'M', 'Xám', 'ammx', 0);
            
            INSERT INTO product_details (id, product_id, size, color, unique_search_id, quantity)
            VALUES (21010208585, 5438368890, 'L', 'Xám', 'almx', 0);
            
            INSERT INTO product_details (id, product_id, size, color, unique_search_id, quantity)
            VALUES (21010208586, 5438368890, 'XL', 'Xám', 'almxx', 1);
            
            INSERT INTO products (id, sku, name, slug, category_id, unit_price, sale_price, preview_image_name, preview_image_path, views, description)
            VALUES (3783767373, 'SP09005', 'QUẦN THUN BIKER HÀNG XUẤT XỊN - CHẤT THUN DÀY MỊN - BẢNG LƯNG THUN TO - LYSTORE', 'quan-thun-biker-hang-xuat-xin-chat-thun-day-min-bang-lung-thun-to-lystore', 9, 145000, 165000, 'SP_3783767373_0.jpg', 'images/products/9/SP_3783767373_0.jpg', 76, '💌 𝗡𝗛𝗔̆́𝗡 𝗧𝗜𝗡 𝐜𝐡𝐨 𝐬𝐡𝐨𝐩 đ𝐞̂̉ đ𝐮̛𝐨̛̣𝐜 𝐭𝐮̛ 𝐯𝐚̂́𝐧 𝐯𝐚̀ đ𝐚̣̆𝐭 𝐡𝐚̀𝐧𝐠 𝐧𝐡𝐚𝐧𝐡 𝐧𝐡𝐚̂́𝐭
📍 Đ𝐈̣𝐀 𝐂𝐇𝐈̉: 𝟏𝟐𝟖 𝐍𝐆𝐔𝐘𝐄̂̃𝐍 𝐆𝐈𝐀 𝐓𝐑𝐈́ ( 𝐃𝟐 𝐂𝐔̃ ), 𝐏𝟐𝟓, 𝐁𝐈̀𝐍𝐇 𝐓𝐇𝐀̣𝐍𝐇
📞 𝟎𝟑𝟐 𝟗𝟎𝟓 𝟑𝟔𝟑𝟕 - 𝟎𝟑𝟓 𝟕𝟗𝟓 𝟎𝟎𝟓𝟔 ( 𝟗𝐡 -𝟐𝟐𝐡 )

🍀 Fanpage: Ly Store
https://www.facebook.com/lystorevn
🍀 Instagram: lystore_vnxk
https://www.instagram.com/ailie.official
🍀 Shopee: Ly Store
https://shopee.vn/lystore120

❌❌ QUY ĐỊNH ĐỔI HÀNG TẠI #LYSTORE
- Shop hỗ trợ đổi miễn phí với những sản phẩm bị lỗi do nhà sản xuất, giao sai mẫu,v.v , quý khách vui lòng báo shop trong vòng 24h kể từ khi nhận hàng.
- Shop chỉ hỗ trợ đổi size đối với sp có size, không đổi màu và mẫu
Nếu hết size, khách đổi sang màu khác cùng mẫu hoặc mẫu khác, tiền ship khách hàng phải chịu 2 chiều.
- Chỉ nhận đổi với những sp chưa qua sử dụng , còn đầy đủ tag.

📸HÌNH SẢN PHẨM THẬT DO SHOP TỰ CHỤP
Khách vui lòng ko hỏi ảnh thật nữa ạ! Màu sắc sp có thể đậm hoặc nhạt hơn ảnh do ánh sáng và độ phân giải màn hình.
Màu sắc chênh lệch ko đáng kể, shop ko nhận đổi trả hàng vì lí do màu sắc đậm, nhạt hơn ảnh.
CẢM ƠN KHÁCH IU ĐÃ ỦNG HỘ SHOP Ạ <3 ');
            
            INSERT INTO product_images (product_id, name, path) 
            VALUES (3783767373, 'SP_3783767373_1.jpg', 'images/products/9/SP_3783767373_1.jpg');
            
            INSERT INTO product_images (product_id, name, path) 
            VALUES (3783767373, 'SP_3783767373_2.jpg', 'images/products/9/SP_3783767373_2.jpg');
            
            INSERT INTO product_images (product_id, name, path) 
            VALUES (3783767373, 'SP_3783767373_3.jpg', 'images/products/9/SP_3783767373_3.jpg');
            
            INSERT INTO product_images (product_id, name, path) 
            VALUES (3783767373, 'SP_3783767373_4.jpg', 'images/products/9/SP_3783767373_4.jpg');
            
            INSERT INTO product_images (product_id, name, path) 
            VALUES (3783767373, 'SP_3783767373_5.jpg', 'images/products/9/SP_3783767373_5.jpg');
            
            INSERT INTO product_images (product_id, name, path) 
            VALUES (3783767373, 'SP_3783767373_6.jpg', 'images/products/9/SP_3783767373_6.jpg');
            
            INSERT INTO product_images (product_id, name, path) 
            VALUES (3783767373, 'SP_3783767373_7.jpg', 'images/products/9/SP_3783767373_7.jpg');
            
            INSERT INTO product_images (product_id, name, path) 
            VALUES (3783767373, 'SP_3783767373_8.jpg', 'images/products/9/SP_3783767373_8.jpg');
            
            INSERT INTO product_images (product_id, name, path) 
            VALUES (3783767373, 'SP_3783767373_9.jpg', 'images/products/9/SP_3783767373_9.jpg');
            
            INSERT INTO product_details (id, product_id, size, color, unique_search_id, quantity)
            VALUES (54466119452, 3783767373, 'L', 'XÁM', 'almx', 2);
            
            INSERT INTO product_details (id, product_id, size, color, unique_search_id, quantity)
            VALUES (54466119453, 3783767373, 'XL', 'XÁM', 'almxx', 0);
            
            INSERT INTO product_details (id, product_id, size, color, unique_search_id, quantity)
            VALUES (54466119454, 3783767373, 'S', 'DEN', 'dens', 4);
            
            INSERT INTO product_details (id, product_id, size, color, unique_search_id, quantity)
            VALUES (54466119455, 3783767373, 'M', 'DEN', 'demn', 4);
            
            INSERT INTO product_details (id, product_id, size, color, unique_search_id, quantity)
            VALUES (54466119456, 3783767373, 'L', 'DEN', 'deln', 2);
            
            INSERT INTO product_details (id, product_id, size, color, unique_search_id, quantity)
            VALUES (54466119457, 3783767373, 'XL', 'DEN', 'delnx', 0);
            
            INSERT INTO product_details (id, product_id, size, color, unique_search_id, quantity)
            VALUES (54466119458, 3783767373, 'S', 'XÁM', 'amsx', 5);
            
            INSERT INTO product_details (id, product_id, size, color, unique_search_id, quantity)
            VALUES (54466119459, 3783767373, 'M', 'XÁM', 'ammx', 4);
            
            INSERT INTO products (id, sku, name, slug, category_id, unit_price, sale_price, preview_image_name, preview_image_path, views, description)
            VALUES (4950412665, 'SP09006', 'Quần Short Nữ 3 Sọc Phối Màu Thun Unisex Gam Màu Pastel - Quần Short Đùi Sooc Thun 3 Line Color Leevin Store', 'quan-short-nu-3-soc-phoi-mau-thun-unisex-gam-mau-pastel-quan-short-dui-sooc-thun-3-line-color-leevin-store', 9, 79000, 138000, 'SP_4950412665_0.jpg', 'images/products/9/SP_4950412665_0.jpg', 16482, 'Quần Short Nữ 3 Sọc Phối Màu Thun Unisex Gam Màu Pastel - Quần Short Đùi Sooc Thun 3 Line Color Leevin Store

💯 Sản phẩm có kèm HÌNH THẬT nhé ạ 💯
🌈 CHAT NGAY với Shop để nhận thông tin KHUYẾN MẠI và FREE SHIP nhé ạ

✔️ Shop luôn kiểm tra lại sản phẩm cẩn thận trước khi đóng gói (Trường hợp bạn nhận được sản phẩm lỗi rất rất ít ạ, Nếu sản phẩm bị lỗi shop sẽ gửi ngay sản phẩm mới MIỄN PHÍ cho bạn ạ)

🌈 BẢNG SIZE
Size M: từ 40 - 49kg, Cao dưới 1m55
Size L: từ 50 - 55kg , Cao 1m55 - 1m60
Size XL: từ 56 - 65 kg, Cao : 1m60 – 1m70
Ngoài cân nặng và chiều cao, Bạn tham khảo thêm các số đo quần trong phần hình ảnh để lựa size chuẩn nhất ạ.
(CHAT NGAY với Shop để Shop tư vấn size cho bạn nhé)

✈ Quần Short 3 Sọc Phối Màu Unisex Nam Nữ
🍭 Chất liệu: Cotton thun dệt dày dặn, thấm hút mồ hôi, mặt vải mịn
🇰🇷 Quần dáng suông mềm mại được phối 3 sọc ở 2 bên, phối các màu cá tính
🌸 Mặt vải co dãn nên thoải mái vận động, thấm hút mồ hôi, thoáng mát
- Đường kim mũi chỉ cẩn thận, chắc chắn
- Sản phẩm cắt chỉ rất tỉ mỉ, gần như không có chỉ thừa
🥑 Shop luôn bỏ sản phẩm ra kiểm tra lại trước khi đóng gói (gần như rất rất ít đơn vị khác làm công đoạn này)
Nên sản phẩm bạn nhận được gần như không có lỗi
🌼 Hình chi tiết sản phẩm Shop tự chụp.
🌸 Shop đặt SX và bán tại KHO nên có giá cả tốt nhất và ưu đãi nhất ạ 😘

️🏅 Shop luôn đặt Chất Lượng Sản Phẩm và Dịch Vụ Khách Hàng làm ƯU TIÊN HÀNG ĐẦU
💯 Nếu nhận sản phẩm về bạn mặc không vừa, Shop hỗ trợ đổi size / đổi màu thoải mái ạ!
💯 Nếu Bạn không ưng Bạn được Trả lại sản phẩm, Shop hoàn lại tiền 100% ạ. Mọi chi phí trả lại shop sẽ chi trả ạ. (Bạn nhớ Inbox ngay cho shop nếu không ưng ý ạ)
💯 Dạ nếu như bạn nhận được sản phẩm lỗi, Shop luôn sẵn sàng gửi sản phẩm mới đổi lại cho bạn!
💯 Nếu shop giao nhầm sản phẩm, hoặc giao thiếu sản phẩm Bạn Inbox Ngay cho shop để shop giao sản phẩm đổi lại, hoặc shop giao bù sản phẩm mới hoặc Hoàn Tiền cho bạn Ngay ạ (Bạn nhớ quay lại video hoặc chụp hình đơn hàng trước khi khui gói hàng ạ)
💯Nếu cần hỗ trợ bất kì điều gì bạn hãy Inbox Ngay hoặc Gọi Ngay vào số Hotline của shop ạ! Shop luôn sẵn sàng hỗ trợ tối đa nhất khi có thể!

🏪 Leevin Store
☎️ Hotline: 0328.625.928
🛒 Shopee: leevin.store
--------------------------------------------
Quần Short Nữ 3 Sọc Phối Màu Thun Unisex Gam Màu Pastel - Quần Short Đùi Sooc Thun 3 Line Color Leevin Store
#leevin #leevinstore #unisex #streetstyle #streetwear #thoitrangunisex #quanaosunisex #quanshortunisex #quanshortheyyou #quanshortnam #quanduiunisex #quanduinam #quanduihinhthu #quanduinuunisex #quansoocnu #quansoocnam #quanlungnu');
            
            INSERT INTO product_images (product_id, name, path) 
            VALUES (4950412665, 'SP_4950412665_1.jpg', 'images/products/9/SP_4950412665_1.jpg');
            
            INSERT INTO product_images (product_id, name, path) 
            VALUES (4950412665, 'SP_4950412665_2.jpg', 'images/products/9/SP_4950412665_2.jpg');
            
            INSERT INTO product_images (product_id, name, path) 
            VALUES (4950412665, 'SP_4950412665_3.jpg', 'images/products/9/SP_4950412665_3.jpg');
            
            INSERT INTO product_images (product_id, name, path) 
            VALUES (4950412665, 'SP_4950412665_4.jpg', 'images/products/9/SP_4950412665_4.jpg');
            
            INSERT INTO product_images (product_id, name, path) 
            VALUES (4950412665, 'SP_4950412665_5.jpg', 'images/products/9/SP_4950412665_5.jpg');
            
            INSERT INTO product_images (product_id, name, path) 
            VALUES (4950412665, 'SP_4950412665_6.jpg', 'images/products/9/SP_4950412665_6.jpg');
            
            INSERT INTO product_images (product_id, name, path) 
            VALUES (4950412665, 'SP_4950412665_7.jpg', 'images/products/9/SP_4950412665_7.jpg');
            
            INSERT INTO product_images (product_id, name, path) 
            VALUES (4950412665, 'SP_4950412665_8.jpg', 'images/products/9/SP_4950412665_8.jpg');
            
            INSERT INTO product_images (product_id, name, path) 
            VALUES (4950412665, 'SP_4950412665_9.jpg', 'images/products/9/SP_4950412665_9.jpg');
            
            INSERT INTO product_details (id, product_id, size, color, unique_search_id, quantity)
            VALUES (21774436735, 4950412665, 'XL', 'Đen 3 Sọc Trắng', '   3acdeglnnorstx', 73);
            
            INSERT INTO product_details (id, product_id, size, color, unique_search_id, quantity)
            VALUES (21774436736, 4950412665, 'M', 'Đen 3 Sọc Trắng', '   3acdegmnnorst', 86);
            
            INSERT INTO product_details (id, product_id, size, color, unique_search_id, quantity)
            VALUES (21774436737, 4950412665, 'L', 'Đen 3 Sọc Trắng', '   3acdeglnnorst', 42);
            
            INSERT INTO product_details (id, product_id, size, color, unique_search_id, quantity)
            VALUES (21774436738, 4950412665, 'M', 'Trắng 3 Sọc NhiềuMàu', '   3aaceghimmnnorstuu', 122);
            
            INSERT INTO product_details (id, product_id, size, color, unique_search_id, quantity)
            VALUES (21774436739, 4950412665, 'L', 'Trắng 3 Sọc NhiềuMàu', '   3aaceghilmnnorstuu', 123);
            
            INSERT INTO product_details (id, product_id, size, color, unique_search_id, quantity)
            VALUES (21774436740, 4950412665, 'M', 'Đen 3 Sọc Nhiều Màu', '    3acdeehimmnnosuu', 85);
            
            INSERT INTO product_details (id, product_id, size, color, unique_search_id, quantity)
            VALUES (21774436741, 4950412665, 'L', 'Hồng 3 Sọc Trắng', '   3acgghlnnoorst', 0);
            
            INSERT INTO product_details (id, product_id, size, color, unique_search_id, quantity)
            VALUES (21774436742, 4950412665, 'XL', 'Hồng 3 Sọc Trắng', '   3acgghlnnoorstx', 0);
            
            INSERT INTO product_details (id, product_id, size, color, unique_search_id, quantity)
            VALUES (21774436743, 4950412665, 'M', 'Hồng 3 Sọc Nhiều Màu', '    3aceghhimmnnoosuu', 105);
            
            INSERT INTO product_details (id, product_id, size, color, unique_search_id, quantity)
            VALUES (21774436744, 4950412665, 'L', 'Hồng 3 Sọc Nhiều Màu', '    3aceghhilmnnoosuu', 109);
            
            INSERT INTO product_details (id, product_id, size, color, unique_search_id, quantity)
            VALUES (70859510580, 4950412665, 'L', 'Đen 3 Sọc Nhiều Màu', '    3acdeehilmnnosuu', 88);
            
            INSERT INTO product_details (id, product_id, size, color, unique_search_id, quantity)
            VALUES (70859510581, 4950412665, 'M', 'Hồng 3 Sọc Trắng', '   3acgghmnnoorst', 0);
            
            INSERT INTO product_details (id, product_id, size, color, unique_search_id, quantity)
            VALUES (70859510582, 4950412665, 'XL', 'Hồng 3 Sọc Nhiều Màu', '    3aceghhilmnnoosuux', 102);
            
            INSERT INTO product_details (id, product_id, size, color, unique_search_id, quantity)
            VALUES (70859510583, 4950412665, 'XL', 'Trắng 3 Sọc NhiềuMàu', '   3aaceghilmnnorstuux', 139);
            
            INSERT INTO product_details (id, product_id, size, color, unique_search_id, quantity)
            VALUES (70859510584, 4950412665, 'XL', 'Đen 3 Sọc Nhiều Màu', '    3acdeehilmnnosuux', 82);
            
            INSERT INTO products (id, sku, name, slug, category_id, unit_price, sale_price, preview_image_name, preview_image_path, views, description)
            VALUES (1800557145, 'SP09007', 'Quần Jogger Thun Gân AGE2X hàng VNXK chất lượng cao hàng xuất đi 3 miền nhiều năm liền với chất lượng 3 KHÔNG', 'quan-jogger-thun-gan-age2x-hang-vnxk-chat-luong-cao-hang-xuat-di-3-mien-nhieu-nam-lien-voi-chat-luong-3-khong', 9, 127500, 159000, 'SP_1800557145_0.jpg', 'images/products/9/SP_1800557145_0.jpg', 1632, 'QUẦN JOGGER THUN GÂN AGE2X
HÀNG #AGE2X khách yên tâm về chất lượng, hàng xuất đi 3 miền nhiều năm liền với chất lượng 3 không: 
(không độc hại, không ra màu, không mất phom khi giặt máy)

✔️Tên sản phẩm:  QUẦN JOGGER THUN GÂN AGE2X
✔️Chất liệu: 83% cotton, 10% spendex, 7% polyester
✔️Form: Unisex Chung cho cả Nam & Nữ
✔️Size: M<55kg, L<65kg, XL<75kg
✔️Màu sắc: 3 màu cơ bản Đen, Xám Đốm, Lính

KIỂU DÁNG NĂNG ĐỘNG CHO MỌI CÔ GÁI
(Về quần jogger bo gân AGE2X)
✔️QUẦN JOGGER THUN GÂN là sản phẩm với chất liệu bo gân co giãn nên luôn đem lại sự thoải mái, phong cách sport, năng động và tràn đầy sinh lực cho người mặc.
✔️Đường may chỉnh chu tệp màu chỉ , giúp người mặc tự tin hơn 
✔️2 túi xéo đựng được kha khá thứ lỉnh kỉnh 
✔️Mặc cùng áo Thun trơn , áo thun phom rộng , phối cùng giày sneaker , converse sẽ là gợi ý tốt nhất
✔️Chất thun BO GÂN với thành phần là đa phần sợi COTTON giúp tản nhiệt mồ hôi tốt
✔️Co giãn thoải mái nhưng chẳng làm mất phom khi giặt tay hay GIẶT MÁY.

CHẤT LIỆU MỀM, THOẢI MÁI KHI HOẠT ĐỘNG
✔️Vài dầy, mềm, co giãn và thấm hút mồ hội tốt.
✔️Chất liệu Vải Thun Bo Gân 
✔️Thoáng mát với (83% cotton)
✔️Co giãn tốt với (10% spendex)
✔️Bền vật lý cao với (7% polyester)

THÔNG SỐ NGƯỜI MẪU
✔️Chiều cao: 1m70
✔️Cân nặng: 60kg
✔️Mặc Quần Size: L<55KG

HƯỚNG DẪN CHỌN SIZE  NỮ
                             CHIỀU CAO    VÒNG MÔNG

✔️Size M<55kg     1,50-1,65m       80-94cm
✔️Size L<65kg      1,60-1,68m       85-98cm
✔️Size XL<75kg    1,65-1,73m       89-102cm

CHÍNH SÁCH HOÀN/TRẢ HÀNG:
✔️100% hàng chính hãng.
✔️Miễn phí ô trả hàng trong vòng 7 ngày.
✔️Màu sắc vải/ sản phẩm có thể sẽ chênh lệch thực tế một phần nhỏ, do ảnh hưởng về độ lệch màu của ánh sáng nhưng vẫn đảm bảo chất lượng.
✔️Cam kết 100% đổi Size nếu sản phẩm khách đặt không vừa.
✔️Shop hỗ trợ đổi sang sản phẩm khác cùng giá hoặc cao hơn nếu khách có nhu cầu đổi mẫu khác.

CÁCH THỨC MUA HÀNG:
✔️Ship COD > nhận hàng > Hài lòng > Giao tiền$
✔️Mua hàng trực tiếp:
112/47 Bùi Quang Là, P.12, Q.Gò Vấp,TPHCM
SĐT: (0944 673 446 có Zalo, Viber)

HƯỚNG DẪN SỬ DỤNG
✔️Giặt máy ở nhiệt độ thường.
✔️Không sử dụng hóa chất tẩy có chứa clo.
✔️Nên Phơi ở nơi có ánh nắng nhẹ hoặc trong bóng mát.
✔️Sấy khô, nhẹ nhàng.
✔️Là ủi ở nhiệt độ thấp 110 độ c.
✔️Giặt với sản phẩm cùng màu.

THÔNG TIN THƯƠNG HIỆU
✔️Sau hơn 10 năm có mặt tại Việt Nam, Sản phẩm mang thương hiệu AGE2X đã được nhiều thế hệ người Việt tin dùng. Với tiêu chuẩn nghiêm ngặt theo chuẩn hàng VNXK từ xơ sợi tới may và xử lý hoàn thiện.
✔️100% sản phẩm được chứng nhận bởi viện dệt may Việt Nam KHÔNG CHỨA FORMALDEHYDE gây hại cho da ,ảnh hưởng đến sức khỏe người dùng
✔️Với hệ thống cửa hàng và đại lý phân phối khắp toàn quốc, chúng tôi luôn mong muốn đem lại những sản phẩm, dịch vụ chất lượng nhất tới khách hàng.
✔️Sản phẩm được thiết kế, sản xuất và phân phối độc quyền bởi:
VELVET FASHION CO.,LTD
MST: 0313192973
112/47 Bùi Quang Là, P.12,Gò vấp, TPHCM');
            
            INSERT INTO product_images (product_id, name, path) 
            VALUES (1800557145, 'SP_1800557145_1.jpg', 'images/products/9/SP_1800557145_1.jpg');
            
            INSERT INTO product_images (product_id, name, path) 
            VALUES (1800557145, 'SP_1800557145_2.jpg', 'images/products/9/SP_1800557145_2.jpg');
            
            INSERT INTO product_images (product_id, name, path) 
            VALUES (1800557145, 'SP_1800557145_3.jpg', 'images/products/9/SP_1800557145_3.jpg');
            
            INSERT INTO product_images (product_id, name, path) 
            VALUES (1800557145, 'SP_1800557145_4.jpg', 'images/products/9/SP_1800557145_4.jpg');
            
            INSERT INTO product_images (product_id, name, path) 
            VALUES (1800557145, 'SP_1800557145_5.jpg', 'images/products/9/SP_1800557145_5.jpg');
            
            INSERT INTO product_images (product_id, name, path) 
            VALUES (1800557145, 'SP_1800557145_6.jpg', 'images/products/9/SP_1800557145_6.jpg');
            
            INSERT INTO product_images (product_id, name, path) 
            VALUES (1800557145, 'SP_1800557145_7.jpg', 'images/products/9/SP_1800557145_7.jpg');
            
            INSERT INTO product_images (product_id, name, path) 
            VALUES (1800557145, 'SP_1800557145_8.jpg', 'images/products/9/SP_1800557145_8.jpg');
            
            INSERT INTO product_images (product_id, name, path) 
            VALUES (1800557145, 'SP_1800557145_9.jpg', 'images/products/9/SP_1800557145_9.jpg');
            
            INSERT INTO product_details (id, product_id, size, color, unique_search_id, quantity)
            VALUES (16733557401, 1800557145, 'M', 'Đen', 'demn', 115);
            
            INSERT INTO product_details (id, product_id, size, color, unique_search_id, quantity)
            VALUES (16733557402, 1800557145, 'L', 'Đen', 'deln', 39);
            
            INSERT INTO product_details (id, product_id, size, color, unique_search_id, quantity)
            VALUES (16733557403, 1800557145, 'XL', 'Đen', 'delnx', 16);
            
            INSERT INTO product_details (id, product_id, size, color, unique_search_id, quantity)
            VALUES (16733557404, 1800557145, 'M', 'Xám Đốm', ' admmmox', 90);
            
            INSERT INTO product_details (id, product_id, size, color, unique_search_id, quantity)
            VALUES (16733557405, 1800557145, 'L', 'Xám Đốm', ' adlmmox', 45);
            
            INSERT INTO product_details (id, product_id, size, color, unique_search_id, quantity)
            VALUES (16733557406, 1800557145, 'XL', 'Xám Đốm', ' adlmmoxx', 8);
            
            INSERT INTO product_details (id, product_id, size, color, unique_search_id, quantity)
            VALUES (16733557407, 1800557145, 'M', 'Xanh Lính', ' ahhilmnnx', 0);
            
            INSERT INTO product_details (id, product_id, size, color, unique_search_id, quantity)
            VALUES (16733557408, 1800557145, 'L', 'Xanh Lính', ' ahhillnnx', 0);
            
            INSERT INTO product_details (id, product_id, size, color, unique_search_id, quantity)
            VALUES (16733557409, 1800557145, 'XL', 'Xanh Lính', ' ahhillnnxx', 0);
            
            INSERT INTO product_details (id, product_id, size, color, unique_search_id, quantity)
            VALUES (33555034276, 1800557145, 'L', 'Borip đen sọc trắng', '   abcdegilnnooprrst', 46);
            
            INSERT INTO product_details (id, product_id, size, color, unique_search_id, quantity)
            VALUES (33555034277, 1800557145, 'XL', 'Borip đen sọc trắng', '   abcdegilnnooprrstx', 0);
            
            INSERT INTO product_details (id, product_id, size, color, unique_search_id, quantity)
            VALUES (33555034278, 1800557145, 'M', 'Borip đen sọc trắng', '   abcdegimnnooprrst', 50);
            
            INSERT INTO products (id, sku, name, slug, category_id, unit_price, sale_price, preview_image_name, preview_image_path, views, description)
            VALUES (9802432291, 'SP09008', 'Quần short thun Unisex, quần đùi nam nữ cá tính QS24', 'quan-short-thun-unisex,-quan-dui-nam-nu-ca-tinh-qs24', 9, 79000, 100000, 'SP_9802432291_0.jpg', 'images/products/9/SP_9802432291_0.jpg', 25812, '
THÔNG TIN SẢN PHẨM :
-Tên sản phẩm: Quần short thun nam nữ unisex
-Xuất xứ: Việt Nam 
-Chất liệu: Thun cotton da cá DÀY MỀM MỊN MÁT không xù lông. Form chuẩn UNISEX cực đẹp.
-Size: 
+Size M: Lưng: 53cm - Dài: 45cm - Ống quần: 50cm (Dưới 1m60 - 50kg)
+Size L: Lưng: 60cm - Dài: 50cm - Ống quần: 58cm (Dưới 1m75 - 70kg)
Chú ý: Đây chỉ là thông số tham khảo mà khách shop hay chọn size. Shop đã cung cấp số đo chính xác của quần, bạn có thể tự do số đo bản thân để lựa chọn size dài ngắn vừa ý nhé.


Thời trang Unisex đang trở thành một phong cách thời trang được ưa chuộng bậc nhất trong làng thời trang.
Quần Áo Unisex là những loại trang phục, quần áo, phụ kiện - mà cả nam và nữ đều có thể mặc, chung 1 bộ size, các loại trang phục unisex thường có form rộng, chẳng hạn như áo thun unisex, quần short unisex, áo hoodie, sweater unisex…
Bạn nào thích phong cách unisex thì không thể bỏ qua quần short unisex. Quần short unisex thường là kiểu quần ống rộng và được trang trí thêm một số chi tiết như túi, khoá kéo, hoạ tiết,...
Kết hợp chúng với một chiếc áo thun tay lỡ unisex, áo thun tay dài sweater,... thì quả là một sự kết hợp tuyệt vời.
Vậy bạn đã có một chiếc quần short thun unisex trong tủ quần áo của mình chưa ? Nếu chưa thì mời bạn tham khảo sản phẩm của Yinxx - Xưởng thời trang unisex nhé!


Không phải bất cứ loại quần short thun unisex giá rẻ nào cũng có chất lượng kém. 
Yinxx kiểm soát chất lượng và sản xuất trực tiếp, không qua trung gian môi giới cùng với đó là sự nâng cao năng suất và những công nghệ dệt may hiện đại như Công nghệ Nhật Bản sẽ giúp giảm chi phí sản xuất, dẫn đến giá thành giảm. 
Do đó, trước khi quyết định lựa chọn phong cách unisex hãy tìm hiểu thật kĩ từng thương hiệu trên thị trường và lựa chọn cho mình một thương hiệu uy tín để đặt niềm tin của bạn.

Khách hàng có thể an tâm khi mua Quần áo Unisex tại Yinxx bởi:
+ Cam kết về chất lượng sản phẩm, Shop cam kết cả về CHẤT LIỆU cũng như HÌNH ẢNH (đúng với những gì được nêu bật trong phần mô tả sản phẩm).
+ Giá thời trang unisex cạnh tranh, thấp nhất thị trường và được bảo hành theo quy định với từng sản phẩm, được đổi trả hàng lỗi trong vòng 14 ngày kể từ khi mua hàng.
+ Yinxx - Xưởng thời trang unisex tại HCM và trên cả nước với các chính sách ưu đãi cực tốt.

#quan #short #soc #sot #nam #nu #quanshort #quanlung #quandui #quanshortthun #yinxx #quanshortnam #quanshortnu #quansoc #quansot #quansocnu #quansotnu

');
            
            INSERT INTO product_images (product_id, name, path) 
            VALUES (9802432291, 'SP_9802432291_1.jpg', 'images/products/9/SP_9802432291_1.jpg');
            
            INSERT INTO product_images (product_id, name, path) 
            VALUES (9802432291, 'SP_9802432291_2.jpg', 'images/products/9/SP_9802432291_2.jpg');
            
            INSERT INTO product_images (product_id, name, path) 
            VALUES (9802432291, 'SP_9802432291_3.jpg', 'images/products/9/SP_9802432291_3.jpg');
            
            INSERT INTO product_images (product_id, name, path) 
            VALUES (9802432291, 'SP_9802432291_4.jpg', 'images/products/9/SP_9802432291_4.jpg');
            
            INSERT INTO product_images (product_id, name, path) 
            VALUES (9802432291, 'SP_9802432291_5.jpg', 'images/products/9/SP_9802432291_5.jpg');
            
            INSERT INTO product_images (product_id, name, path) 
            VALUES (9802432291, 'SP_9802432291_6.jpg', 'images/products/9/SP_9802432291_6.jpg');
            
            INSERT INTO product_images (product_id, name, path) 
            VALUES (9802432291, 'SP_9802432291_7.jpg', 'images/products/9/SP_9802432291_7.jpg');
            
            INSERT INTO product_images (product_id, name, path) 
            VALUES (9802432291, 'SP_9802432291_8.jpg', 'images/products/9/SP_9802432291_8.jpg');
            
            INSERT INTO product_images (product_id, name, path) 
            VALUES (9802432291, 'SP_9802432291_9.jpg', 'images/products/9/SP_9802432291_9.jpg');
            
            INSERT INTO product_details (id, product_id, size, color, unique_search_id, quantity)
            VALUES (52312489924, 9802432291, 'M', 'Xám', 'ammx', 9995);
            
            INSERT INTO product_details (id, product_id, size, color, unique_search_id, quantity)
            VALUES (52312489925, 9802432291, 'L', 'Xám', 'almx', 9991);
            
            INSERT INTO product_details (id, product_id, size, color, unique_search_id, quantity)
            VALUES (52312489926, 9802432291, 'M', 'Đen', 'demn', 9955);
            
            INSERT INTO product_details (id, product_id, size, color, unique_search_id, quantity)
            VALUES (52312489927, 9802432291, 'L', 'Đen', 'deln', 9958);
            
            INSERT INTO products (id, sku, name, slug, category_id, unit_price, sale_price, preview_image_name, preview_image_path, views, description)
            VALUES (4844626160, 'SP09009', 'Quần Ống Suông Dáng Dài Hách Chân chất thun cotton - From to- có size,4 màu', 'quan-ong-suong-dang-dai-hach-chan-chat-thun-cotton-from-to-co-size,4-mau', 9, 100000, 200000, 'SP_4844626160_0.jpg', 'images/products/9/SP_4844626160_0.jpg', 77653, 'THÔNG TIN SẢN PHẨM : QUẦN ỐNG SUÔNG DÁNG DÀI HÁCH CHÂN FORM TO
+ Vải : thun da cá( tùy màu chất vải khác nhau)
+ Size: M L XL
Size M: dài 96cm, mông dưới 95 cm, đùi <56cm, eo từ 60cm trở lên, cao trên 1m6
Size L dài 98cm, mông dưới 100cm, đùi<58cm, eo từ 65cm trở lên, cao trên 1m65
Size XL: dài 100cm, mông chưa giãn 105cm, đùi < 60cm, eo từ 70cm trở lên, Cao 1m7 
=> LƯU Ý QUẦN TO VÀ DÀI
ẢNH THẬT CỦA SHOP CÓ TÊN BC08 SHOP

+ Màu: ĐEN - XÁM TRẮNG - TRẮNG - TÍM
Đường may tinh tế, sắc xảo.
+ Nam Nữ Couple đều mặc được.
+ Hàng lấy tận xưởng, không trung gian, nên giá rất sinh viên.
+ Giao hàng tận nơi. Nhận hàng rồi thanh toán.
+ Cam kết: Chất lượng và Mẫu mã Sản phẩm giống với hình ảnh như shop chụp.
+ Đổi hàng, Trả hàng/Hoàn tiền trong 24h nếu sản phẩm bị lỗi.
❌BC08 SHOP CAM KẾT ĐEM LẠI 💯
•TRẢI NGHIỆM TỐT NHẤT
•SỰ UY TÍN
•CHẤT LƯỢNG
•GIÁ RẺ
#quan #quannu #lungcao #quanthun #rach #quanrach #quanthethao #quanongsuong #quanrong #quannu #ongsuong #rong #quanongrong #quanlungcao #quanthethao #quanthun#quantron #quandai');
            
            INSERT INTO product_images (product_id, name, path) 
            VALUES (4844626160, 'SP_4844626160_1.jpg', 'images/products/9/SP_4844626160_1.jpg');
            
            INSERT INTO product_images (product_id, name, path) 
            VALUES (4844626160, 'SP_4844626160_2.jpg', 'images/products/9/SP_4844626160_2.jpg');
            
            INSERT INTO product_images (product_id, name, path) 
            VALUES (4844626160, 'SP_4844626160_3.jpg', 'images/products/9/SP_4844626160_3.jpg');
            
            INSERT INTO product_images (product_id, name, path) 
            VALUES (4844626160, 'SP_4844626160_4.jpg', 'images/products/9/SP_4844626160_4.jpg');
            
            INSERT INTO product_images (product_id, name, path) 
            VALUES (4844626160, 'SP_4844626160_5.jpg', 'images/products/9/SP_4844626160_5.jpg');
            
            INSERT INTO product_images (product_id, name, path) 
            VALUES (4844626160, 'SP_4844626160_6.jpg', 'images/products/9/SP_4844626160_6.jpg');
            
            INSERT INTO product_images (product_id, name, path) 
            VALUES (4844626160, 'SP_4844626160_7.jpg', 'images/products/9/SP_4844626160_7.jpg');
            
            INSERT INTO product_images (product_id, name, path) 
            VALUES (4844626160, 'SP_4844626160_8.jpg', 'images/products/9/SP_4844626160_8.jpg');
            
            INSERT INTO product_images (product_id, name, path) 
            VALUES (4844626160, 'SP_4844626160_9.jpg', 'images/products/9/SP_4844626160_9.jpg');
            
            INSERT INTO product_details (id, product_id, size, color, unique_search_id, quantity)
            VALUES (30474677225, 4844626160, 'XL', 'ĐEN', 'delnx', 0);
            
            INSERT INTO product_details (id, product_id, size, color, unique_search_id, quantity)
            VALUES (30474677226, 4844626160, 'M', 'TÍM', 'immt', 0);
            
            INSERT INTO product_details (id, product_id, size, color, unique_search_id, quantity)
            VALUES (30474677227, 4844626160, 'XL', 'TÍM', 'ilmtx', 0);
            
            INSERT INTO product_details (id, product_id, size, color, unique_search_id, quantity)
            VALUES (30474677228, 4844626160, 'M', 'TRẮNG', 'agmnrt', 7);
            
            INSERT INTO product_details (id, product_id, size, color, unique_search_id, quantity)
            VALUES (30474677229, 4844626160, 'XL', 'TRẮNG', 'aglnrtx', 42);
            
            INSERT INTO product_details (id, product_id, size, color, unique_search_id, quantity)
            VALUES (30474677230, 4844626160, 'M', 'XÁM', 'ammx', 7);
            
            INSERT INTO product_details (id, product_id, size, color, unique_search_id, quantity)
            VALUES (30474677231, 4844626160, 'M', 'ĐEN', 'demn', 0);
            
            INSERT INTO product_details (id, product_id, size, color, unique_search_id, quantity)
            VALUES (30474677232, 4844626160, 'L', 'ĐEN', 'deln', 0);
            
            INSERT INTO product_details (id, product_id, size, color, unique_search_id, quantity)
            VALUES (30474677233, 4844626160, 'L', 'XÁM', 'almx', 32);
            
            INSERT INTO product_details (id, product_id, size, color, unique_search_id, quantity)
            VALUES (30474677234, 4844626160, 'XL', 'XÁM', 'almxx', 30);
            
            INSERT INTO product_details (id, product_id, size, color, unique_search_id, quantity)
            VALUES (30474677235, 4844626160, 'L', 'TÍM', 'ilmt', 0);
            
            INSERT INTO product_details (id, product_id, size, color, unique_search_id, quantity)
            VALUES (30474677236, 4844626160, 'L', 'TRẮNG', 'aglnrt', 7);
            
            INSERT INTO products (id, sku, name, slug, category_id, unit_price, sale_price, preview_image_name, preview_image_path, views, description)
            VALUES (2673340484, 'SP09010', 'Quần thun suông Pradies', 'quan-thun-suong-pradies', 9, 300000, 320000, 'SP_2673340484_0.jpg', 'images/products/9/SP_2673340484_0.jpg', 5511, '🔥ITEM BEST-SELLER của Pradies nhen các cậu ơi! <3
PRADIES PANTS được thiết kế form suông xiu xinh, chất vải xịn xò. Mục đích cuối cùng của sản phẩm là HACK chân và mang lại cảm giác thoải mái nhất khi ra đường nè!!! Pradies Pants có 4 phối màu: đen/xám/tím/hồng tiện lợi cho các cậu MIxn Match nhen!!!


💎 Thông tin sản phẩm:
▫️Chất thun chân cua cotton (dày dặn, mềm mịn, thoáng mát chứ không nóng như nỉ, rất phù hợp khí hậu Việt Nam ạ)
▫️Size S / M 
▫️Form suông
▫️LOGO thêu

✅ Bảng size:
▫️Size S: dài 97cm, fit 40 - 54kg
▫️Size M: dài 98cm fit  54kg - 65kg

* Lưu ý: số đo phù hợp 90% khách hàng của Pradies. Các cậu nhắn tin để được tư vấn size chuẩn hơn hơn nhé! ❤️

Facebook.com/pradies.saigon
Instagram.com/pradies.sg

Add: 104 Trần Quang Diệu, phường 14, quận 3, TPHCM
Open daily: 10am - 10pm

#quanongsuong #quanongrong #culottes #quanthunongrong #quanthunsuong #quanbaggy #baggykaki #pradies #pradiespants

');
            
            INSERT INTO product_images (product_id, name, path) 
            VALUES (2673340484, 'SP_2673340484_1.jpg', 'images/products/9/SP_2673340484_1.jpg');
            
            INSERT INTO product_images (product_id, name, path) 
            VALUES (2673340484, 'SP_2673340484_2.jpg', 'images/products/9/SP_2673340484_2.jpg');
            
            INSERT INTO product_images (product_id, name, path) 
            VALUES (2673340484, 'SP_2673340484_3.jpg', 'images/products/9/SP_2673340484_3.jpg');
            
            INSERT INTO product_images (product_id, name, path) 
            VALUES (2673340484, 'SP_2673340484_4.jpg', 'images/products/9/SP_2673340484_4.jpg');
            
            INSERT INTO product_images (product_id, name, path) 
            VALUES (2673340484, 'SP_2673340484_5.jpg', 'images/products/9/SP_2673340484_5.jpg');
            
            INSERT INTO product_images (product_id, name, path) 
            VALUES (2673340484, 'SP_2673340484_6.jpg', 'images/products/9/SP_2673340484_6.jpg');
            
            INSERT INTO product_images (product_id, name, path) 
            VALUES (2673340484, 'SP_2673340484_7.jpg', 'images/products/9/SP_2673340484_7.jpg');
            
            INSERT INTO product_images (product_id, name, path) 
            VALUES (2673340484, 'SP_2673340484_8.jpg', 'images/products/9/SP_2673340484_8.jpg');
            
            INSERT INTO product_images (product_id, name, path) 
            VALUES (2673340484, 'SP_2673340484_9.jpg', 'images/products/9/SP_2673340484_9.jpg');
            
            INSERT INTO product_details (id, product_id, size, color, unique_search_id, quantity)
            VALUES (6237227553, 2673340484, 'S', 'Đen', 'dens', 0);
            
            INSERT INTO product_details (id, product_id, size, color, unique_search_id, quantity)
            VALUES (6237227554, 2673340484, 'M', 'Đen', 'demn', 0);
            
            INSERT INTO product_details (id, product_id, size, color, unique_search_id, quantity)
            VALUES (21999232976, 2673340484, 'S', 'Xám', 'amsx', 13);
            
            INSERT INTO product_details (id, product_id, size, color, unique_search_id, quantity)
            VALUES (21999232977, 2673340484, 'M', 'Xám', 'ammx', 0);
            
            INSERT INTO product_details (id, product_id, size, color, unique_search_id, quantity)
            VALUES (71765193608, 2673340484, 'S', 'Tím', 'imst', 14);
            
            INSERT INTO product_details (id, product_id, size, color, unique_search_id, quantity)
            VALUES (71765193609, 2673340484, 'M', 'Tím', 'immt', 0);
            
            INSERT INTO products (id, sku, name, slug, category_id, unit_price, sale_price, preview_image_name, preview_image_path, views, description)
            VALUES (3100382795, 'SP09011', 'Quần thun dài ống rộng in họa tiết phong cách năng động dành cho nữ', 'quan-thun-dai-ong-rong-in-hoa-tiet-phong-cach-nang-dong-danh-cho-nu', 9, 102680, 151000, 'SP_3100382795_0.jpg', 'images/products/9/SP_3100382795_0.jpg', 33, 'Features：
Style:Sports
Suitable age:18-24 years old
Thickness:Thin section
Length:Nine pants
Fit Type:Fit true to size
Pant Style:Pencil pants / feet pants
Suitable age:18-24 years old
Clothing style:Japan and South Korea

Size chart：
Size--------Length------------Waist---------------Hips
S-----35.83/91CM---23.62/60CM---39.37/100CM
M-----36.22/92CM---24.80/63CM---40.94/104CM
L-----36.61/93CM---25.98/66CM---42.52/108CM
XL----37.01/94CM---27.56/70CM---44.09/112CM
2XL---37.40/95CM---29.13/74CM---45.67/116CM

Package included：1*Pants');
            
            INSERT INTO product_images (product_id, name, path) 
            VALUES (3100382795, 'SP_3100382795_1.jpg', 'images/products/9/SP_3100382795_1.jpg');
            
            INSERT INTO product_images (product_id, name, path) 
            VALUES (3100382795, 'SP_3100382795_2.jpg', 'images/products/9/SP_3100382795_2.jpg');
            
            INSERT INTO product_images (product_id, name, path) 
            VALUES (3100382795, 'SP_3100382795_3.jpg', 'images/products/9/SP_3100382795_3.jpg');
            
            INSERT INTO product_images (product_id, name, path) 
            VALUES (3100382795, 'SP_3100382795_4.jpg', 'images/products/9/SP_3100382795_4.jpg');
            
            INSERT INTO product_images (product_id, name, path) 
            VALUES (3100382795, 'SP_3100382795_5.jpg', 'images/products/9/SP_3100382795_5.jpg');
            
            INSERT INTO product_images (product_id, name, path) 
            VALUES (3100382795, 'SP_3100382795_6.jpg', 'images/products/9/SP_3100382795_6.jpg');
            
            INSERT INTO product_images (product_id, name, path) 
            VALUES (3100382795, 'SP_3100382795_7.jpg', 'images/products/9/SP_3100382795_7.jpg');
            
            INSERT INTO product_images (product_id, name, path) 
            VALUES (3100382795, 'SP_3100382795_8.jpg', 'images/products/9/SP_3100382795_8.jpg');
            
            INSERT INTO product_images (product_id, name, path) 
            VALUES (3100382795, 'SP_3100382795_9.jpg', 'images/products/9/SP_3100382795_9.jpg');
            
            INSERT INTO product_details (id, product_id, size, color, unique_search_id, quantity)
            VALUES (7527871914, 3100382795, 'XL', 'black', 'abckllx', 999);
            
            INSERT INTO product_details (id, product_id, size, color, unique_search_id, quantity)
            VALUES (7527871915, 3100382795, 'L', 'blue', 'bellu', 998);
            
            INSERT INTO product_details (id, product_id, size, color, unique_search_id, quantity)
            VALUES (7527871916, 3100382795, '2XL', 'black', '2abckllx', 999);
            
            INSERT INTO product_details (id, product_id, size, color, unique_search_id, quantity)
            VALUES (7527871917, 3100382795, 'M', 'blue', 'belmu', 1000);
            
            INSERT INTO product_details (id, product_id, size, color, unique_search_id, quantity)
            VALUES (7527871918, 3100382795, 'S', 'black', 'abckls', 999);
            
            INSERT INTO product_details (id, product_id, size, color, unique_search_id, quantity)
            VALUES (7527871919, 3100382795, '2XL', 'blue', '2bellux', 997);
            
            INSERT INTO product_details (id, product_id, size, color, unique_search_id, quantity)
            VALUES (7527871920, 3100382795, 'M', 'black', 'abcklm', 1000);
            
            INSERT INTO product_details (id, product_id, size, color, unique_search_id, quantity)
            VALUES (7527871921, 3100382795, 'L', 'black', 'abckll', 998);
            
            INSERT INTO product_details (id, product_id, size, color, unique_search_id, quantity)
            VALUES (7527871922, 3100382795, 'S', 'blue', 'belsu', 0);
            
            INSERT INTO product_details (id, product_id, size, color, unique_search_id, quantity)
            VALUES (7527871923, 3100382795, 'XL', 'blue', 'bellux', 0);
            
            INSERT INTO products (id, sku, name, slug, category_id, unit_price, sale_price, preview_image_name, preview_image_path, views, description)
            VALUES (7981959212, 'SP09012', 'Quần Thể Thao Ống Rộng Phong Cách Hàn Quốc Nữ Tính', 'quan-the-thao-ong-rong-phong-cach-han-quoc-nu-tinh', 9, 168000, 336000, 'SP_7981959212_0.jpg', 'images/products/9/SP_7981959212_0.jpg', 126, '🌸All Are In Stock.
🚀Shipping time normally takes 7-12 days.
❤️#miao03.vn☜ ☜ Click here to have more nice same items❤.

Recommendation Weight  (This recomended weight is calculated at the height of 160cm）

M=40-50kg
L=50-57.5kg
XL = 57.5-65kg
2XL =65-72.5kg

●Unit: cm【 1 cm =  0.3937008 inch 】

M ：Length: 91          Hip: 94            Thigh ：58           Calf ：36       Foot mouth：26

L: Length: 92.5          Hip: 98             Thigh ：60          Calf ：37       Foot mouth：27.5

XL: Length: 94          Hip: 103           Thigh ：62           Calf ：38       Foot mouth:28

2XL: Length: 95.5     Hip: 107           Thigh ：64           Calf ：40        Foot mouth：29.5

🌹Note:
● Due to shooting light, the monitor is different，may be different from the picture.Please prevail in kind!
● The size is just for reference, there maybe exist a measurement error of 1-3cm, please check whether it fits your size before you buy it. 
● Hint for choosing proper size: Use similar clothing to compare with the size. 

Package included：
1*Pants#

#Women #Fashion #pants #Lady #Casual #Korean #formalwear #Trousers #highwaist #clothing #Widelegpants #sports shorts  #Summer #loose #running #Comfortable #Long Pants#');
            
            INSERT INTO product_images (product_id, name, path) 
            VALUES (7981959212, 'SP_7981959212_1.jpg', 'images/products/9/SP_7981959212_1.jpg');
            
            INSERT INTO product_images (product_id, name, path) 
            VALUES (7981959212, 'SP_7981959212_2.jpg', 'images/products/9/SP_7981959212_2.jpg');
            
            INSERT INTO product_images (product_id, name, path) 
            VALUES (7981959212, 'SP_7981959212_3.jpg', 'images/products/9/SP_7981959212_3.jpg');
            
            INSERT INTO product_images (product_id, name, path) 
            VALUES (7981959212, 'SP_7981959212_4.jpg', 'images/products/9/SP_7981959212_4.jpg');
            
            INSERT INTO product_images (product_id, name, path) 
            VALUES (7981959212, 'SP_7981959212_5.jpg', 'images/products/9/SP_7981959212_5.jpg');
            
            INSERT INTO product_details (id, product_id, size, color, unique_search_id, quantity)
            VALUES (54169411892, 7981959212, 'M', 'Black', 'abcklm', 999);
            
            INSERT INTO product_details (id, product_id, size, color, unique_search_id, quantity)
            VALUES (54169411893, 7981959212, 'L', 'White', 'ehiltw', 999);
            
            INSERT INTO product_details (id, product_id, size, color, unique_search_id, quantity)
            VALUES (54169411894, 7981959212, 'XL', 'Light gray', ' agghillrtxy', 999);
            
            INSERT INTO product_details (id, product_id, size, color, unique_search_id, quantity)
            VALUES (54169411895, 7981959212, 'L', 'Light gray', ' agghillrty', 999);
            
            INSERT INTO product_details (id, product_id, size, color, unique_search_id, quantity)
            VALUES (54169411896, 7981959212, 'XL', 'Black', 'abckllx', 998);
            
            INSERT INTO product_details (id, product_id, size, color, unique_search_id, quantity)
            VALUES (54169411897, 7981959212, 'M', 'White', 'ehimtw', 999);
            
            INSERT INTO product_details (id, product_id, size, color, unique_search_id, quantity)
            VALUES (54169411898, 7981959212, '2XL', 'Light gray', ' 2agghillrtxy', 999);
            
            INSERT INTO product_details (id, product_id, size, color, unique_search_id, quantity)
            VALUES (54169411899, 7981959212, '2XL', 'White', '2ehiltwx', 999);
            
            INSERT INTO product_details (id, product_id, size, color, unique_search_id, quantity)
            VALUES (54169411900, 7981959212, 'XL', 'White', 'ehiltwx', 999);
            
            INSERT INTO product_details (id, product_id, size, color, unique_search_id, quantity)
            VALUES (54169411901, 7981959212, 'M', 'Light gray', ' agghilmrty', 999);
            
            INSERT INTO product_details (id, product_id, size, color, unique_search_id, quantity)
            VALUES (54169411902, 7981959212, 'L', 'Black', 'abckll', 998);
            
            INSERT INTO product_details (id, product_id, size, color, unique_search_id, quantity)
            VALUES (54169411903, 7981959212, '2XL', 'Black', '2abckllx', 999);
            
            INSERT INTO products (id, sku, name, slug, category_id, unit_price, sale_price, preview_image_name, preview_image_path, views, description)
            VALUES (7648245309, 'SP09013', 'Quần dài, quần thun cotton,quần ống rộng  ZIZI trắng/đen/xám/tím/xanh neon- kèm hình thật-', 'quan-dai,-quan-thun-cotton,quan-ong-rong-zizi-trang/den/xam/tim/xanh-neon-kem-hinh-that-', 9, 129000, 149000, 'SP_7648245309_0.jpg', 'images/products/9/SP_7648245309_0.jpg', 4295, ' chuyển sỉ và lẻ tất cả các mặt hàng unisex
 
xin cam kết:
- Tất cả các sản phẩm bên shop đều đảm bảo như hình 
- Chất lượng sản phẩm tốt 100%
- Hoàn tiền ngay nếu như sản phẩm không giống mô tả
- Giao hàng toàn quốc, nhận hàng rồi mới thanh toán
- Sản phẩm luôn luôn có sẳn 

* Thông tin sản phẩm: áo thun , áo croptop, áo khoác, áo khoác dù,quần short thun, quần short kaki, áo thun trơn, áo thun tay lỡ, quần tây âu, quần baggy, quần culot v.v.v.......

Tất cả đều có 3 size ( inbox shop để được tư vấn cụ thể hơn)
-Size M: Dưới 55kg ~ Cao dưới 1m60
-Size L: từ 56-65kg ~ Cao 1m61-1m70
[*Lưu ý: Bảng size mang tính chất tham khảo tương đối, phù hợp với 90% khách hàng khi mua hàng tại shop]

-  Các sản phẩm áo thun , áo croptop, áo khoác, áo khoác dù,quần short thun, quần short kaki, áo thun trơn, áo thun tay lỡ, quần tây âu, quần baggy, quần culot v.v.v....... bên shop nam nữ đều mặc được


ĐT/zalo :0964505965 hotline 0901865222');
            
            INSERT INTO product_images (product_id, name, path) 
            VALUES (7648245309, 'SP_7648245309_1.jpg', 'images/products/9/SP_7648245309_1.jpg');
            
            INSERT INTO product_images (product_id, name, path) 
            VALUES (7648245309, 'SP_7648245309_2.jpg', 'images/products/9/SP_7648245309_2.jpg');
            
            INSERT INTO product_images (product_id, name, path) 
            VALUES (7648245309, 'SP_7648245309_3.jpg', 'images/products/9/SP_7648245309_3.jpg');
            
            INSERT INTO product_images (product_id, name, path) 
            VALUES (7648245309, 'SP_7648245309_4.jpg', 'images/products/9/SP_7648245309_4.jpg');
            
            INSERT INTO product_images (product_id, name, path) 
            VALUES (7648245309, 'SP_7648245309_5.jpg', 'images/products/9/SP_7648245309_5.jpg');
            
            INSERT INTO product_images (product_id, name, path) 
            VALUES (7648245309, 'SP_7648245309_6.jpg', 'images/products/9/SP_7648245309_6.jpg');
            
            INSERT INTO product_images (product_id, name, path) 
            VALUES (7648245309, 'SP_7648245309_7.jpg', 'images/products/9/SP_7648245309_7.jpg');
            
            INSERT INTO product_details (id, product_id, size, color, unique_search_id, quantity)
            VALUES (60718793848, 7648245309, 'L', 'Xanh Neon', ' aehlnnnox', 0);
            
            INSERT INTO product_details (id, product_id, size, color, unique_search_id, quantity)
            VALUES (60718793849, 7648245309, 'M', 'Xám', 'ammx', 10);
            
            INSERT INTO product_details (id, product_id, size, color, unique_search_id, quantity)
            VALUES (60718793850, 7648245309, 'L', 'Đen', 'deln', 0);
            
            INSERT INTO product_details (id, product_id, size, color, unique_search_id, quantity)
            VALUES (60718793851, 7648245309, 'L', 'Xám', 'almx', 10);
            
            INSERT INTO product_details (id, product_id, size, color, unique_search_id, quantity)
            VALUES (60718793852, 7648245309, 'L', 'Trằng', 'aglnrt', 0);
            
            INSERT INTO product_details (id, product_id, size, color, unique_search_id, quantity)
            VALUES (60718793853, 7648245309, 'M', 'Xanh Neon', ' aehmnnnox', 0);
            
            INSERT INTO product_details (id, product_id, size, color, unique_search_id, quantity)
            VALUES (60718793854, 7648245309, 'M', 'Trằng', 'agmnrt', 0);
            
            INSERT INTO product_details (id, product_id, size, color, unique_search_id, quantity)
            VALUES (60718793855, 7648245309, 'L', 'Tím', 'ilmt', 0);
            
            INSERT INTO product_details (id, product_id, size, color, unique_search_id, quantity)
            VALUES (60718793856, 7648245309, 'M', 'Tím', 'immt', 0);
            
            INSERT INTO product_details (id, product_id, size, color, unique_search_id, quantity)
            VALUES (60718793857, 7648245309, 'M', 'Đen', 'demn', 1);
            
            INSERT INTO products (id, sku, name, slug, category_id, unit_price, sale_price, preview_image_name, preview_image_path, views, description)
            VALUES (4550916526, 'SP09014', 'Quần Thun da cá dáng ống suông, ống rộng thiết kế basic chun co giãn, -QDC-', 'quan-thun-da-ca-dang-ong-suong,-ong-rong-thiet-ke-basic-chun-co-gian,-qdc-', 9, 109000, 159000, 'SP_4550916526_0.jpg', 'images/products/9/SP_4550916526_0.jpg', 10537, 'HÀNG BÊN EM ĐANG TIẾP TỤC BỔ SUNG SIZE THIẾU! CÁC CHỊ HẾT SIZE CÓ THỂ NHẮN TIN CHO EM , HÀNG VỀ EM BÁO CÁC CHỊ NHÉ
Chào Thu đông #2020 GIÁ 
Mẫu quần ống rộng #cuchot, quần ống suông thiết kế trẻ trung năng động
đi học đi chơi ở nhà đều thoải mái
----------------------------------------------------------
Quần có 4 màu:: xanh rêu, đen, xám, hồng
Fullsize : 40-75 cân
S : 40-47 M: 48-53 L: 54-59 XL: 60-65 2xl : 65-70 3xL : 70-75
Chất liệu: Vải thun da cá loại 1, dày dặn, co giãn thoải mái, không bai không xù, CO GIÃN TỐT
------------------------------------------------------------
🔷 HƯỚNG DẪN CÁCH ĐẶT HÀNG:
- Cách chọn Size: Shop đã phân bảng Size, bảng Màu. Bạn nên Inbox Shop, cung cấp Chiều cao và Cân nặng để shop tư vấn cho phù hợp!
- Cách đặt hàng qua Shopee: Nếu mua 1 sản phẩm thì bạn chọn Màu rồi ấn MUA HÀNG. Nếu bạn muốn mua 2-3 Sản phẩm khác nhau hoặc 2-3 màu khác nhau 
+ Bạn chọn từng Sản phẩm rồi thêm vào Giỏ hàng.
+ Khi Giỏ Hàng đã có đầy đủ các Sản phẩm cần Mua, bạn mới tiến hành Thanh toán.

🛑 LƯU Ý:
♦️ Quý Khách vui lòng đọc kỹ Thông Tin Sản Phẩm trước khi đặt hàng, tránh đặt rồi hủy hàng nhé, hoặc có hủy thì hủy sớm trước khi đơn hàng đưa vận chuyển nhé. Vì sau khi đặt hàng, hàng sẽ được Shop gói và gửi đi liền trong ngày hoặc ngày hôm sau. Vì thế việc hủy hàng sẽ gây nhiều khó khăn cho Shop. Rất mong Quý Khách cảm thông và đắn đo giúp Shop!!!
♦️ Theo quy định của Shopee Khách hàng sẽ KHÔNG ĐƯỢC XEM HÀNG trước khi thanh toán nhưng được đổi trả sau 24h nếu sản phẩm bị lỗi tính từ thời điểm nhận được hàng. Hãy chắc chắn nhận hàng và để thông tin chính xác khi ấn Mua hàng tránh trường hợp giao đi rồi lại quay về.

#quanthundaca #quanongrong #quanongsuong # quandai #quanthudong');
            
            INSERT INTO product_images (product_id, name, path) 
            VALUES (4550916526, 'SP_4550916526_1.jpg', 'images/products/9/SP_4550916526_1.jpg');
            
            INSERT INTO product_images (product_id, name, path) 
            VALUES (4550916526, 'SP_4550916526_2.jpg', 'images/products/9/SP_4550916526_2.jpg');
            
            INSERT INTO product_images (product_id, name, path) 
            VALUES (4550916526, 'SP_4550916526_3.jpg', 'images/products/9/SP_4550916526_3.jpg');
            
            INSERT INTO product_images (product_id, name, path) 
            VALUES (4550916526, 'SP_4550916526_4.jpg', 'images/products/9/SP_4550916526_4.jpg');
            
            INSERT INTO product_images (product_id, name, path) 
            VALUES (4550916526, 'SP_4550916526_5.jpg', 'images/products/9/SP_4550916526_5.jpg');
            
            INSERT INTO product_images (product_id, name, path) 
            VALUES (4550916526, 'SP_4550916526_6.jpg', 'images/products/9/SP_4550916526_6.jpg');
            
            INSERT INTO product_images (product_id, name, path) 
            VALUES (4550916526, 'SP_4550916526_7.jpg', 'images/products/9/SP_4550916526_7.jpg');
            
            INSERT INTO product_images (product_id, name, path) 
            VALUES (4550916526, 'SP_4550916526_8.jpg', 'images/products/9/SP_4550916526_8.jpg');
            
            INSERT INTO product_details (id, product_id, size, color, unique_search_id, quantity)
            VALUES (30893034857, 4550916526, 'L', 'Đen', 'deln', 0);
            
            INSERT INTO product_details (id, product_id, size, color, unique_search_id, quantity)
            VALUES (30893034858, 4550916526, 'XL', 'Xám', 'almxx', 15);
            
            INSERT INTO product_details (id, product_id, size, color, unique_search_id, quantity)
            VALUES (30893034859, 4550916526, '3Xl', 'Rêu', '3elrux', 0);
            
            INSERT INTO product_details (id, product_id, size, color, unique_search_id, quantity)
            VALUES (30893034860, 4550916526, '2XL', 'Hồng', '2ghlnox', 0);
            
            INSERT INTO product_details (id, product_id, size, color, unique_search_id, quantity)
            VALUES (30893034861, 4550916526, 'XL', 'Đen', 'delnx', 0);
            
            INSERT INTO product_details (id, product_id, size, color, unique_search_id, quantity)
            VALUES (30893034862, 4550916526, 'M', 'Xám', 'ammx', 5);
            
            INSERT INTO product_details (id, product_id, size, color, unique_search_id, quantity)
            VALUES (30893034863, 4550916526, '3Xl', 'Xám', '3almxx', 7);
            
            INSERT INTO product_details (id, product_id, size, color, unique_search_id, quantity)
            VALUES (30893034864, 4550916526, '3Xl', 'Đen', '3delnx', 7);
            
            INSERT INTO product_details (id, product_id, size, color, unique_search_id, quantity)
            VALUES (30893034865, 4550916526, 'S', 'Rêu', 'ersu', 0);
            
            INSERT INTO product_details (id, product_id, size, color, unique_search_id, quantity)
            VALUES (30893034866, 4550916526, 'L', 'Rêu', 'elru', 1);
            
            INSERT INTO product_details (id, product_id, size, color, unique_search_id, quantity)
            VALUES (30893034867, 4550916526, 'XL', 'Rêu', 'elrux', 1);
            
            INSERT INTO product_details (id, product_id, size, color, unique_search_id, quantity)
            VALUES (30893034868, 4550916526, '2XL', 'Rêu', '2elrux', 0);
            
            INSERT INTO product_details (id, product_id, size, color, unique_search_id, quantity)
            VALUES (30893034869, 4550916526, 'S', 'Đen', 'dens', 0);
            
            INSERT INTO product_details (id, product_id, size, color, unique_search_id, quantity)
            VALUES (30893034870, 4550916526, 'M', 'Đen', 'demn', 0);
            
            INSERT INTO product_details (id, product_id, size, color, unique_search_id, quantity)
            VALUES (30893034871, 4550916526, '2XL', 'Đen', '2delnx', 0);
            
            INSERT INTO product_details (id, product_id, size, color, unique_search_id, quantity)
            VALUES (30893034872, 4550916526, 'S', 'Hồng', 'ghnos', 0);
            
            INSERT INTO product_details (id, product_id, size, color, unique_search_id, quantity)
            VALUES (30893034873, 4550916526, 'M', 'Hồng', 'ghmno', 0);
            
            INSERT INTO product_details (id, product_id, size, color, unique_search_id, quantity)
            VALUES (30893034874, 4550916526, 'L', 'Hồng', 'ghlno', 1);
            
            INSERT INTO product_details (id, product_id, size, color, unique_search_id, quantity)
            VALUES (30893034875, 4550916526, 'M', 'Rêu', 'emru', 0);
            
            INSERT INTO product_details (id, product_id, size, color, unique_search_id, quantity)
            VALUES (40893034775, 4550916526, 'XL', 'Hồng', 'ghlnox', 1);
            
            INSERT INTO product_details (id, product_id, size, color, unique_search_id, quantity)
            VALUES (40893034776, 4550916526, '3Xl', 'Hồng', '3ghlnox', 0);
            
            INSERT INTO product_details (id, product_id, size, color, unique_search_id, quantity)
            VALUES (40893034777, 4550916526, 'S', 'Xám', 'amsx', 5);
            
            INSERT INTO product_details (id, product_id, size, color, unique_search_id, quantity)
            VALUES (40893034778, 4550916526, 'L', 'Xám', 'almx', 1);
            
            INSERT INTO product_details (id, product_id, size, color, unique_search_id, quantity)
            VALUES (40893034779, 4550916526, '2XL', 'Xám', '2almxx', 18);
            