
            INSERT INTO products (id, sku, name, slug, category_id, unit_price, sale_price, preview_image_name, preview_image_path, views, description)
            VALUES (7842548995, 'SP04001', 'Áo sơ mi nữ 🔺FREESHIP🔺 Áo Sơ Mi Phủ Nhung KUPI Shirt Ulzzang ❤️', 'ao-so-mi-nu-🔺freeship🔺-ao-so-mi-phu-nhung-kupi-shirt-ulzzang-❤️', 4, 145000, 165000, 'SP_7842548995_0.jpg', 'images/products/4/SP_7842548995_0.jpg', 32382, 'N E W  I T E M 🤎
◽ Sơ mi phủ nhung KUPI - form lên dáng suông, vải dày dặn cực xinh, tone màu vintage duyên dáng dễ phối đồ, form áo rộng rãi thích hợp cho các bạn thích mặc freesize xinh cực ạ! 🥰🥰
👉 Hàng có sẵn đủ 3 size 40 - 80kg.
 ➖➖➖➖➖➖➖➖➖➖➖
✔️Bảng size :
👉 Size M : Dưới 1m65 - 55kg
👉 Size L. : Dưới 1m75 - 65kg
👉 Size XL: Dưới 1m85 - 80kg
➖➖➖➖➖➖➖➖➖➖➖
✍✍✍SHOP CAM KẾT :
✔️ Giao hàng trong thời gian nhanh nhất 
✔️ Hàng Chính Hãng - Giá Tốt
✔️ Giao hàng tận NHÀ- Ship 100% trên toàn Quốc
✔️ Luôn có đội ngũ trực tin nhắn Tư vấn, chăm sóc và giải đáp thắc mắc - HOÀN TOÀN MIỄN PHÍ
✔️ CAM KẾT được đổi trả khi : - Shop giao sai mẫu, sai màu - Sản phẩm bị lỗi - Gửi thiếu hàng [ Trường hợp như vậy vui lòng ib shop để giải quyết nha chớ vội nóng đánh giá shop ] 
👉 Tiêu chí làm việc của chúng tôi : uy tín.thân thiện .
⭕ NHẬN khuyến mãi hấp dẫn với mỗi lần mua hàng khác nhau.');
            
            INSERT INTO product_images (product_id, name, path) 
            VALUES (7842548995, 'SP_7842548995_1.jpg', 'images/products/4/SP_7842548995_1.jpg');
            
            INSERT INTO product_images (product_id, name, path) 
            VALUES (7842548995, 'SP_7842548995_2.jpg', 'images/products/4/SP_7842548995_2.jpg');
            
            INSERT INTO product_images (product_id, name, path) 
            VALUES (7842548995, 'SP_7842548995_3.jpg', 'images/products/4/SP_7842548995_3.jpg');
            
            INSERT INTO product_images (product_id, name, path) 
            VALUES (7842548995, 'SP_7842548995_4.jpg', 'images/products/4/SP_7842548995_4.jpg');
            
            INSERT INTO product_images (product_id, name, path) 
            VALUES (7842548995, 'SP_7842548995_5.jpg', 'images/products/4/SP_7842548995_5.jpg');
            
            INSERT INTO product_images (product_id, name, path) 
            VALUES (7842548995, 'SP_7842548995_6.jpg', 'images/products/4/SP_7842548995_6.jpg');
            
            INSERT INTO product_images (product_id, name, path) 
            VALUES (7842548995, 'SP_7842548995_7.jpg', 'images/products/4/SP_7842548995_7.jpg');
            
            INSERT INTO product_images (product_id, name, path) 
            VALUES (7842548995, 'SP_7842548995_8.jpg', 'images/products/4/SP_7842548995_8.jpg');
            
            INSERT INTO product_details (id, product_id, size, color, unique_search_id, quantity)
            VALUES (60318023079, 7842548995, 'Size L', 'ĐEN', ' deeilnsz', 4);
            
            INSERT INTO product_details (id, product_id, size, color, unique_search_id, quantity)
            VALUES (60318023080, 7842548995, 'Size XL', 'ĐEN', ' deeilnsxz', 3);
            
            INSERT INTO product_details (id, product_id, size, color, unique_search_id, quantity)
            VALUES (60318023081, 7842548995, 'Size L', 'TRẮNG', ' aegilnrstz', 9);
            
            INSERT INTO product_details (id, product_id, size, color, unique_search_id, quantity)
            VALUES (60318023082, 7842548995, 'Size XL', 'TRẮNG', ' aegilnrstxz', 6);
            
            INSERT INTO product_details (id, product_id, size, color, unique_search_id, quantity)
            VALUES (60318023083, 7842548995, 'Size M', 'HỒNG', ' eghimnosz', 14);
            
            INSERT INTO product_details (id, product_id, size, color, unique_search_id, quantity)
            VALUES (60318023084, 7842548995, 'Size L', 'HỒNG', ' eghilnosz', 8);
            
            INSERT INTO product_details (id, product_id, size, color, unique_search_id, quantity)
            VALUES (60318023085, 7842548995, 'Size XL', 'HỒNG', ' eghilnosxz', 14);
            
            INSERT INTO product_details (id, product_id, size, color, unique_search_id, quantity)
            VALUES (60318023086, 7842548995, 'Size XL', 'XANH', ' aehilnsxxz', 0);
            
            INSERT INTO product_details (id, product_id, size, color, unique_search_id, quantity)
            VALUES (60318023087, 7842548995, 'Size M', 'TRẮNG', ' aegimnrstz', 10);
            
            INSERT INTO product_details (id, product_id, size, color, unique_search_id, quantity)
            VALUES (60318023088, 7842548995, 'Size L', 'XANH', ' aehilnsxz', 0);
            
            INSERT INTO product_details (id, product_id, size, color, unique_search_id, quantity)
            VALUES (60318023089, 7842548995, 'Size M', 'XANH', ' aehimnsxz', 0);
            
            INSERT INTO product_details (id, product_id, size, color, unique_search_id, quantity)
            VALUES (60318023090, 7842548995, 'Size M', 'ĐEN', ' deeimnsz', 1);
            
            INSERT INTO products (id, sku, name, slug, category_id, unit_price, sale_price, preview_image_name, preview_image_path, views, description)
            VALUES (5717409784, 'SP04002', 'ROMI - HÌNH THẬT - ÁO SƠ MI CÔNG SỞ KIỂU ÁO SƠ MI HÀN QUỐC TAY LỠ KÈM PHÙ KIỆN ÁO KIỂU NỮ 3099 3084', 'romi-hinh-that-ao-so-mi-cong-so-kieu-ao-so-mi-han-quoc-tay-lo-kem-phu-kien-ao-kieu-nu-3099-3084', 4, 107400, 189000, 'SP_5717409784_0.jpg', 'images/products/4/SP_5717409784_0.jpg', 980, '     ROMI - HÌNH THẬT - ÁO SƠ MI CÔNG SỞ KIỂU ÁO SƠ MI HÀN QUỐC TAY LỠ KÈM PHÙ KIỆN ROMI 3099
CHẤT LIỆU: TƠ NHUNG, CO GIÃN TỐT
•XUẤT XỨ: VIỆT NAM
•SIZE: L, XL
•MÀU: TRẮNG, VÀNG, ĐEN
THÔNG TIN NGƯỜI MẶC: 
•SIZE L: V1: 86-90 cm - V2: 68-72 cm. Thích hợp cho người từ 48- 55kg tùy theo chiều cao
•SIZE XL: V1: 90-94 cm - V2:72-76 cm. Thích hợp cho người từ 56– 63kg tùy theo chiều cao
THÔNG SỐ Áo:
•Size L: ngực : 92cm, eo 94 cm - Chiều dài tay 27 cm - Chiều dài áo 56 cm 
•Size XL: ngực : 96cm, eo 98 cm - Chiều dài tay 28 cm - Chiều dài áo 57 cm

•Áo sơ mi công sở Thiết kế dáng áo tay lỡ cài nút, cổ v xếp ly vai áo, kèm phụ kiện, chất liệu tơ nhung co giãn tốt, không bị xù lông
•Áo công sở nữ tính mặc thoải mái và tôn dáng, 
•Chất liệu vải vừa phải không mỏng cũng không dày nên phù hợp với thời tiết của việt nam
•Thiết kế áo kiểu nữ không dây kéo chui đầu mặc, được may sắc xảo, sắc nén rất đẹp
•THƯƠNG HIỆU ROMI – ĐẢM BẢO CHẤT LƯỢNG
•Chất liệu: Áo tơ nhung
•Màu sắc: Trắng, Đen, Vàng
•Mục đích: Công sở, Đi chơi, Dạo phố, Dự tiệc.
•Sản phẩm gồm 1 áo có size L 48-55kg, XL 56-63kg
Hãy chọn cho mình 1 chiếc áo trẻ trung công sở chất liệu mềm mịn này, áo sơ mi công sở cao cấp luôn làm các chị hài lòng!
•  Shop CAM KẾT bán đúng giá, CHẤT LƯỢNG như quảng cáo, ĐỪNG SO SÁNH VỚI HÀNG KÉM CHẤT LƯỢNG NHÉ KHÁCH
- Những KHÁCH HÀNG thông thái hãy chat với Shop để tư vấn kỹ về Sản Phẩm trước khi mua 
- Shop không ngại chụp hình sản phẩm theo yêu cầu của QUÝ KHÁCH để QUÝ KHÁCH sẽ hài lòng khi mua hàng và nhận sản phẩm tại shop
- Shop hỗ trợ đổi trả hàng trong vòng 07 ngày kể từ khi nhận hàng 
----------------------------
#AOSOMICONGSO, #AOSOMIPHOINUT, #AOSOMIDAOPHO, #AOKIEUDAOPHO, #AOSOMIHANQUOC, #AOKIEUHANQUOC, #AOSOMITAYLO
#aosomi #sominu #somicovien #somidep #somihot #somicov #somitrang
');
            
            INSERT INTO product_images (product_id, name, path) 
            VALUES (5717409784, 'SP_5717409784_1.jpg', 'images/products/4/SP_5717409784_1.jpg');
            
            INSERT INTO product_images (product_id, name, path) 
            VALUES (5717409784, 'SP_5717409784_2.jpg', 'images/products/4/SP_5717409784_2.jpg');
            
            INSERT INTO product_images (product_id, name, path) 
            VALUES (5717409784, 'SP_5717409784_3.jpg', 'images/products/4/SP_5717409784_3.jpg');
            
            INSERT INTO product_images (product_id, name, path) 
            VALUES (5717409784, 'SP_5717409784_4.jpg', 'images/products/4/SP_5717409784_4.jpg');
            
            INSERT INTO product_images (product_id, name, path) 
            VALUES (5717409784, 'SP_5717409784_5.jpg', 'images/products/4/SP_5717409784_5.jpg');
            
            INSERT INTO product_images (product_id, name, path) 
            VALUES (5717409784, 'SP_5717409784_6.jpg', 'images/products/4/SP_5717409784_6.jpg');
            
            INSERT INTO product_images (product_id, name, path) 
            VALUES (5717409784, 'SP_5717409784_7.jpg', 'images/products/4/SP_5717409784_7.jpg');
            
            INSERT INTO product_images (product_id, name, path) 
            VALUES (5717409784, 'SP_5717409784_8.jpg', 'images/products/4/SP_5717409784_8.jpg');
            
            INSERT INTO product_images (product_id, name, path) 
            VALUES (5717409784, 'SP_5717409784_9.jpg', 'images/products/4/SP_5717409784_9.jpg');
            
            INSERT INTO product_details (id, product_id, size, color, unique_search_id, quantity)
            VALUES (13672723388, 5717409784, 'L 45-55KG', 'VÀNG 3099', '  -03455599aggklnv', 100);
            
            INSERT INTO product_details (id, product_id, size, color, unique_search_id, quantity)
            VALUES (13672723389, 5717409784, 'XL 56-63KG', 'VÀNG 3099', '  -03356699aggklnvx', 100);
            
            INSERT INTO product_details (id, product_id, size, color, unique_search_id, quantity)
            VALUES (13672723390, 5717409784, 'L 45-55KG', 'TRẮNG KEM 3099', '   -03455599aeggkklmnrt', 100);
            
            INSERT INTO product_details (id, product_id, size, color, unique_search_id, quantity)
            VALUES (13672723391, 5717409784, 'XL 56-63KG', 'TRẮNG KEM 3099', '   -03356699aeggkklmnrtx', 100);
            
            INSERT INTO product_details (id, product_id, size, color, unique_search_id, quantity)
            VALUES (13672723392, 5717409784, 'L 45-55KG', 'ĐEN -3099', '  --03455599degkln', 99);
            
            INSERT INTO product_details (id, product_id, size, color, unique_search_id, quantity)
            VALUES (13672723393, 5717409784, 'XL 56-63KG', 'ĐEN -3099', '  --03356699degklnx', 99);
            
            INSERT INTO product_details (id, product_id, size, color, unique_search_id, quantity)
            VALUES (44818445016, 5717409784, 'L 45-55KG', 'VÀNG - TAY LẬT 3084', '     --03445558aaaggkllnttvy', 100);
            
            INSERT INTO product_details (id, product_id, size, color, unique_search_id, quantity)
            VALUES (44818445017, 5717409784, 'L 45-55KG', 'HỒNG - TAY LẬT 3084', '     --03445558aagghkllnotty', 98);
            
            INSERT INTO product_details (id, product_id, size, color, unique_search_id, quantity)
            VALUES (44818445018, 5717409784, 'XL 56-63KG', 'HỒNG - TAY LẬT 3084', '     --03345668aagghkllnottxy', 98);
            
            INSERT INTO product_details (id, product_id, size, color, unique_search_id, quantity)
            VALUES (44818445019, 5717409784, 'L 45-55KG', 'ĐỎ - TAY LẬT 3084', '     --03445558aadgkllotty', 100);
            
            INSERT INTO product_details (id, product_id, size, color, unique_search_id, quantity)
            VALUES (44818445020, 5717409784, 'XL 56-63KG', 'ĐỎ - TAY LẬT 3084', '     --03345668aadgkllottxy', 100);
            
            INSERT INTO product_details (id, product_id, size, color, unique_search_id, quantity)
            VALUES (44818445021, 5717409784, 'XL 56-63KG', 'VÀNG - TAY LẬT 3084', '     --03345668aaaggkllnttvxy', 100);
            
            INSERT INTO product_details (id, product_id, size, color, unique_search_id, quantity)
            VALUES (54818444927, 5717409784, 'L 45-55KG', 'TRẮNG KEM -T LẬT3084', '    --03445558aaeggkkllmnrttt', 97);
            
            INSERT INTO product_details (id, product_id, size, color, unique_search_id, quantity)
            VALUES (54818444928, 5717409784, 'XL 56-63KG', 'TRẮNG KEM -T LẬT3084', '    --03345668aaeggkkllmnrtttx', 100);
            
            INSERT INTO products (id, sku, name, slug, category_id, unit_price, sale_price, preview_image_name, preview_image_path, views, description)
            VALUES (5831330772, 'SP04003', 'Áo sơ mi nữ cộc tay màu Xanh nhạt chất đẹp. mặc mát, ít nhăn công sở', 'ao-so-mi-nu-coc-tay-mau-xanh-nhat-chat-dep-mac-mat,-it-nhan-cong-so', 4, 85000, 150000, 'SP_5831330772_0.jpg', 'images/products/4/SP_5831330772_0.jpg', 1423, 'Áo sơ mi nữ tay dài cao câp vải lụa mềm mịn mặc mXanh nhạt -Ảnh thật
Áo sơ mi nữ tay dài cao câp vải lụa mềm mịn mặc mát Xanh nhạt -Ảnh thật




- Sản phẩm được chú trọng vào chất liệu và chất lượng từng chi tiết nhằm đem đến sự hài lòng tối đa cho quý khách hàng.

- Chất mịn, dày dặn , không nhăn, đưa tay vào khách cũng ko nhìn thấy bên trong nha.
📌 Màu sắc: Trắng và Xanh 
📌 Đủ size S, M, L, XL phù hợp với người từ 43-60kg (tùy số đo v1)
- Size S ( 38- 45kg)
- Size M ( 45-51 kg) 
- Size L ( 51- 56kg)
- Size XL ( 56- 60kg)

💎 Hướng dẫn giặt ủi (là):
 - Nên giặt sản phẩm trước khi sử dụng. 
- Tốt nhất nên giặt tay và không nên chà mạnh bằng bàn chải có sợi cứng. 
- Nếu giặt máy, nên chọn chế độ giặt nhẹ và sản phẩm có chất vải phù hợp để bảo quản được lâu. 
- Không nên sử dụng chất giặt tẩy. 
- Không nên ngâm chung với trang phục ra bị màu. 
- Tránh phơi với ánh nắng trực tiếp. 
- Ủi (là) sản phẩm nếu cần và cài đặt nhiệt độ bàn ủi (là) phù hợp với từng loại vải.


');
            
            INSERT INTO product_images (product_id, name, path) 
            VALUES (5831330772, 'SP_5831330772_1.jpg', 'images/products/4/SP_5831330772_1.jpg');
            
            INSERT INTO product_images (product_id, name, path) 
            VALUES (5831330772, 'SP_5831330772_2.jpg', 'images/products/4/SP_5831330772_2.jpg');
            
            INSERT INTO product_images (product_id, name, path) 
            VALUES (5831330772, 'SP_5831330772_3.jpg', 'images/products/4/SP_5831330772_3.jpg');
            
            INSERT INTO product_images (product_id, name, path) 
            VALUES (5831330772, 'SP_5831330772_4.jpg', 'images/products/4/SP_5831330772_4.jpg');
            
            INSERT INTO product_images (product_id, name, path) 
            VALUES (5831330772, 'SP_5831330772_5.jpg', 'images/products/4/SP_5831330772_5.jpg');
            
            INSERT INTO product_images (product_id, name, path) 
            VALUES (5831330772, 'SP_5831330772_6.jpg', 'images/products/4/SP_5831330772_6.jpg');
            
            INSERT INTO product_images (product_id, name, path) 
            VALUES (5831330772, 'SP_5831330772_7.jpg', 'images/products/4/SP_5831330772_7.jpg');
            
            INSERT INTO product_details (id, product_id, size, color, unique_search_id, quantity)
            VALUES (16676302022, 5831330772, 'S', 'Trắng', 'agnrst', 85);
            
            INSERT INTO product_details (id, product_id, size, color, unique_search_id, quantity)
            VALUES (16676302023, 5831330772, 'M', 'Trắng', 'agmnrt', 69);
            
            INSERT INTO product_details (id, product_id, size, color, unique_search_id, quantity)
            VALUES (16676302024, 5831330772, 'L', 'Trắng', 'aglnrt', 82);
            
            INSERT INTO product_details (id, product_id, size, color, unique_search_id, quantity)
            VALUES (16676302025, 5831330772, 'S', 'Xanh nhạt', ' aahhnnstx', 75);
            
            INSERT INTO product_details (id, product_id, size, color, unique_search_id, quantity)
            VALUES (16676302026, 5831330772, 'M', 'Xanh nhạt', ' aahhmnntx', 59);
            
            INSERT INTO product_details (id, product_id, size, color, unique_search_id, quantity)
            VALUES (16676302027, 5831330772, 'L', 'Xanh nhạt', ' aahhlnntx', 70);
            
            INSERT INTO product_details (id, product_id, size, color, unique_search_id, quantity)
            VALUES (40066465633, 5831330772, 'XL', 'Trắng', 'aglnrtx', 92);
            
            INSERT INTO product_details (id, product_id, size, color, unique_search_id, quantity)
            VALUES (40066465634, 5831330772, 'XL', 'Xanh nhạt', ' aahhlnntxx', 37);
            
            INSERT INTO product_details (id, product_id, size, color, unique_search_id, quantity)
            VALUES (40066465635, 5831330772, 'XL', 'Hồng', 'ghlnox', 95);
            
            INSERT INTO product_details (id, product_id, size, color, unique_search_id, quantity)
            VALUES (40066465636, 5831330772, 'L', 'Đen', 'deln', 95);
            
            INSERT INTO product_details (id, product_id, size, color, unique_search_id, quantity)
            VALUES (40066465637, 5831330772, 'S', 'Hồng', 'ghnos', 91);
            
            INSERT INTO product_details (id, product_id, size, color, unique_search_id, quantity)
            VALUES (40066465638, 5831330772, 'L', 'Hồng', 'ghlno', 44);
            
            INSERT INTO product_details (id, product_id, size, color, unique_search_id, quantity)
            VALUES (40066465639, 5831330772, 'XL', 'Đen', 'delnx', 97);
            
            INSERT INTO product_details (id, product_id, size, color, unique_search_id, quantity)
            VALUES (40066465640, 5831330772, 'M', 'Hồng', 'ghmno', 90);
            
            INSERT INTO product_details (id, product_id, size, color, unique_search_id, quantity)
            VALUES (40066465641, 5831330772, 'S', 'Đen', 'dens', 94);
            
            INSERT INTO product_details (id, product_id, size, color, unique_search_id, quantity)
            VALUES (40066465642, 5831330772, 'M', 'Đen', 'demn', 96);
            
            INSERT INTO products (id, sku, name, slug, category_id, unit_price, sale_price, preview_image_name, preview_image_path, views, description)
            VALUES (5631345021, 'SP04004', 'Áo Sơ mi nam cao cấp Slimfit dáng đẹp, Áo sơmi nam tay dài trơn màu XÁM', 'ao-so-mi-nam-cao-cap-slimfit-dang-dep,-ao-somi-nam-tay-dai-tron-mau-xam', 4, 78000, 150000, 'SP_5631345021_0.jpg', 'images/products/4/SP_5631345021_0.jpg', 20, 'Áo sơ mi nam tay dài body chất cotton lụa ít nhăn nhăn, mềm mịn màu Trắng
Áo sơ mi nam tay dài body chất cotton lụa ít nhăn nhăn, mềm mịn màu Trắng

📣  CHÍNH SÁCH:
👉FREESHIP hoặc hỗ trợ 40K cho đơn hàng từ 50K 
👉 Cam kết chất lượng và mẫu mã sản phẩm giống với hình ảnh.
👉 Hoàn tiền nếu sản phẩm không giống với mô tả.
👉 Cam kết được đổi trả hàng trong vòng 2 ngày.

ÁO sơ mi nam (sơ mi nam) được thiết kế với form dáng trẻ trung với form áo ôm, rất chuẩn như hình.
Chúng tôi hiện nay cung cấp áo sơ mi nam với giá bán lẻ tốt nhất trên thị trường.
--Giá cạnh tranh nhất do chính nhà máy sản xuất với số lượng lớn.
--Chúng tôi không nói sản phẩm của mình có chất lượng cao nhưng phải khẳng định chất lượng sản phẩm vượt trội so với giá tiền. 
--Uy tín bán hàng được đặt lên hàng đầu, không kinh doanh chộp giật.
--Vì sản phẩm được sản xuất với số lượng lớn để có giá cạnh tranh nên không thể tránh được sai sót. Nếu quý khách hàng không hài lòng chúng tôi sẵn sàng hỗ trợ đổi trả.
--Rất mong nhận được ý kiến đóng góp của Quý khách hàng để chúng tôi cải thiện chất lượng dịch vụ tốt hơn.

🔰  THÔNG TIN SẢN PHẨM
👉100% chất cotton lụa, thấm hút mồ hôi 
👉 Đường may tinh tế, tỉ mỉ trong từng chi tiết
👉 Thiết kế đơn giản, dễ mặc, dễ phối đồ
👉 Form body Hàn Quốc mang lại phong cách trẻ trung, lịch lãm
👉Chất lượng sản phẩm tốt, giá cả hợp lý

👉SIZE M: Cân nặng 48-52kg, Cao 1m50 - 1m65
👉SIZE L: Can nặng 52- 60kg, Cao 1m60 - 1m7
👉SIZE XL: cân nặng 58 - 65kg, Cao 1m65 - 1m75
👉SIZE XXL: Cân nặng 65 -72kg Cao 1m65. - 1m80
👉SIZE 3XL: Cân nặng 70 -76kg Cao 1m65. - 1m80

#thoitrangnam #thoitrangnam #aococ #aophongnam #aongantaynam #aonam #aothethaonam #sominam #aosominam #aosomitrang #sominamdaitay #aosomi #khac #somitrang #sominam #aosomidaitay #aosomi #aosominam #aonamcongso #sominam #somitron #sominamngantay');
            
            INSERT INTO product_images (product_id, name, path) 
            VALUES (5631345021, 'SP_5631345021_1.jpg', 'images/products/4/SP_5631345021_1.jpg');
            
            INSERT INTO product_images (product_id, name, path) 
            VALUES (5631345021, 'SP_5631345021_2.jpg', 'images/products/4/SP_5631345021_2.jpg');
            
            INSERT INTO product_images (product_id, name, path) 
            VALUES (5631345021, 'SP_5631345021_3.jpg', 'images/products/4/SP_5631345021_3.jpg');
            
            INSERT INTO product_images (product_id, name, path) 
            VALUES (5631345021, 'SP_5631345021_4.jpg', 'images/products/4/SP_5631345021_4.jpg');
            
            INSERT INTO product_images (product_id, name, path) 
            VALUES (5631345021, 'SP_5631345021_5.jpg', 'images/products/4/SP_5631345021_5.jpg');
            
            INSERT INTO product_images (product_id, name, path) 
            VALUES (5631345021, 'SP_5631345021_6.jpg', 'images/products/4/SP_5631345021_6.jpg');
            
            INSERT INTO product_images (product_id, name, path) 
            VALUES (5631345021, 'SP_5631345021_7.jpg', 'images/products/4/SP_5631345021_7.jpg');
            
            INSERT INTO product_images (product_id, name, path) 
            VALUES (5631345021, 'SP_5631345021_8.jpg', 'images/products/4/SP_5631345021_8.jpg');
            
            INSERT INTO product_details (id, product_id, size, color, unique_search_id, quantity)
            VALUES (16682716482, 5631345021, 'M', 'Đen', 'demn', 100);
            
            INSERT INTO product_details (id, product_id, size, color, unique_search_id, quantity)
            VALUES (16682716483, 5631345021, 'L', 'Đen', 'deln', 100);
            
            INSERT INTO product_details (id, product_id, size, color, unique_search_id, quantity)
            VALUES (16682716484, 5631345021, 'XL', 'Đen', 'delnx', 100);
            
            INSERT INTO product_details (id, product_id, size, color, unique_search_id, quantity)
            VALUES (16682716485, 5631345021, 'XXL', 'Đen', 'delnxx', 100);
            
            INSERT INTO product_details (id, product_id, size, color, unique_search_id, quantity)
            VALUES (16682716486, 5631345021, '3XL', 'Đen', '3delnx', 100);
            
            INSERT INTO product_details (id, product_id, size, color, unique_search_id, quantity)
            VALUES (16682716487, 5631345021, 'M', 'Tím', 'immt', 100);
            
            INSERT INTO product_details (id, product_id, size, color, unique_search_id, quantity)
            VALUES (16682716488, 5631345021, 'L', 'Tím', 'ilmt', 100);
            
            INSERT INTO product_details (id, product_id, size, color, unique_search_id, quantity)
            VALUES (16682716489, 5631345021, 'XL', 'Tím', 'ilmtx', 100);
            
            INSERT INTO product_details (id, product_id, size, color, unique_search_id, quantity)
            VALUES (16682716490, 5631345021, 'XXL', 'Tím', 'ilmtxx', 100);
            
            INSERT INTO product_details (id, product_id, size, color, unique_search_id, quantity)
            VALUES (16682716491, 5631345021, '3XL', 'Tím', '3ilmtx', 100);
            
            INSERT INTO product_details (id, product_id, size, color, unique_search_id, quantity)
            VALUES (16682716492, 5631345021, 'M', 'Đỏ', 'dmo', 100);
            
            INSERT INTO product_details (id, product_id, size, color, unique_search_id, quantity)
            VALUES (16682716493, 5631345021, 'L', 'Đỏ', 'dlo', 100);
            
            INSERT INTO product_details (id, product_id, size, color, unique_search_id, quantity)
            VALUES (16682716494, 5631345021, 'XL', 'Đỏ', 'dlox', 100);
            
            INSERT INTO product_details (id, product_id, size, color, unique_search_id, quantity)
            VALUES (16682716495, 5631345021, 'XXL', 'Đỏ', 'dloxx', 100);
            
            INSERT INTO product_details (id, product_id, size, color, unique_search_id, quantity)
            VALUES (16682716496, 5631345021, '3XL', 'Đỏ', '3dlox', 100);
            
            INSERT INTO product_details (id, product_id, size, color, unique_search_id, quantity)
            VALUES (16682716497, 5631345021, 'M', 'Xám', 'ammx', 100);
            
            INSERT INTO product_details (id, product_id, size, color, unique_search_id, quantity)
            VALUES (16682716498, 5631345021, 'L', 'Xám', 'almx', 100);
            
            INSERT INTO product_details (id, product_id, size, color, unique_search_id, quantity)
            VALUES (16682716499, 5631345021, 'XL', 'Xám', 'almxx', 100);
            
            INSERT INTO product_details (id, product_id, size, color, unique_search_id, quantity)
            VALUES (16682716500, 5631345021, 'XXL', 'Xám', 'almxxx', 100);
            
            INSERT INTO product_details (id, product_id, size, color, unique_search_id, quantity)
            VALUES (16682716501, 5631345021, '3XL', 'Xám', '3almxx', 100);
            
            INSERT INTO product_details (id, product_id, size, color, unique_search_id, quantity)
            VALUES (16682716502, 5631345021, 'M', 'Xanh nhạt', ' aahhmnntx', 100);
            
            INSERT INTO product_details (id, product_id, size, color, unique_search_id, quantity)
            VALUES (16682716503, 5631345021, 'L', 'Xanh nhạt', ' aahhlnntx', 99);
            
            INSERT INTO product_details (id, product_id, size, color, unique_search_id, quantity)
            VALUES (16682716504, 5631345021, 'XL', 'Xanh nhạt', ' aahhlnntxx', 99);
            
            INSERT INTO product_details (id, product_id, size, color, unique_search_id, quantity)
            VALUES (16682716505, 5631345021, 'XXL', 'Xanh nhạt', ' aahhlnntxxx', 100);
            
            INSERT INTO product_details (id, product_id, size, color, unique_search_id, quantity)
            VALUES (16682716507, 5631345021, '3XL', 'Xanh nhạt', ' 3aahhlnntxx', 100);
            
            INSERT INTO product_details (id, product_id, size, color, unique_search_id, quantity)
            VALUES (16682716508, 5631345021, 'M', 'Xanh than', ' aahhmnntx', 100);
            
            INSERT INTO product_details (id, product_id, size, color, unique_search_id, quantity)
            VALUES (16682716509, 5631345021, 'L', 'Xanh than', ' aahhlnntx', 100);
            
            INSERT INTO product_details (id, product_id, size, color, unique_search_id, quantity)
            VALUES (16682716510, 5631345021, 'XL', 'Xanh than', ' aahhlnntxx', 99);
            
            INSERT INTO product_details (id, product_id, size, color, unique_search_id, quantity)
            VALUES (16682716511, 5631345021, 'XXL', 'Xanh than', ' aahhlnntxxx', 100);
            
            INSERT INTO product_details (id, product_id, size, color, unique_search_id, quantity)
            VALUES (16682716512, 5631345021, '3XL', 'Xanh than', ' 3aahhlnntxx', 100);
            
            INSERT INTO product_details (id, product_id, size, color, unique_search_id, quantity)
            VALUES (16682716513, 5631345021, 'M', 'Xanh coban', ' aabchmnnox', 100);
            
            INSERT INTO product_details (id, product_id, size, color, unique_search_id, quantity)
            VALUES (16682716514, 5631345021, 'L', 'Xanh coban', ' aabchlnnox', 100);
            
            INSERT INTO product_details (id, product_id, size, color, unique_search_id, quantity)
            VALUES (16682716515, 5631345021, 'XL', 'Xanh coban', ' aabchlnnoxx', 100);
            
            INSERT INTO product_details (id, product_id, size, color, unique_search_id, quantity)
            VALUES (16682716516, 5631345021, 'XXL', 'Xanh coban', ' aabchlnnoxxx', 100);
            
            INSERT INTO product_details (id, product_id, size, color, unique_search_id, quantity)
            VALUES (16682716517, 5631345021, '3XL', 'Xanh coban', ' 3aabchlnnoxx', 100);
            
            INSERT INTO product_details (id, product_id, size, color, unique_search_id, quantity)
            VALUES (16682716518, 5631345021, 'M', 'Trắng', 'agmnrt', 100);
            
            INSERT INTO product_details (id, product_id, size, color, unique_search_id, quantity)
            VALUES (16682716519, 5631345021, 'L', 'Trắng', 'aglnrt', 99);
            
            INSERT INTO product_details (id, product_id, size, color, unique_search_id, quantity)
            VALUES (16682716520, 5631345021, 'XL', 'Trắng', 'aglnrtx', 100);
            
            INSERT INTO product_details (id, product_id, size, color, unique_search_id, quantity)
            VALUES (16682716521, 5631345021, 'XXL', 'Trắng', 'aglnrtxx', 100);
            
            INSERT INTO product_details (id, product_id, size, color, unique_search_id, quantity)
            VALUES (16682716522, 5631345021, '3XL', 'Trắng', '3aglnrtx', 100);
            
            INSERT INTO products (id, sku, name, slug, category_id, unit_price, sale_price, preview_image_name, preview_image_path, views, description)
            VALUES (4431630396, 'SP04005', 'Áo sơ mi nam dài tay kẻ sọc đen trơn dáng Slìmit -Kèm ảnh thật-', 'ao-so-mi-nam-dai-tay-ke-soc-den-tron-dang-slimit-kem-anh-that-', 4, 129000, 180000, 'SP_4431630396_0.jpg', 'images/products/4/SP_4431630396_0.jpg', 34, 'Áo sơ mi nam dài tay kẻ sọc trắng đen trơn dáng Slìmit
Áo sơ mi nam dài tay kẻ sọc trắng đen trơn dáng Slìmit
- FREESHIP cho đơn hàng từ 50K - Toàn quốc

✅ Dooce99 chuyên cung cấp quần áo, phụ kiện thời trang nữ. 
✅ Cam kết giá tốt nhất thị trường, chất lượng đảm bảo. 
✅ Uy tín được đảm bảo qua hàng vạn đơn hàng trên khắp cả nước
✅ Đổi trả trong vòng 3 ngày nếu hàng lỗi, sai mẫu cho quý khách.
==> Shop xin phép giới thiệu đến các bạn mẫu sản phẩm mới: Áo sơ mi nam dài tay kẻ sọc trắng đen trơn dáng Slìmit
 . 
📌 Chi tiết sản phẩm:
- Áo sơ mi nam với họa tiết kẻ sọc không bao giờ lỗi , thiết kế đơn giản, dễ phối đồ
- Sản phẩm được chú trọng vào chất liệu và chất lượng từng chi tiết nhằm đem đến sự hài lòng tối đa cho quý khách hàng.
- Áo áng slimfit dễ mặc, đi học, đi làm, đi chơi hoàn cảnh nào em ý cũng có thể biến tấu 1 cách chuẩn soái ca cho các chàng những set đồ tự tin lắm nha
- Chất mịn, dày dặn , không nhăn, đưa tay vào khách cũng ko nhìn thấy bên trong nha.
📌 Màu sắc: Trắng và Đen
📌 Đủ size M, L, XL , XXL tất cả tùy chiều cao nha
- Size M ( 38- 52kg)
- Size M ( 52-60 kg) 
- Size L ( 58- 65kg)
- Size XL ( 65- 72kg)

💎 Hướng dẫn giặt ủi (là):
 - Nên giặt sản phẩm trước khi sử dụng. 
- Tốt nhất nên giặt tay và không nên chà mạnh bằng bàn chải có sợi cứng. 
- Nếu giặt máy, nên chọn chế độ giặt nhẹ và sản phẩm có chất vải phù hợp để bảo quản được lâu. 
- Không nên sử dụng chất giặt tẩy. 
- Không nên ngâm chung với trang phục ra bị màu. 
- Tránh phơi với ánh nắng trực tiếp. 
- Ủi (là) sản phẩm nếu cần và cài đặt nhiệt độ bàn ủi (là) phù hợp với từng loại vải.


📌 Ấn Like và theo dõi để ủng hộ shop và tham khảo các sản phẩm mới của shop, Dooce99 rất hân hạnh được phục vụ quý khách.');
            
            INSERT INTO product_images (product_id, name, path) 
            VALUES (4431630396, 'SP_4431630396_1.jpg', 'images/products/4/SP_4431630396_1.jpg');
            
            INSERT INTO product_images (product_id, name, path) 
            VALUES (4431630396, 'SP_4431630396_2.jpg', 'images/products/4/SP_4431630396_2.jpg');
            
            INSERT INTO product_images (product_id, name, path) 
            VALUES (4431630396, 'SP_4431630396_3.jpg', 'images/products/4/SP_4431630396_3.jpg');
            
            INSERT INTO product_images (product_id, name, path) 
            VALUES (4431630396, 'SP_4431630396_4.jpg', 'images/products/4/SP_4431630396_4.jpg');
            
            INSERT INTO product_images (product_id, name, path) 
            VALUES (4431630396, 'SP_4431630396_5.jpg', 'images/products/4/SP_4431630396_5.jpg');
            
            INSERT INTO product_images (product_id, name, path) 
            VALUES (4431630396, 'SP_4431630396_6.jpg', 'images/products/4/SP_4431630396_6.jpg');
            
            INSERT INTO product_images (product_id, name, path) 
            VALUES (4431630396, 'SP_4431630396_7.jpg', 'images/products/4/SP_4431630396_7.jpg');
            
            INSERT INTO product_images (product_id, name, path) 
            VALUES (4431630396, 'SP_4431630396_8.jpg', 'images/products/4/SP_4431630396_8.jpg');
            
            INSERT INTO product_details (id, product_id, size, color, unique_search_id, quantity)
            VALUES (16804586937, 4431630396, 'M', 'Đen', 'demn', 7);
            
            INSERT INTO product_details (id, product_id, size, color, unique_search_id, quantity)
            VALUES (16804586938, 4431630396, 'L', 'Đen', 'deln', 9);
            
            INSERT INTO product_details (id, product_id, size, color, unique_search_id, quantity)
            VALUES (16804586939, 4431630396, 'XL', 'Đen', 'delnx', 9);
            
            INSERT INTO product_details (id, product_id, size, color, unique_search_id, quantity)
            VALUES (16804586940, 4431630396, 'XXL', 'Đen', 'delnxx', 9);
            
            INSERT INTO product_details (id, product_id, size, color, unique_search_id, quantity)
            VALUES (16804586941, 4431630396, 'M', 'Trắng', 'agmnrt', 10);
            
            INSERT INTO product_details (id, product_id, size, color, unique_search_id, quantity)
            VALUES (16804586942, 4431630396, 'L', 'Trắng', 'aglnrt', 9);
            
            INSERT INTO product_details (id, product_id, size, color, unique_search_id, quantity)
            VALUES (16804586943, 4431630396, 'XL', 'Trắng', 'aglnrtx', 10);
            
            INSERT INTO product_details (id, product_id, size, color, unique_search_id, quantity)
            VALUES (16804586944, 4431630396, 'XXL', 'Trắng', 'aglnrtxx', 10);
            
            INSERT INTO products (id, sku, name, slug, category_id, unit_price, sale_price, preview_image_name, preview_image_path, views, description)
            VALUES (7631047179, 'SP04006', 'Áo sơ mi nữ tay dài công sở bassic chất cotton ít nhăn, mặc mát màu Đen', 'ao-so-mi-nu-tay-dai-cong-so-bassic-chat-cotton-it-nhan,-mac-mat-mau-den', 4, 85000, 160000, 'SP_7631047179_0.jpg', 'images/products/4/SP_7631047179_0.jpg', 258, 'Áo sơ mi nữ tay dài công sở chất cotton ít nhăn, mặc mát màu Trắng
Áo sơ mi nữ tay dài công sở chất cotton ít nhăn, mặc mát màu Trắng

- FREESHIP cho đơn hàng từ 50K - Toàn quốc

✅ Dooce99 chuyên cung cấp quần áo, phụ kiện thời trang nữ. 
✅ Cam kết giá tốt nhất thị trường, chất lượng đảm bảo. 
✅ Uy tín được đảm bảo qua hàng vạn đơn hàng trên khắp cả nước
✅ Đổi trả trong vòng 3 ngày nếu hàng lỗi, sai mẫu cho quý khách.
==> Shop xin phép giới thiệu đến các bạn mẫu sản phẩm mới:  Áo Sơ Mi Nữ, Áo Sơ Mi Dài Tay Công Sở, Dáng Suông, Chất Vải Cao Cấp, Hàng Xuất Khẩu . 
📌 Chi tiết sản phẩm:
- Áo sơ mi nữ trắng dài tay thuộc dòng áo sơ mi nữ basic được thiết kế dựa trên form dáng người Việt. 
- Sản phẩm được chú trọng vào chất liệu và chất lượng từng chi tiết nhằm đem đến sự hài lòng tối đa cho quý khách hàng.
- Áo basic dễ mặc, đi học, đi làm, đi chơi hoàn cảnh nào em ý cũng có thể biến tấu 1 cách xinh đẹp cho các nàng những set đồ tự tin lắm nha
- Chất mịn, dày dặn , không nhăn, đưa tay vào khách cũng ko nhìn thấy bên trong nha.
📌 Màu sắc: Trắng và Xanh 
📌 Đủ size S, M, L, XL phù hợp với người từ 43-60kg (tùy số đo v1)
- Size S ( 38- 45kg)
- Size M ( 45-51 kg) 
- Size L ( 51- 56kg)
- Size XL ( 56- 60kg)

💎 Hướng dẫn giặt ủi (là):
 - Nên giặt sản phẩm trước khi sử dụng. 
- Tốt nhất nên giặt tay và không nên chà mạnh bằng bàn chải có sợi cứng. 
- Nếu giặt máy, nên chọn chế độ giặt nhẹ và sản phẩm có chất vải phù hợp để bảo quản được lâu. 
- Không nên sử dụng chất giặt tẩy. 
- Không nên ngâm chung với trang phục ra bị màu. 
- Tránh phơi với ánh nắng trực tiếp. 
- Ủi (là) sản phẩm nếu cần và cài đặt nhiệt độ bàn ủi (là) phù hợp với từng loại vải.


📌 Ấn Like và theo dõi để ủng hộ shop và tham khảo các sản phẩm mới của shop, Dooce99 rất hân hạnh được phục vụ quý khách.
#Dooce99 
 #áo_sơ_mi #áo_sơ_mi_nữ #áo_sơ_mi_trắng #áo_sơ_mi_trắng_nữ #áo_sơ_mi_nữ_đẹp #sơ_mi_trắng #áo_sơ_mi_đẹp #áo_sơ_mi_nữ_công_sở #áo_sơ_mi_nữ_cao_cấp #áo_sơ_mi_nữ_trắng #ao_so_mi #sơ_mi_nữ #sơ_mi #ao_so_mi_nu #áo_sơ_mi_công_sở #áo_sơ_mi_nữ_hàn_quốc #sơ_mi_công_sở');
            
            INSERT INTO product_images (product_id, name, path) 
            VALUES (7631047179, 'SP_7631047179_1.jpg', 'images/products/4/SP_7631047179_1.jpg');
            
            INSERT INTO product_images (product_id, name, path) 
            VALUES (7631047179, 'SP_7631047179_2.jpg', 'images/products/4/SP_7631047179_2.jpg');
            
            INSERT INTO product_images (product_id, name, path) 
            VALUES (7631047179, 'SP_7631047179_3.jpg', 'images/products/4/SP_7631047179_3.jpg');
            
            INSERT INTO product_images (product_id, name, path) 
            VALUES (7631047179, 'SP_7631047179_4.jpg', 'images/products/4/SP_7631047179_4.jpg');
            
            INSERT INTO product_images (product_id, name, path) 
            VALUES (7631047179, 'SP_7631047179_5.jpg', 'images/products/4/SP_7631047179_5.jpg');
            
            INSERT INTO product_images (product_id, name, path) 
            VALUES (7631047179, 'SP_7631047179_6.jpg', 'images/products/4/SP_7631047179_6.jpg');
            
            INSERT INTO product_images (product_id, name, path) 
            VALUES (7631047179, 'SP_7631047179_7.jpg', 'images/products/4/SP_7631047179_7.jpg');
            
            INSERT INTO product_images (product_id, name, path) 
            VALUES (7631047179, 'SP_7631047179_8.jpg', 'images/products/4/SP_7631047179_8.jpg');
            
            INSERT INTO product_images (product_id, name, path) 
            VALUES (7631047179, 'SP_7631047179_9.jpg', 'images/products/4/SP_7631047179_9.jpg');
            
            INSERT INTO product_details (id, product_id, size, color, unique_search_id, quantity)
            VALUES (16628369097, 7631047179, 'S', 'Đen', 'dens', 90);
            
            INSERT INTO product_details (id, product_id, size, color, unique_search_id, quantity)
            VALUES (16628369099, 7631047179, 'M', 'Đen', 'demn', 90);
            
            INSERT INTO product_details (id, product_id, size, color, unique_search_id, quantity)
            VALUES (16628369100, 7631047179, 'L', 'Đen', 'deln', 88);
            
            INSERT INTO product_details (id, product_id, size, color, unique_search_id, quantity)
            VALUES (16628369102, 7631047179, 'XL', 'Đen', 'delnx', 93);
            
            INSERT INTO product_details (id, product_id, size, color, unique_search_id, quantity)
            VALUES (16628369104, 7631047179, 'S', 'Xanh nhạt', ' aahhnnstx', 100);
            
            INSERT INTO product_details (id, product_id, size, color, unique_search_id, quantity)
            VALUES (16628369106, 7631047179, 'M', 'Xanh nhạt', ' aahhmnntx', 100);
            
            INSERT INTO product_details (id, product_id, size, color, unique_search_id, quantity)
            VALUES (16628369108, 7631047179, 'L', 'Xanh nhạt', ' aahhlnntx', 100);
            
            INSERT INTO product_details (id, product_id, size, color, unique_search_id, quantity)
            VALUES (16628369110, 7631047179, 'XL', 'Xanh nhạt', ' aahhlnntxx', 100);
            
            INSERT INTO product_details (id, product_id, size, color, unique_search_id, quantity)
            VALUES (16628369111, 7631047179, 'S', 'Hồng', 'ghnos', 100);
            
            INSERT INTO product_details (id, product_id, size, color, unique_search_id, quantity)
            VALUES (16628369112, 7631047179, 'M', 'Hồng', 'ghmno', 100);
            
            INSERT INTO product_details (id, product_id, size, color, unique_search_id, quantity)
            VALUES (16628369113, 7631047179, 'L', 'Hồng', 'ghlno', 100);
            
            INSERT INTO product_details (id, product_id, size, color, unique_search_id, quantity)
            VALUES (16628369114, 7631047179, 'XL', 'Hồng', 'ghlnox', 100);
            
            INSERT INTO product_details (id, product_id, size, color, unique_search_id, quantity)
            VALUES (16628369115, 7631047179, 'S', 'Trắng', 'agnrst', 100);
            
            INSERT INTO product_details (id, product_id, size, color, unique_search_id, quantity)
            VALUES (16628369116, 7631047179, 'M', 'Trắng', 'agmnrt', 100);
            
            INSERT INTO product_details (id, product_id, size, color, unique_search_id, quantity)
            VALUES (16628369117, 7631047179, 'L', 'Trắng', 'aglnrt', 99);
            
            INSERT INTO product_details (id, product_id, size, color, unique_search_id, quantity)
            VALUES (16628369118, 7631047179, 'XL', 'Trắng', 'aglnrtx', 99);
            
            INSERT INTO products (id, sku, name, slug, category_id, unit_price, sale_price, preview_image_name, preview_image_path, views, description)
            VALUES (4431059550, 'SP04007', 'Áo sơ mi nữ tay dài công sở bassic chất cotton ít nhăn, mặc mát màu Hồng', 'ao-so-mi-nu-tay-dai-cong-so-bassic-chat-cotton-it-nhan,-mac-mat-mau-hong', 4, 85000, 160000, 'SP_4431059550_0.jpg', 'images/products/4/SP_4431059550_0.jpg', 5, 'Áo sơ mi nữ tay dài công sở chất cotton ít nhăn, mặc mát màu Trắng
Áo sơ mi nữ tay dài công sở chất cotton ít nhăn, mặc mát màu Trắng

- FREESHIP cho đơn hàng từ 50K - Toàn quốc

✅ Dooce99 chuyên cung cấp quần áo, phụ kiện thời trang nữ. 
✅ Cam kết giá tốt nhất thị trường, chất lượng đảm bảo. 
✅ Uy tín được đảm bảo qua hàng vạn đơn hàng trên khắp cả nước
✅ Đổi trả trong vòng 3 ngày nếu hàng lỗi, sai mẫu cho quý khách.
==> Shop xin phép giới thiệu đến các bạn mẫu sản phẩm mới:  Áo Sơ Mi Nữ, Áo Sơ Mi Dài Tay Công Sở, Dáng Suông, Chất Vải Cao Cấp, Hàng Xuất Khẩu . 
📌 Chi tiết sản phẩm:
- Áo sơ mi nữ trắng dài tay thuộc dòng áo sơ mi nữ basic được thiết kế dựa trên form dáng người Việt. 
- Sản phẩm được chú trọng vào chất liệu và chất lượng từng chi tiết nhằm đem đến sự hài lòng tối đa cho quý khách hàng.
- Áo basic dễ mặc, đi học, đi làm, đi chơi hoàn cảnh nào em ý cũng có thể biến tấu 1 cách xinh đẹp cho các nàng những set đồ tự tin lắm nha
- Chất mịn, dày dặn , không nhăn, đưa tay vào khách cũng ko nhìn thấy bên trong nha.
📌 Màu sắc: Trắng và Xanh 
📌 Đủ size S, M, L, XL phù hợp với người từ 43-60kg (tùy số đo v1)
- Size S ( 38- 45kg)
- Size M ( 45-51 kg) 
- Size L ( 51- 56kg)
- Size XL ( 56- 60kg)

💎 Hướng dẫn giặt ủi (là):
 - Nên giặt sản phẩm trước khi sử dụng. 
- Tốt nhất nên giặt tay và không nên chà mạnh bằng bàn chải có sợi cứng. 
- Nếu giặt máy, nên chọn chế độ giặt nhẹ và sản phẩm có chất vải phù hợp để bảo quản được lâu. 
- Không nên sử dụng chất giặt tẩy. 
- Không nên ngâm chung với trang phục ra bị màu. 
- Tránh phơi với ánh nắng trực tiếp. 
- Ủi (là) sản phẩm nếu cần và cài đặt nhiệt độ bàn ủi (là) phù hợp với từng loại vải.


📌 Ấn Like và theo dõi để ủng hộ shop và tham khảo các sản phẩm mới của shop, Dooce99 rất hân hạnh được phục vụ quý khách.
#Dooce99 
 #áo_sơ_mi #áo_sơ_mi_nữ #áo_sơ_mi_trắng #áo_sơ_mi_trắng_nữ #áo_sơ_mi_nữ_đẹp #sơ_mi_trắng #áo_sơ_mi_đẹp #áo_sơ_mi_nữ_công_sở #áo_sơ_mi_nữ_cao_cấp #áo_sơ_mi_nữ_trắng #ao_so_mi #sơ_mi_nữ #sơ_mi #ao_so_mi_nu #áo_sơ_mi_công_sở #áo_sơ_mi_nữ_hàn_quốc #sơ_mi_công_sở');
            
            INSERT INTO product_images (product_id, name, path) 
            VALUES (4431059550, 'SP_4431059550_1.jpg', 'images/products/4/SP_4431059550_1.jpg');
            
            INSERT INTO product_images (product_id, name, path) 
            VALUES (4431059550, 'SP_4431059550_2.jpg', 'images/products/4/SP_4431059550_2.jpg');
            
            INSERT INTO product_images (product_id, name, path) 
            VALUES (4431059550, 'SP_4431059550_3.jpg', 'images/products/4/SP_4431059550_3.jpg');
            
            INSERT INTO product_images (product_id, name, path) 
            VALUES (4431059550, 'SP_4431059550_4.jpg', 'images/products/4/SP_4431059550_4.jpg');
            
            INSERT INTO product_images (product_id, name, path) 
            VALUES (4431059550, 'SP_4431059550_5.jpg', 'images/products/4/SP_4431059550_5.jpg');
            
            INSERT INTO product_images (product_id, name, path) 
            VALUES (4431059550, 'SP_4431059550_6.jpg', 'images/products/4/SP_4431059550_6.jpg');
            
            INSERT INTO product_images (product_id, name, path) 
            VALUES (4431059550, 'SP_4431059550_7.jpg', 'images/products/4/SP_4431059550_7.jpg');
            
            INSERT INTO product_images (product_id, name, path) 
            VALUES (4431059550, 'SP_4431059550_8.jpg', 'images/products/4/SP_4431059550_8.jpg');
            
            INSERT INTO product_images (product_id, name, path) 
            VALUES (4431059550, 'SP_4431059550_9.jpg', 'images/products/4/SP_4431059550_9.jpg');
            
            INSERT INTO product_details (id, product_id, size, color, unique_search_id, quantity)
            VALUES (16629580203, 4431059550, 'S', 'Đen', 'dens', 100);
            
            INSERT INTO product_details (id, product_id, size, color, unique_search_id, quantity)
            VALUES (16629580204, 4431059550, 'M', 'Đen', 'demn', 100);
            
            INSERT INTO product_details (id, product_id, size, color, unique_search_id, quantity)
            VALUES (16629580205, 4431059550, 'L', 'Đen', 'deln', 100);
            
            INSERT INTO product_details (id, product_id, size, color, unique_search_id, quantity)
            VALUES (16629580206, 4431059550, 'XL', 'Đen', 'delnx', 100);
            
            INSERT INTO product_details (id, product_id, size, color, unique_search_id, quantity)
            VALUES (16629580207, 4431059550, 'S', 'Xanh nhạt', ' aahhnnstx', 100);
            
            INSERT INTO product_details (id, product_id, size, color, unique_search_id, quantity)
            VALUES (16629580208, 4431059550, 'M', 'Xanh nhạt', ' aahhmnntx', 100);
            
            INSERT INTO product_details (id, product_id, size, color, unique_search_id, quantity)
            VALUES (16629580209, 4431059550, 'L', 'Xanh nhạt', ' aahhlnntx', 100);
            
            INSERT INTO product_details (id, product_id, size, color, unique_search_id, quantity)
            VALUES (16629580210, 4431059550, 'XL', 'Xanh nhạt', ' aahhlnntxx', 100);
            
            INSERT INTO product_details (id, product_id, size, color, unique_search_id, quantity)
            VALUES (16629580211, 4431059550, 'S', 'Trắng', 'agnrst', 100);
            
            INSERT INTO product_details (id, product_id, size, color, unique_search_id, quantity)
            VALUES (16629580213, 4431059550, 'M', 'Trắng', 'agmnrt', 100);
            
            INSERT INTO product_details (id, product_id, size, color, unique_search_id, quantity)
            VALUES (16629580215, 4431059550, 'L', 'Trắng', 'aglnrt', 100);
            
            INSERT INTO product_details (id, product_id, size, color, unique_search_id, quantity)
            VALUES (16629580216, 4431059550, 'XL', 'Trắng', 'aglnrtx', 100);
            
            INSERT INTO product_details (id, product_id, size, color, unique_search_id, quantity)
            VALUES (16629580218, 4431059550, 'S', 'Hồng', 'ghnos', 100);
            
            INSERT INTO product_details (id, product_id, size, color, unique_search_id, quantity)
            VALUES (16629580220, 4431059550, 'M', 'Hồng', 'ghmno', 100);
            
            INSERT INTO product_details (id, product_id, size, color, unique_search_id, quantity)
            VALUES (16629580222, 4431059550, 'L', 'Hồng', 'ghlno', 100);
            
            INSERT INTO product_details (id, product_id, size, color, unique_search_id, quantity)
            VALUES (16629580224, 4431059550, 'XL', 'Hồng', 'ghlnox', 100);
            
            INSERT INTO products (id, sku, name, slug, category_id, unit_price, sale_price, preview_image_name, preview_image_path, views, description)
            VALUES (2450263351, 'SP04008', 'Áo sơ mi caro nam tay dài kẻ sọc vải oxford lưới thoáng mát công sở NS03', 'ao-so-mi-caro-nam-tay-dai-ke-soc-vai-oxford-luoi-thoang-mat-cong-so-ns03', 4, 229000, 300000, 'SP_2450263351_0.jpg', 'images/products/4/SP_2450263351_0.jpg', 978, 'Áo Sơ Mi Caro Kẻ Sọc Nam Tay Ngắn  Dáng Slim Fit (nhiều màu) 
Nexx Store với phương châm Uy Tín 100% Chất Lượng hân hạnh được phục vụ quý khách. 
1. GIỚI THIỆU SẢN PHẨM Áo sơ mi nam caro basic chính là gợi ý tuyệt vời cho nam giới mỗi khi lựa chọn trang phục mỗi ngày. Với những mẫu áo sơ mi nam thiết kế đơn giản và toát lên vẻ lịch lãm tinh tế, mang đến phong cách thời trang trẻ trung, năng động chắc chắn sẽ là lựa chọn hoàn hảo cho chàng trai hiện đại, nam tính. Những chiếc áo sơ mi Oxford dù kết hợp với quần âu, quần jeans khi đi làm hay diện cùng quần ngố, quần short đi chơi đều NỔI BẬT, THOẢI MÁI và PHONG CÁCH. Với form dáng vừa vặn các chàng có thể tự tin khoe body cực chuẩn của mình. Hãy bổ sung ngay vào tủ đồ item này để diện thật chất nhé! 
2. THÔNG TIN CHI TIẾT: - Chất liệu: 100% chất Oxford, thấm hút mồ hôi - Quy cách, tiêu chuẩn đường may tinh tế, tỉ mỉ trong từng chi tiết - Kiểu dáng: Thiết kế đơn giản, dễ mặc, dễ phối đồ - Form Slim Fit mang lại phong cách trẻ trung, lịch lãm. 
3. CHÍNH SÁCH BÁN HÀNG: - FREESHIP hoặc hỗ trợ 40K cho đơn hàng từ 150K - Đối với khách hàng ở Hà Nội và Hồ Chí Minh - FREESHIP cho tất cả các đơn hàng từ 250K ở các tỉnh khác.- Cam kết chất lượng và mẫu mã sản phẩm giống với hình ảnh. - Hoàn tiền nếu sản phẩm không giống với mô tả. - Cam kết được đổi trả hàng trong vòng 2 ngày. 
4. HƯỚNG DẪN CHỌN SIZE (Size áo phụ thuộc vào chiều cao cân nặng và các yếu tố khác như vòng ngực, bụng, vai, bắp tay,... Do đó quý khách còn phân vân xin vui lòng nhắn tin trực tiếp để được hỗ trợ tốt nhất)
 - Size S: Cân nặng từ 48-56kg, Chiều cao dưới 165cm 
- Size M: Cân nặng từ 56-64kg, Chiều cao 160 - 170cm 
- Size L: Cân nặng từ 65-72kg, Chiều cao dưới 175cm 
- Size XL: Cân nặng từ 70-85kg, Chiều cao dưới 183cm 
5. HƯỚNG DẪN CÁCH ĐẶT HÀNG
 - Bước 1: Cách chọn size, shop có bảng size mẫu. Bạn NÊN INBOX, cung cấp chiều cao, cân nặng để SHOP TƯ VẤN SIZE 
- Bước 2: Cách đặt hàng: Nếu bạn muốn mua 2 sản phẩm khác nhau hoặc 2 size khác nhau, để được freeship 
+ Bạn chọn từng sản phẩm rồi thêm vào giỏ hang
 + Khi giỏ hàng đã có đầy đủ các sản phẩm cần mua, bạn mới tiến hành ấn nút “ Thanh toán” 
- Shop luôn sẵn sàng trả lời inbox
 #aongantaynam #aonam #sominam #aosominam #aosomitrang #sominamdaitay  #somitrang #sominam #aosomidaitay #aosomi #aosominam #aonamcongso #sominam #somitron #sominamngantay #sominamchambi #aosomicaronam #aosomikesocnam #aosominamcarokesoc #aosomicaronam #somicaronam #aosomingantaynam');
            
            INSERT INTO product_images (product_id, name, path) 
            VALUES (2450263351, 'SP_2450263351_1.jpg', 'images/products/4/SP_2450263351_1.jpg');
            
            INSERT INTO product_images (product_id, name, path) 
            VALUES (2450263351, 'SP_2450263351_2.jpg', 'images/products/4/SP_2450263351_2.jpg');
            
            INSERT INTO product_images (product_id, name, path) 
            VALUES (2450263351, 'SP_2450263351_3.jpg', 'images/products/4/SP_2450263351_3.jpg');
            
            INSERT INTO product_images (product_id, name, path) 
            VALUES (2450263351, 'SP_2450263351_4.jpg', 'images/products/4/SP_2450263351_4.jpg');
            
            INSERT INTO product_images (product_id, name, path) 
            VALUES (2450263351, 'SP_2450263351_5.jpg', 'images/products/4/SP_2450263351_5.jpg');
            
            INSERT INTO product_images (product_id, name, path) 
            VALUES (2450263351, 'SP_2450263351_6.jpg', 'images/products/4/SP_2450263351_6.jpg');
            
            INSERT INTO product_images (product_id, name, path) 
            VALUES (2450263351, 'SP_2450263351_7.jpg', 'images/products/4/SP_2450263351_7.jpg');
            
            INSERT INTO product_details (id, product_id, size, color, unique_search_id, quantity)
            VALUES (5133797423, 2450263351, 'S', 'Xanh nhạt', ' aahhnnstx', 0);
            
            INSERT INTO product_details (id, product_id, size, color, unique_search_id, quantity)
            VALUES (5133797424, 2450263351, 'M', 'Xanh nhạt', ' aahhmnntx', 0);
            
            INSERT INTO product_details (id, product_id, size, color, unique_search_id, quantity)
            VALUES (5133797425, 2450263351, 'L', 'Xanh nhạt', ' aahhlnntx', 1);
            
            INSERT INTO product_details (id, product_id, size, color, unique_search_id, quantity)
            VALUES (5133797426, 2450263351, 'XL', 'Xanh nhạt', ' aahhlnntxx', 46);
            
            INSERT INTO product_details (id, product_id, size, color, unique_search_id, quantity)
            VALUES (5133797427, 2450263351, 'S', 'Vàng', 'agnsv', 48);
            
            INSERT INTO product_details (id, product_id, size, color, unique_search_id, quantity)
            VALUES (5133797428, 2450263351, 'M', 'Vàng', 'agmnv', 49);
            
            INSERT INTO product_details (id, product_id, size, color, unique_search_id, quantity)
            VALUES (5133797429, 2450263351, 'L', 'Vàng', 'aglnv', 49);
            
            INSERT INTO product_details (id, product_id, size, color, unique_search_id, quantity)
            VALUES (5133797430, 2450263351, 'XL', 'Vàng', 'aglnvx', 50);
            
            INSERT INTO product_details (id, product_id, size, color, unique_search_id, quantity)
            VALUES (5133797431, 2450263351, 'S', 'Xanh đen', ' adehnnsx', 47);
            
            INSERT INTO product_details (id, product_id, size, color, unique_search_id, quantity)
            VALUES (5133797432, 2450263351, 'M', 'Xanh đen', ' adehmnnx', 0);
            
            INSERT INTO product_details (id, product_id, size, color, unique_search_id, quantity)
            VALUES (5133797433, 2450263351, 'L', 'Xanh đen', ' adehlnnx', 47);
            
            INSERT INTO product_details (id, product_id, size, color, unique_search_id, quantity)
            VALUES (5133797434, 2450263351, 'XL', 'Xanh đen', ' adehlnnxx', 48);
            
            INSERT INTO product_details (id, product_id, size, color, unique_search_id, quantity)
            VALUES (16379304382, 2450263351, 'S', 'Xanh ngọc', ' acghnnosx', 0);
            
            INSERT INTO product_details (id, product_id, size, color, unique_search_id, quantity)
            VALUES (16379304385, 2450263351, 'M', 'Xanh ngọc', ' acghmnnox', 0);
            
            INSERT INTO product_details (id, product_id, size, color, unique_search_id, quantity)
            VALUES (16379304387, 2450263351, 'L', 'Xanh ngọc', ' acghlnnox', 0);
            
            INSERT INTO product_details (id, product_id, size, color, unique_search_id, quantity)
            VALUES (16379304388, 2450263351, 'XL', 'Xanh ngọc', ' acghlnnoxx', 0);
            
            INSERT INTO products (id, sku, name, slug, category_id, unit_price, sale_price, preview_image_name, preview_image_path, views, description)
            VALUES (1542892930, 'SP04009', '[Mã WAMT10K giảm 10k cho đơn 0k] Áo Sơ Mi Nữ Siêu Xinh, Áo Sơ Mi Công Sở Chất tơ Lụa Đẹp Nhiều Màu', 'ma-wamt10k-giam-10k-cho-don-0k-ao-so-mi-nu-sieu-xinh,-ao-so-mi-cong-so-chat-to-lua-dep-nhieu-mau', 4, 129000, 149000, 'SP_1542892930_0.jpg', 'images/products/4/SP_1542892930_0.jpg', 3068, '-Hàng Thiết kế trẻ trung, tinh tế hợp thời trang phù hợp với nhiều lứa tuổi
-Đường may tinh tế, tỉ mỉ, chắc chắn
-Form suông rộng tạo cảm giác thoải mái khi mặc
-Chất liệu voan tơ nhung cao cấp, mềm mại lán mịn, mát và thấm hút mồ hôi tốt
-Kiểu dáng hiện đại, đường nét cách điệu
-Mang phong cách nữ tính, thanh lịch

Gợi ý phối đồ: 
+Dễ dàng phối hợp cùng nhiều phụ kiện khác mang đến phong cách thời trang riêng cho bạn nữ, khéo léo lựa chọn trang phục cùng phụ kiện phù hợp, bạn sẽ có set đồ đẹp mắt như ý.
+Bạn có thể kết hợp cùng giày sandals, giày búp bê, giày cao gót hoặc các kiểu dép khác nhau giúp bạn thêm tự tin khi ra đường.

Hướng dẫn chọn size:  
- Size S: 40-47kg - ngực áo 85cm
- Size M: 48-53kg - ngực áo 90cm
- Size L: 54-63kg - ngực áo 95cm
- Size XL: 64-68kg - ngực áo 100cm

-->BẢO ĐẢM GIÁ NÀY LÀ GIÁ TỐT NHẤT TOÀN QUỐC NẾU NƠI NÀO RẺ HƠN MÀ ĐÚNG CHẤT LƯỢNG NHƯ SHOP, SHOP SẼ HOÀN TIỀN CHO KHÁCH NHÉ!

***Mọi thắc mắc và khiếu nại sản phẩm quý khách đừng ngại cứ liên hệ: Địa chỉ : 28/8 đường 51, KP8, P.Hiệp Bình Chánh, Q.Thủ Đức, TP.HCM. - Điện Thoại : 086.840.3132 - 08.55.56.97.98 - 036.930.7177 hoặc chat với shop trong mục chat nhé.

***Nếu quý khách hài lòng về sản phẩm xin vui lòng bỏ ít thời gian đánh giá sản phẩm 5* để shop có động lực phục vụ tốt hơn cho lần tiếp theo, xin chân thành cảm ơn!

-Các bạn vào link này của shop xem thêm những mẫu mới và đang sale nhé: https://shopee.vn/shopsile.com.vn
----------------------------------------------------------
');
            
            INSERT INTO product_images (product_id, name, path) 
            VALUES (1542892930, 'SP_1542892930_1.jpg', 'images/products/4/SP_1542892930_1.jpg');
            
            INSERT INTO product_images (product_id, name, path) 
            VALUES (1542892930, 'SP_1542892930_2.jpg', 'images/products/4/SP_1542892930_2.jpg');
            
            INSERT INTO product_images (product_id, name, path) 
            VALUES (1542892930, 'SP_1542892930_3.jpg', 'images/products/4/SP_1542892930_3.jpg');
            
            INSERT INTO product_details (id, product_id, size, color, unique_search_id, quantity)
            VALUES (2303092631, 1542892930, 'S', 'trắng', 'agnrst', 198);
            
            INSERT INTO product_details (id, product_id, size, color, unique_search_id, quantity)
            VALUES (2303598859, 1542892930, 'S', 'hồng ruốc', ' cghnoorsu', 191);
            
            INSERT INTO product_details (id, product_id, size, color, unique_search_id, quantity)
            VALUES (2303598860, 1542892930, 'M', 'trắng', 'agmnrt', 194);
            
            INSERT INTO product_details (id, product_id, size, color, unique_search_id, quantity)
            VALUES (2303598861, 1542892930, 'M', 'hồng ruốc', ' cghmnooru', 188);
            
            INSERT INTO product_details (id, product_id, size, color, unique_search_id, quantity)
            VALUES (2303598862, 1542892930, 'L', 'trắng', 'aglnrt', 195);
            
            INSERT INTO product_details (id, product_id, size, color, unique_search_id, quantity)
            VALUES (2303598863, 1542892930, 'L', 'hồng ruốc', ' cghlnooru', 194);
            
            INSERT INTO product_details (id, product_id, size, color, unique_search_id, quantity)
            VALUES (21845375314, 1542892930, 'XL', 'trắng', 'aglnrtx', 195);
            
            INSERT INTO product_details (id, product_id, size, color, unique_search_id, quantity)
            VALUES (21845375315, 1542892930, 'XL', 'hồng ruốc', ' cghlnoorux', 196);
            
            INSERT INTO products (id, sku, name, slug, category_id, unit_price, sale_price, preview_image_name, preview_image_path, views, description)
            VALUES (9220981350, 'SP04010', 'Áo Sơ Mi Nữ Công Sở Mc Fashion, Kiểu Dáng Tay Ngắn Cộc, Họa Tiết Kẻ Sọc Caro, 2 Màu- Vàng, Xanh Đen Tím Than- A665', 'ao-so-mi-nu-cong-so-mc-fashion,-kieu-dang-tay-ngan-coc,-hoa-tiet-ke-soc-caro,-2-mau-vang,-xanh-den-tim-than-a665', 4, 259000, 295000, 'SP_9220981350_0.jpg', 'images/products/4/SP_9220981350_0.jpg', 221, '•Kiểm hàng trước khi thanh toán.
•Mã sản phẩm: A665
•Màu sắc: Vàng-Xanh than
•Chất liệu vải: Lụa silk
•Họa tiết: Kẻ caro
•Chiều dài tay áo: Ngắn tay
Do công việc nên hàng ngày bạn phải sử dụng áo sơ mi nữ công sở để đi làm, việc tránh trùng lập trang phục là điều gây cho bạn nhiều khó khăn. Vì vậy, bạn đang muốn tìm cho mình một mẫu áo sơ mi nữ đẹp có thiết kế độc đáo nhưng lại phải chuẩn phom dáng công sở để đi làm.
Khi gặp vấn đề tương tự rất nhiều người đã tìm ra giải pháp bằng cách tìm tới thương hiệu thời trang công sở MC fashion. Một thương hiệu thời trang Việt với rất nhiều mẫu sơ mi công sở đẹp có chất liệu tốt, thiết kế thanh lịch. Mời bạn cùng tôi tham khảo mẫu sơ mi mới ra mắt A665 của MC fashion và hy vọng những vấn đề của bạn sẽ được giải quyết.
***Chất liệu vải lụa silk của mẫu áo sơ mi nữ công sở đẹp.
Chất liệu của mẫu áo sơ mi nữ công sở đẹp A665 vải lụa silk mềm mát chắc chắn sẽ rất phù hợp với những những nữ công sở có thời gian làm việc dài và cường độ làm việc cao. Mặt vải không bao giờ bị sùi hoặc rút sợi ngược lại luôn cho cảm giác láng mịn cao cấp.
Tính thấm hút mồ hôi tốt cũng là một đặc điểm cơ bản của loại chất liệu vải nhập khẩu từ Hàn Quốc này. Độ co giãn nhẹ nhàng đem tới cảm giác thỏa mái mỗi khi mặc đồ mà không hề gây cho bạn cảm giác khó chịu vì bó sát.
***Thiết kế đậm chất công sở nhưng rất trẻ trung.
Áo có cổ đức sắc nét mang tới nét hiện đại của một nữ công sở trẻ trung, tay ngắn năng động phù hợp với những công việc nhiều hoạt động, áo sơ mi nữ công sở A665 giúp bạn quên đi nỗi lo lắng hở ngực thường xuất hiện ở những mẫu sơ mi công sở nhờ hàng khuy được thiết kế tới bảy nút nằm gọn trong nẹp áo. Bâu áo lượn khuyết nhẹ giúp bạn dễ dàng sơ vin và áo cũng luôn giữ được phom dáng chuẩn. Thân áo chiết eo tạo dáng gọn gàng ngay cả với những bạn nữ có vòng 2 lớn.
Áo Sơ Mi Nữ Công Sở Mc Fashion, Kiểu Dáng Tay Ngắn Cộc, Họa Tiết Kẻ Sọc Caro, 2 Màu( Vàng, Xanh Đen Tím Than) A665
#aosominu #aosomi #aosominukieu #aosominucotru #aosominucongso #aosominutayngan #aosominutrang #aosominudep #aosominucobeo #aosominukieuhanquoc #aosominucoctay #aosominutaydai #aosominukesoc #aosominudaitay #aosominuden #aosominutaylo #aosominungantay #aosominumauden');
            
            INSERT INTO product_images (product_id, name, path) 
            VALUES (9220981350, 'SP_9220981350_1.jpg', 'images/products/4/SP_9220981350_1.jpg');
            
            INSERT INTO product_images (product_id, name, path) 
            VALUES (9220981350, 'SP_9220981350_2.jpg', 'images/products/4/SP_9220981350_2.jpg');
            
            INSERT INTO product_images (product_id, name, path) 
            VALUES (9220981350, 'SP_9220981350_3.jpg', 'images/products/4/SP_9220981350_3.jpg');
            
            INSERT INTO product_images (product_id, name, path) 
            VALUES (9220981350, 'SP_9220981350_4.jpg', 'images/products/4/SP_9220981350_4.jpg');
            
            INSERT INTO product_images (product_id, name, path) 
            VALUES (9220981350, 'SP_9220981350_5.jpg', 'images/products/4/SP_9220981350_5.jpg');
            
            INSERT INTO product_images (product_id, name, path) 
            VALUES (9220981350, 'SP_9220981350_6.jpg', 'images/products/4/SP_9220981350_6.jpg');
            
            INSERT INTO product_images (product_id, name, path) 
            VALUES (9220981350, 'SP_9220981350_7.jpg', 'images/products/4/SP_9220981350_7.jpg');
            
            INSERT INTO product_images (product_id, name, path) 
            VALUES (9220981350, 'SP_9220981350_8.jpg', 'images/products/4/SP_9220981350_8.jpg');
            
            INSERT INTO product_images (product_id, name, path) 
            VALUES (9220981350, 'SP_9220981350_9.jpg', 'images/products/4/SP_9220981350_9.jpg');
            
            INSERT INTO product_details (id, product_id, size, color, unique_search_id, quantity)
            VALUES (63943292086, 9220981350, 'L', 'VÀNG', 'aglnv', 2);
            
            INSERT INTO product_details (id, product_id, size, color, unique_search_id, quantity)
            VALUES (63943292087, 9220981350, 'XL', 'VÀNG', 'aglnvx', 2);
            
            INSERT INTO product_details (id, product_id, size, color, unique_search_id, quantity)
            VALUES (63943292088, 9220981350, 'S', 'XANH THAN', ' aahhnnstx', 2);
            
            INSERT INTO product_details (id, product_id, size, color, unique_search_id, quantity)
            VALUES (63943292089, 9220981350, 'M', 'XANH THAN', ' aahhmnntx', 2);
            
            INSERT INTO product_details (id, product_id, size, color, unique_search_id, quantity)
            VALUES (63943292090, 9220981350, 'L', 'XANH THAN', ' aahhlnntx', 1);
            
            INSERT INTO product_details (id, product_id, size, color, unique_search_id, quantity)
            VALUES (63943292091, 9220981350, 'XL', 'XANH THAN', ' aahhlnntxx', 2);
            
            INSERT INTO product_details (id, product_id, size, color, unique_search_id, quantity)
            VALUES (73943291951, 9220981350, 'S', 'VÀNG', 'agnsv', 2);
            
            INSERT INTO product_details (id, product_id, size, color, unique_search_id, quantity)
            VALUES (73943291952, 9220981350, 'M', 'VÀNG', 'agmnv', 1);
            
            
            INSERT INTO products (id, sku, name, slug, category_id, unit_price, sale_price, preview_image_name, preview_image_path, views, description)
            VALUES (3554096264, 'SP05001', 'Áo thun Unisex N7 Basic Tee phông trơn nam nữ tay lỡ oversize form rộng 12 màu', 'ao-thun-unisex-n7-basic-tee-phong-tron-nam-nu-tay-lo-oversize-form-rong-12-mau', 5, 109000, 145000, 'SP_3554096264_0.jpg', 'images/products/5/SP_3554096264_0.jpg', 392823, 'Thông tin sản phẩm Áo thun Unisex N7 Basic Tee phông trơn nam nữ tay lỡ oversize form rộng 12 màu:
- Hàng chuẩn N7 sản xuất, tem mác chuẩn chính hãng.
- Chất liệu: thun cotton 100%, co giãn 4 chiều, vải mềm, vải mịn, thoáng mát, không xù lông.
- Đường may chuẩn chỉnh, tỉ mỉ, chắc chắn.
- Mặc ở nhà, mặc đi chơi hoặc khi vận động thể thao. Phù hợp khi mix đồ với nhiều loại.
- Thiết kế hiện đại, trẻ trung, năng động. Dễ phối đồ.

Thông số chọn size:
Size M: 1m50-1m60 (50-65kg) 
Size L: 1m55-1m70 (55-65kg) 
Size XL: 1m68- 1m80 (60-70kg) 
Size 2XL: 1m75- 1m85 (70-80kg)
(Bảng trên chỉ mang tính chất tham khảo, chọn mặc fom vừa vặn thoải mái, lên xuống size tuỳ theo sở thích ăn mặc của bạn)

Hướng dẫn sử dụng sản phẩm Áo thun Unisex N7 Basic Tee phông trơn nam nữ tay lỡ oversize form rộng 12 màu:
- Nhớ lộn trái áo khi giặt và không giặt ngâm
- Không giặt máy trong 10 ngày đầu
- Không sử dụng thuốc tẩy
- Khi phơi lộn trái và không phơi trực tiếp dưới ánh nắng mặt trời

CHÚNG TÔI XIN CAM KẾT:
Áo thun Unisex N7 Basic Tee phông trơn nam nữ tay lỡ oversize form rộng 12 màu:
Đảm bảo vải chuẩn cotton 4 chiều 100% chất lượng .
Hàng có sẵn, giao hàng ngay khi nhận được đơn đặt hàng .
Hoàn tiền 100% nếu sản phẩm lỗi, nhầm hoặc không giống với mô tả.
Chấp nhận đổi hàng khi size không vừa (vui lòng nhắn tin riêng cho shop).
Giao hàng toàn quốc, thanh toán khi nhận hàng.
Hỗ trợ đổi trả theo quy định của Shopee .

1. Điều kiện áp dụng đổi sản phẩm (trong vòng 07 ngày kể từ khi nhận sản phẩm) 
- Hàng hoá vẫn còn mới nguyên tem mác, chưa qua sử dụng.
- Hàng hoá bị lỗi hoặc hư hỏng do vận chuyển hoặc do nhà sản xuất 

2. Trường hợp không đủ điều kiện áp dụng chính sách: 
- Quá 07 ngày kể từ khi Quý khách nhận hàng từ shopee.
- Gửi lại hàng không đúng mẫu mã, không phải sản phẩm của N7.
- Không thích, không hợp, đặt nhầm mã, nhầm màu, yêu cầu kiểm tra hàng trước khi thanh toán.

Do màn hình và điều kiện ánh sáng khác nhau, màu sắc thực tế của sản phẩm có thể chênh lệch khoảng 5-10%

Chúng tôi không chịu trách nhiệm trong trường hợp quý khách chọn nhầm màu sắc, hoa văn, kích thước; bên cạnh đó các vấn đề khiếm khuyết nhỏ không đáng kể hay độ lệch màu ít giữa sản phẩm thực tế và hình ảnh minh họa sẽ không gây ảnh hưởng đến vấn đề chất lượng...

Hàng giá rẻ sẽ có chất lượng kém, xin đừng so sánh với sản phẩm chất lượng cao của chúng tôi. Trong trường hợp nhận được các sản phẩm có vấn đề không đáng kể ví dụ như bề mặt hơi bẩn có thể hết sau khi giặt, có chỉ thừa.... chúng tôi hy vọng bạn có thể tự mình giải quyết các vấn đề đó. Nếu bạn là người cầu toàn và sẽ bận tâm về các vấn đề đó, mong bạn cân nhắc cẩn thận trước khi đặt sản phẩm.

NẾU CÂN NẶNG CỦA BẠN QUÁ CỠ - XIN ĐỪNG CHỌN MUA SẢN PHẨM NÀY - CHỌN KÍCH CỠ SAI SẼ KHIẾN BẠN CẢM THẤY KHÔNG HÀI LÒNG VÀ ĐƯA RA PHẢN HỒI TIÊU CỰC.

#aothun #unisex #freesize #taylo #ao #thun #inhinh #hanquoc #formrong #streetwear #aothununisex #aothuntaylo #aophong #oversize #aounisex #aothuntron #n7');
            
            INSERT INTO product_images (product_id, name, path) 
            VALUES (3554096264, 'SP_3554096264_1.jpg', 'images/products/5/SP_3554096264_1.jpg');
            
            INSERT INTO product_images (product_id, name, path) 
            VALUES (3554096264, 'SP_3554096264_2.jpg', 'images/products/5/SP_3554096264_2.jpg');
            
            INSERT INTO product_images (product_id, name, path) 
            VALUES (3554096264, 'SP_3554096264_3.jpg', 'images/products/5/SP_3554096264_3.jpg');
            
            INSERT INTO product_images (product_id, name, path) 
            VALUES (3554096264, 'SP_3554096264_4.jpg', 'images/products/5/SP_3554096264_4.jpg');
            
            INSERT INTO product_images (product_id, name, path) 
            VALUES (3554096264, 'SP_3554096264_5.jpg', 'images/products/5/SP_3554096264_5.jpg');
            
            INSERT INTO product_images (product_id, name, path) 
            VALUES (3554096264, 'SP_3554096264_6.jpg', 'images/products/5/SP_3554096264_6.jpg');
            
            INSERT INTO product_images (product_id, name, path) 
            VALUES (3554096264, 'SP_3554096264_7.jpg', 'images/products/5/SP_3554096264_7.jpg');
            
            INSERT INTO product_images (product_id, name, path) 
            VALUES (3554096264, 'SP_3554096264_8.jpg', 'images/products/5/SP_3554096264_8.jpg');
            
            INSERT INTO product_images (product_id, name, path) 
            VALUES (3554096264, 'SP_3554096264_9.jpg', 'images/products/5/SP_3554096264_9.jpg');
            
            INSERT INTO product_details (id, product_id, size, color, unique_search_id, quantity)
            VALUES (61173181090, 3554096264, 'M', 'Tím ', ' immt', 123);
            
            INSERT INTO product_details (id, product_id, size, color, unique_search_id, quantity)
            VALUES (61173181091, 3554096264, 'M', 'Xám', 'ammx', 128);
            
            INSERT INTO product_details (id, product_id, size, color, unique_search_id, quantity)
            VALUES (61173181092, 3554096264, '2XL', 'Hồng Ruốc', ' 2cghlnoorux', 149);
            
            INSERT INTO product_details (id, product_id, size, color, unique_search_id, quantity)
            VALUES (61173181093, 3554096264, 'L', 'Tím ', ' ilmt', 114);
            
            INSERT INTO product_details (id, product_id, size, color, unique_search_id, quantity)
            VALUES (61173181094, 3554096264, 'XL', 'Tím ', ' ilmtx', 157);
            
            INSERT INTO product_details (id, product_id, size, color, unique_search_id, quantity)
            VALUES (61173181096, 3554096264, 'XL', 'Xám', 'almxx', 143);
            
            INSERT INTO product_details (id, product_id, size, color, unique_search_id, quantity)
            VALUES (61173181097, 3554096264, 'M', 'Hồng Ruốc', ' cghmnooru', 89);
            
            INSERT INTO product_details (id, product_id, size, color, unique_search_id, quantity)
            VALUES (61173181098, 3554096264, 'L', 'Hồng Ruốc', ' cghlnooru', 94);
            
            INSERT INTO product_details (id, product_id, size, color, unique_search_id, quantity)
            VALUES (61173181099, 3554096264, '2XL', 'Xám', '2almxx', 40);
            
            INSERT INTO product_details (id, product_id, size, color, unique_search_id, quantity)
            VALUES (61173181100, 3554096264, 'L', 'Xám', 'almx', 117);
            
            INSERT INTO product_details (id, product_id, size, color, unique_search_id, quantity)
            VALUES (61173181102, 3554096264, 'XL', 'Hồng Ruốc', ' cghlnoorux', 104);
            
            INSERT INTO product_details (id, product_id, size, color, unique_search_id, quantity)
            VALUES (61173181104, 3554096264, '2XL', 'Tím ', ' 2ilmtx', 78);
            
            INSERT INTO product_details (id, product_id, size, color, unique_search_id, quantity)
            VALUES (61260667375, 3554096264, 'M', 'Xanh Mint', ' ahimmnntx', 91);
            
            INSERT INTO product_details (id, product_id, size, color, unique_search_id, quantity)
            VALUES (61260667377, 3554096264, '2XL', 'Xanh Mint', ' 2ahilmnntxx', 103);
            
            INSERT INTO product_details (id, product_id, size, color, unique_search_id, quantity)
            VALUES (61260667378, 3554096264, 'XL', 'Xanh Mint', ' ahilmnntxx', 128);
            
            INSERT INTO product_details (id, product_id, size, color, unique_search_id, quantity)
            VALUES (61260667379, 3554096264, 'L', 'Xanh Lam', ' aahllmnx', 129);
            
            INSERT INTO product_details (id, product_id, size, color, unique_search_id, quantity)
            VALUES (61260667381, 3554096264, 'L', 'Xanh Mint', ' ahilmnntx', 83);
            
            INSERT INTO product_details (id, product_id, size, color, unique_search_id, quantity)
            VALUES (61260667382, 3554096264, 'M', 'Xanh Lam', ' aahlmmnx', 174);
            
            INSERT INTO product_details (id, product_id, size, color, unique_search_id, quantity)
            VALUES (61260667383, 3554096264, 'XL', 'Xanh Lam', ' aahllmnxx', 123);
            
            INSERT INTO product_details (id, product_id, size, color, unique_search_id, quantity)
            VALUES (61260667384, 3554096264, '2XL', 'Xanh Lam', ' 2aahllmnxx', 146);
            
            INSERT INTO product_details (id, product_id, size, color, unique_search_id, quantity)
            VALUES (71126664613, 3554096264, 'L', 'Trắng', 'aglnrt', 108);
            
            INSERT INTO product_details (id, product_id, size, color, unique_search_id, quantity)
            VALUES (71126664615, 3554096264, '2XL', 'Xanh Blue', ' 2abehllnuxx', 89);
            
            INSERT INTO product_details (id, product_id, size, color, unique_search_id, quantity)
            VALUES (71126664616, 3554096264, 'XL', 'Đen', 'delnx', 0);
            
            INSERT INTO product_details (id, product_id, size, color, unique_search_id, quantity)
            VALUES (71126664618, 3554096264, 'XL', 'Xanh Blue', ' abehllnuxx', 63);
            
            INSERT INTO product_details (id, product_id, size, color, unique_search_id, quantity)
            VALUES (71126664619, 3554096264, 'M', 'Cam', 'acmm', 77);
            
            INSERT INTO product_details (id, product_id, size, color, unique_search_id, quantity)
            VALUES (71126664620, 3554096264, 'XL', 'Cam', 'aclmx', 143);
            
            INSERT INTO product_details (id, product_id, size, color, unique_search_id, quantity)
            VALUES (71126664621, 3554096264, '2XL', 'Cam', '2aclmx', 159);
            
            INSERT INTO product_details (id, product_id, size, color, unique_search_id, quantity)
            VALUES (71126664623, 3554096264, 'M', 'Hồng Pastel', ' aeghlmnopst', 12);
            
            INSERT INTO product_details (id, product_id, size, color, unique_search_id, quantity)
            VALUES (71126664624, 3554096264, '2XL', 'Trắng', '2aglnrtx', 155);
            
            INSERT INTO product_details (id, product_id, size, color, unique_search_id, quantity)
            VALUES (71126664625, 3554096264, 'L', 'Xanh Blue', ' abehllnux', 112);
            
            INSERT INTO product_details (id, product_id, size, color, unique_search_id, quantity)
            VALUES (71126664626, 3554096264, '2XL', 'Hồng Pastel', ' 2aeghllnopstx', 172);
            
            INSERT INTO product_details (id, product_id, size, color, unique_search_id, quantity)
            VALUES (71126664627, 3554096264, 'M', 'Trắng', 'agmnrt', 141);
            
            INSERT INTO product_details (id, product_id, size, color, unique_search_id, quantity)
            VALUES (71126664628, 3554096264, 'M', 'Xanh Blue', ' abehlmnux', 113);
            
            INSERT INTO product_details (id, product_id, size, color, unique_search_id, quantity)
            VALUES (71126664629, 3554096264, '2XL', 'Đen', '2delnx', 0);
            
            INSERT INTO product_details (id, product_id, size, color, unique_search_id, quantity)
            VALUES (71126664630, 3554096264, 'XL', 'Trắng', 'aglnrtx', 91);
            
            INSERT INTO product_details (id, product_id, size, color, unique_search_id, quantity)
            VALUES (71126664632, 3554096264, 'L', 'Cam', 'aclm', 87);
            
            INSERT INTO product_details (id, product_id, size, color, unique_search_id, quantity)
            VALUES (71126664633, 3554096264, 'L', 'Hồng Pastel', ' aeghllnopst', 100);
            
            INSERT INTO product_details (id, product_id, size, color, unique_search_id, quantity)
            VALUES (71126664634, 3554096264, 'XL', 'Hồng Pastel', ' aeghllnopstx', 113);
            
            INSERT INTO product_details (id, product_id, size, color, unique_search_id, quantity)
            VALUES (71126664635, 3554096264, 'M', 'Đen', 'demn', 114);
            
            INSERT INTO product_details (id, product_id, size, color, unique_search_id, quantity)
            VALUES (71126664636, 3554096264, 'L', 'Đen', 'deln', 0);
            
            INSERT INTO product_details (id, product_id, size, color, unique_search_id, quantity)
            VALUES (71391711722, 3554096264, 'XL', 'Be', 'belx', 149);
            
            INSERT INTO product_details (id, product_id, size, color, unique_search_id, quantity)
            VALUES (71391711723, 3554096264, 'L', 'Chuối', 'chilou', 113);
            
            INSERT INTO product_details (id, product_id, size, color, unique_search_id, quantity)
            VALUES (71391711724, 3554096264, 'M', 'Be', 'bem', 147);
            
            INSERT INTO product_details (id, product_id, size, color, unique_search_id, quantity)
            VALUES (71391711725, 3554096264, '2XL', 'Be', '2belx', 175);
            
            INSERT INTO product_details (id, product_id, size, color, unique_search_id, quantity)
            VALUES (71391711726, 3554096264, '2XL', 'Chuối', '2chiloux', 164);
            
            INSERT INTO product_details (id, product_id, size, color, unique_search_id, quantity)
            VALUES (71391711727, 3554096264, 'L', 'Be', 'bel', 231);
            
            INSERT INTO product_details (id, product_id, size, color, unique_search_id, quantity)
            VALUES (71391711728, 3554096264, 'M', 'Chuối', 'chimou', 126);
            
            INSERT INTO product_details (id, product_id, size, color, unique_search_id, quantity)
            VALUES (71391711729, 3554096264, 'XL', 'Chuối', 'chiloux', 135);
            
            INSERT INTO products (id, sku, name, slug, category_id, unit_price, sale_price, preview_image_name, preview_image_path, views, description)
            VALUES (4981395613, 'SP05002', 'Áo Thun Unisex Tee Basic Slyder Streetwear', 'ao-thun-unisex-tee-basic-slyder-streetwear', 5, 99000, 119000, 'SP_4981395613_0.jpg', 'images/products/5/SP_4981395613_0.jpg', 27383, 'Áo thun Unisex Tee Basic Slyder Ss2 Full tags - Áo Thun Tay Lỡ Streetwear. 
Chất liệu thun cotton :
- Cotton 100% chính phẩm, bo cổ dày dặn
- Chất vải dày dặn co dãn,thấm hút tốt
- Bảng size đã có đầy đủ kích thước nên các bạn hãy chọn theo bảng size nhé
Khi giặt : 
- Đối với áo mới mua để tránh bị ảnh hưởng vì sự ra màu ít nhiều của vải cần hạn chế ngâm nước lâu và đặc biệt không ngâm chung với các áo khác. Áo mới màu Đen, Đỏ nên ngâm giặt riêng trong lần giặt đầu tiên, từ lần thứ hai trở đi giặt chung thoải mái.
Khi Phơi:
- Vắt áo khô ráo không nên để áo quá ướt khi phơi (hạn chế áo bị kéo dãn khi phơi sào vì nước chảy xuống phía dưới áo rất nặng)
- Nên lộn mặt trong ra ngoài để phơi ( hạn chế tối đa bạc màu vì ánh nắng gắt )
Khi ủi :
- Không ủi ở nhiệt độ quá cao.
- Không ủi trực tiếp lên hình in ở nhiệt độ cao.
Trên đây là các kinh nghiệm thực tế được rút kết từ rất nhiều bạn có kinh nghiệm về Tee của các brand ở VIETNAM, Slyder cảm ơn quý khách đã dành thời gian đọc qua và hãy ủng hộ Slyder nhé.
#tee #localbrand #slyderbrand #aothun #slyderofficial #slyder.');
            
            INSERT INTO product_images (product_id, name, path) 
            VALUES (4981395613, 'SP_4981395613_1.jpg', 'images/products/5/SP_4981395613_1.jpg');
            
            INSERT INTO product_images (product_id, name, path) 
            VALUES (4981395613, 'SP_4981395613_2.jpg', 'images/products/5/SP_4981395613_2.jpg');
            
            INSERT INTO product_images (product_id, name, path) 
            VALUES (4981395613, 'SP_4981395613_3.jpg', 'images/products/5/SP_4981395613_3.jpg');
            
            INSERT INTO product_images (product_id, name, path) 
            VALUES (4981395613, 'SP_4981395613_4.jpg', 'images/products/5/SP_4981395613_4.jpg');
            
            INSERT INTO product_images (product_id, name, path) 
            VALUES (4981395613, 'SP_4981395613_5.jpg', 'images/products/5/SP_4981395613_5.jpg');
            
            INSERT INTO product_images (product_id, name, path) 
            VALUES (4981395613, 'SP_4981395613_6.jpg', 'images/products/5/SP_4981395613_6.jpg');
            
            INSERT INTO product_images (product_id, name, path) 
            VALUES (4981395613, 'SP_4981395613_7.jpg', 'images/products/5/SP_4981395613_7.jpg');
            
            INSERT INTO product_images (product_id, name, path) 
            VALUES (4981395613, 'SP_4981395613_8.jpg', 'images/products/5/SP_4981395613_8.jpg');
            
            INSERT INTO product_images (product_id, name, path) 
            VALUES (4981395613, 'SP_4981395613_9.jpg', 'images/products/5/SP_4981395613_9.jpg');
            
            INSERT INTO product_details (id, product_id, size, color, unique_search_id, quantity)
            VALUES (54065512585, 4981395613, 'M', 'Trắng', 'agmnrt', 959);
            
            INSERT INTO product_details (id, product_id, size, color, unique_search_id, quantity)
            VALUES (54065512586, 4981395613, 'XL', 'Tím cà', ' acilmtx', 982);
            
            INSERT INTO product_details (id, product_id, size, color, unique_search_id, quantity)
            VALUES (54065512587, 4981395613, 'XXL', 'Tím cà', ' acilmtxx', 986);
            
            INSERT INTO product_details (id, product_id, size, color, unique_search_id, quantity)
            VALUES (54065512588, 4981395613, 'XXL', 'Da', 'adlxx', 989);
            
            INSERT INTO product_details (id, product_id, size, color, unique_search_id, quantity)
            VALUES (54065512589, 4981395613, 'L', 'Biển', 'beiln', 950);
            
            INSERT INTO product_details (id, product_id, size, color, unique_search_id, quantity)
            VALUES (54065512590, 4981395613, 'XL', 'Cam', 'aclmx', 973);
            
            INSERT INTO product_details (id, product_id, size, color, unique_search_id, quantity)
            VALUES (54065512591, 4981395613, 'M', 'Đen', 'demn', 937);
            
            INSERT INTO product_details (id, product_id, size, color, unique_search_id, quantity)
            VALUES (54065512592, 4981395613, 'M', 'Tím cà', ' acimmt', 986);
            
            INSERT INTO product_details (id, product_id, size, color, unique_search_id, quantity)
            VALUES (54065512593, 4981395613, 'S', 'Da', 'ads', 989);
            
            INSERT INTO product_details (id, product_id, size, color, unique_search_id, quantity)
            VALUES (54065512594, 4981395613, 'XXL', 'Biển', 'beilnxx', 980);
            
            INSERT INTO product_details (id, product_id, size, color, unique_search_id, quantity)
            VALUES (54065512595, 4981395613, 'S', 'Cam', 'acms', 985);
            
            INSERT INTO product_details (id, product_id, size, color, unique_search_id, quantity)
            VALUES (54065512596, 4981395613, 'XL', 'Đen', 'delnx', 939);
            
            INSERT INTO product_details (id, product_id, size, color, unique_search_id, quantity)
            VALUES (54065512597, 4981395613, 'S', 'Trắng', 'agnrst', 977);
            
            INSERT INTO product_details (id, product_id, size, color, unique_search_id, quantity)
            VALUES (54065512598, 4981395613, 'XL', 'Da', 'adlx', 989);
            
            INSERT INTO product_details (id, product_id, size, color, unique_search_id, quantity)
            VALUES (54065512599, 4981395613, 'L', 'Cam', 'aclm', 973);
            
            INSERT INTO product_details (id, product_id, size, color, unique_search_id, quantity)
            VALUES (54065512600, 4981395613, 'XXL', 'Cam', 'aclmxx', 985);
            
            INSERT INTO product_details (id, product_id, size, color, unique_search_id, quantity)
            VALUES (54065512601, 4981395613, 'XL', 'Trắng', 'aglnrtx', 964);
            
            INSERT INTO product_details (id, product_id, size, color, unique_search_id, quantity)
            VALUES (54065512602, 4981395613, 'XXL', 'Trắng', 'aglnrtxx', 974);
            
            INSERT INTO product_details (id, product_id, size, color, unique_search_id, quantity)
            VALUES (54065512603, 4981395613, 'S', 'Tím cà', ' acimst', 989);
            
            INSERT INTO product_details (id, product_id, size, color, unique_search_id, quantity)
            VALUES (54065512604, 4981395613, 'M', 'Biển', 'beimn', 954);
            
            INSERT INTO product_details (id, product_id, size, color, unique_search_id, quantity)
            VALUES (54065512605, 4981395613, 'XXL', 'Xanh than', ' aahhlnntxxx', 981);
            
            INSERT INTO product_details (id, product_id, size, color, unique_search_id, quantity)
            VALUES (54065512606, 4981395613, 'S', 'Đen', 'dens', 978);
            
            INSERT INTO product_details (id, product_id, size, color, unique_search_id, quantity)
            VALUES (54065512607, 4981395613, 'L', 'Đen', 'deln', 924);
            
            INSERT INTO product_details (id, product_id, size, color, unique_search_id, quantity)
            VALUES (54065512608, 4981395613, 'L', 'Trắng', 'aglnrt', 954);
            
            INSERT INTO product_details (id, product_id, size, color, unique_search_id, quantity)
            VALUES (64065512499, 4981395613, 'L', 'Tím cà', ' acilmt', 983);
            
            INSERT INTO product_details (id, product_id, size, color, unique_search_id, quantity)
            VALUES (64065512500, 4981395613, 'M', 'Xanh than', ' aahhmnntx', 982);
            
            INSERT INTO product_details (id, product_id, size, color, unique_search_id, quantity)
            VALUES (64065512501, 4981395613, 'M', 'Da', 'adm', 987);
            
            INSERT INTO product_details (id, product_id, size, color, unique_search_id, quantity)
            VALUES (64065512502, 4981395613, 'XL', 'Biển', 'beilnx', 971);
            
            INSERT INTO product_details (id, product_id, size, color, unique_search_id, quantity)
            VALUES (64065512503, 4981395613, 'M', 'Cam', 'acmm', 978);
            
            INSERT INTO product_details (id, product_id, size, color, unique_search_id, quantity)
            VALUES (64065512504, 4981395613, 'S', 'Xanh than', ' aahhnnstx', 987);
            
            INSERT INTO product_details (id, product_id, size, color, unique_search_id, quantity)
            VALUES (64065512505, 4981395613, 'L', 'Xanh than', ' aahhlnntx', 971);
            
            INSERT INTO product_details (id, product_id, size, color, unique_search_id, quantity)
            VALUES (64065512506, 4981395613, 'S', 'Biển', 'beins', 980);
            
            INSERT INTO product_details (id, product_id, size, color, unique_search_id, quantity)
            VALUES (64065512507, 4981395613, 'XXL', 'Đen', 'delnxx', 963);
            
            INSERT INTO product_details (id, product_id, size, color, unique_search_id, quantity)
            VALUES (64065512508, 4981395613, 'XL', 'Xanh than', ' aahhlnntxx', 976);
            
            INSERT INTO product_details (id, product_id, size, color, unique_search_id, quantity)
            VALUES (64065512509, 4981395613, 'L', 'Da', 'adl', 986);
            
            INSERT INTO products (id, sku, name, slug, category_id, unit_price, sale_price, preview_image_name, preview_image_path, views, description)
            VALUES (7422332172, 'SP05003', '[Mã FASHIONMALLT4 giảm tới 30K đơn 150K] Áo thun Unisex SDVN SWEETHEART', 'ma-fashionmallt4-giam-toi-30k-don-150k-ao-thun-unisex-sdvn-sweetheart', 5, 120000, 150000, 'SP_7422332172_0.jpg', 'images/products/5/SP_7422332172_0.jpg', 9662, 'Chất liệu: Thun cotton 65/35 4 chiều, với 65% cotton, 35% polyester
Kĩ thuật in: In lụa
Tem cổ đính trên cổ áo, size áo ở dưới tem cổ và in trên tag.
Kích cỡ gồm 4 size: S / M / L / XL. Quý khách vui lòng tham khảo bảng thông số size ở ảnh cuối.

Hướng dẫn sử dụng và bảo quản áo:
- Giặt áo trước khi mặc để áo mềm mại hơn
- Lộn trái áo khi giặt/ngâm và cả khi phơi để giữ hình in không bị bong tróc
- Để cổ áo không bị giãn: tránh tròng móc vào cổ áo khi phơi, nên gập áo lên thanh ngang của móc

SDVN CAM KẾT:
- Sản phẩm giống với hình ảnh đăng tải (Do màn hình và điều kiện ánh sáng khác nhau, màu sắc bên ngoài có thể sẽ chênh lệch 1 chút so với trên hình)
- Hỗ trợ khách hàng đổi size nếu mặc không vừa
- Đổi/trả hàng/giao lại miễn phí nếu: lỗi sản xuất, giao nhầm mẫu, nhầm size, giao thiếu sản phẩm
- Thực hiện đúng các quy định trả hàng/hoàn tiền của Shopee

Điều kiện đổi/trả hàng:
- Trong vòng 7 ngày kể từ khi nhận hàng
- Áo chưa qua sử dụng, chưa giặt
- Tag và mạc áo còn nguyên, chưa cắt
- Không hỗ trợ đổi/trả hàng nếu: không thích, không hợp, đặt nhầm mẫu, nhầm màu.

#sdvn #aothunsdvn #aothununisex #aothuncotton #madeinvietnam #localbrand #shopeemall #formrong #inhinh #streetstyle #streetwear');
            
            INSERT INTO product_images (product_id, name, path) 
            VALUES (7422332172, 'SP_7422332172_1.jpg', 'images/products/5/SP_7422332172_1.jpg');
            
            INSERT INTO product_images (product_id, name, path) 
            VALUES (7422332172, 'SP_7422332172_2.jpg', 'images/products/5/SP_7422332172_2.jpg');
            
            INSERT INTO product_images (product_id, name, path) 
            VALUES (7422332172, 'SP_7422332172_3.jpg', 'images/products/5/SP_7422332172_3.jpg');
            
            INSERT INTO product_images (product_id, name, path) 
            VALUES (7422332172, 'SP_7422332172_4.jpg', 'images/products/5/SP_7422332172_4.jpg');
            
            INSERT INTO product_images (product_id, name, path) 
            VALUES (7422332172, 'SP_7422332172_5.jpg', 'images/products/5/SP_7422332172_5.jpg');
            
            INSERT INTO product_details (id, product_id, size, color, unique_search_id, quantity)
            VALUES (15305277327, 7422332172, 'S', 'Trắng', 'agnrst', 3);
            
            INSERT INTO product_details (id, product_id, size, color, unique_search_id, quantity)
            VALUES (15305277328, 7422332172, 'M', 'Trắng', 'agmnrt', 1);
            
            INSERT INTO product_details (id, product_id, size, color, unique_search_id, quantity)
            VALUES (15305277329, 7422332172, 'L', 'Trắng', 'aglnrt', 10);
            
            INSERT INTO product_details (id, product_id, size, color, unique_search_id, quantity)
            VALUES (15305277330, 7422332172, 'XL', 'Trắng', 'aglnrtx', 51);
            
            INSERT INTO product_details (id, product_id, size, color, unique_search_id, quantity)
            VALUES (15305277331, 7422332172, 'S', 'Đen', 'dens', 5);
            
            INSERT INTO product_details (id, product_id, size, color, unique_search_id, quantity)
            VALUES (15305277332, 7422332172, 'M', 'Đen', 'demn', 4);
            
            INSERT INTO product_details (id, product_id, size, color, unique_search_id, quantity)
            VALUES (15305277333, 7422332172, 'L', 'Đen', 'deln', 9);
            
            INSERT INTO product_details (id, product_id, size, color, unique_search_id, quantity)
            VALUES (15305277334, 7422332172, 'XL', 'Đen', 'delnx', 39);
            
            INSERT INTO product_details (id, product_id, size, color, unique_search_id, quantity)
            VALUES (15305277339, 7422332172, 'S', 'Dâu', 'adsu', 0);
            
            INSERT INTO product_details (id, product_id, size, color, unique_search_id, quantity)
            VALUES (15305277340, 7422332172, 'M', 'Dâu', 'admu', 2);
            
            INSERT INTO product_details (id, product_id, size, color, unique_search_id, quantity)
            VALUES (15305277341, 7422332172, 'L', 'Dâu', 'adlu', 8);
            
            INSERT INTO product_details (id, product_id, size, color, unique_search_id, quantity)
            VALUES (15305277342, 7422332172, 'XL', 'Dâu', 'adlux', 19);
            
            INSERT INTO product_details (id, product_id, size, color, unique_search_id, quantity)
            VALUES (43573589200, 7422332172, 'M', 'Xanh ngọc', ' acghmnnox', 14);
            
            INSERT INTO product_details (id, product_id, size, color, unique_search_id, quantity)
            VALUES (43573589201, 7422332172, 'L', 'Xanh ngọc', ' acghlnnox', 24);
            
            INSERT INTO product_details (id, product_id, size, color, unique_search_id, quantity)
            VALUES (43573589202, 7422332172, 'S', 'Xanh ngọc', ' acghnnosx', 10);
            
            INSERT INTO product_details (id, product_id, size, color, unique_search_id, quantity)
            VALUES (43573589203, 7422332172, 'XL', 'Xanh ngọc', ' acghlnnoxx', 7);
            
            INSERT INTO products (id, sku, name, slug, category_id, unit_price, sale_price, preview_image_name, preview_image_path, views, description)
            VALUES (5276685764, 'SP05004', 'Áo thun tay ngắn dáng rộng in họa tiết thời trang mùa hè đa năng cho nam', 'ao-thun-tay-ngan-dang-rong-in-hoa-tiet-thoi-trang-mua-he-da-nang-cho-nam', 5, 89000, 120000, 'SP_5276685764_0.jpg', 'images/products/5/SP_5276685764_0.jpg', 25441, 'Thời gian giao hàng dự kiến cho sản phẩm này là từ 7-9 ngày
 
 Hàng có sẵn, hàng siêu rẻ, tuyển chọn kỹ càng, hàng mới về mỗi ngày.
 
 Để xem thêm nhiều kiểu dáng khác, vui lòng bấm vào 👉 để xem cửa hàng.
 
 🔔🔔Nếu bạn thích mặc rộng có thể chọn cỡ lớn hơn! Nếu bạn không biết cách chọn cỡ, vui lòng liên hệ với dịch vụ chăm sóc khách hàng của chúng tôi để chúng tôi đề xuất cỡ giúp bạn!
 
 🔔🔔Vì cơ thể của mỗi người khác nhau và không được thử sản phẩm tại chỗ nên chúng tôi không thể đảm bảo rằng 100% tất cả mọi người đều phù hợp, chúng tôi chỉ có thể giới thiệu cỡ có thể phù hợp nhất, bạn nhé!
 
 🔔🔔Do lý do ánh sáng và màn hình khác nhau nên có thể có chênh lệch màu sắc, các bạn tham khảo sản phẩm thực tế nhé!
 
 🔔🔔Hàng được kiểm tra trước khi xuất xưởng. Mọi thắc mắc sau khi lấy hàng vui lòng liên hệ với chúng tôi trong thời gian sớm nhất. Đừng trực tiếp đánh giá tiêu cực, chúng tôi sẽ giúp bạn giải quyết vấn đề!');
            
            INSERT INTO product_images (product_id, name, path) 
            VALUES (5276685764, 'SP_5276685764_1.jpg', 'images/products/5/SP_5276685764_1.jpg');
            
            INSERT INTO product_images (product_id, name, path) 
            VALUES (5276685764, 'SP_5276685764_2.jpg', 'images/products/5/SP_5276685764_2.jpg');
            
            INSERT INTO product_images (product_id, name, path) 
            VALUES (5276685764, 'SP_5276685764_3.jpg', 'images/products/5/SP_5276685764_3.jpg');
            
            INSERT INTO product_images (product_id, name, path) 
            VALUES (5276685764, 'SP_5276685764_4.jpg', 'images/products/5/SP_5276685764_4.jpg');
            
            INSERT INTO product_images (product_id, name, path) 
            VALUES (5276685764, 'SP_5276685764_5.jpg', 'images/products/5/SP_5276685764_5.jpg');
            
            INSERT INTO product_images (product_id, name, path) 
            VALUES (5276685764, 'SP_5276685764_6.jpg', 'images/products/5/SP_5276685764_6.jpg');
            
            INSERT INTO product_images (product_id, name, path) 
            VALUES (5276685764, 'SP_5276685764_7.jpg', 'images/products/5/SP_5276685764_7.jpg');
            
            INSERT INTO product_details (id, product_id, size, color, unique_search_id, quantity)
            VALUES (53414166326, 5276685764, 'M', 'White', 'ehimtw', 947);
            
            INSERT INTO product_details (id, product_id, size, color, unique_search_id, quantity)
            VALUES (53414166327, 5276685764, 'L', 'Black', 'abckll', 909);
            
            INSERT INTO product_details (id, product_id, size, color, unique_search_id, quantity)
            VALUES (53414166328, 5276685764, 'XL', 'Black', 'abckllx', 935);
            
            INSERT INTO product_details (id, product_id, size, color, unique_search_id, quantity)
            VALUES (53414166329, 5276685764, 'M', 'Blue', 'belmu', 809);
            
            INSERT INTO product_details (id, product_id, size, color, unique_search_id, quantity)
            VALUES (53414166330, 5276685764, 'L', 'Blue', 'bellu', 781);
            
            INSERT INTO product_details (id, product_id, size, color, unique_search_id, quantity)
            VALUES (53414166331, 5276685764, 'L', 'White', 'ehiltw', 941);
            
            INSERT INTO product_details (id, product_id, size, color, unique_search_id, quantity)
            VALUES (53414166332, 5276685764, '2XL', 'White', '2ehiltwx', 976);
            
            INSERT INTO product_details (id, product_id, size, color, unique_search_id, quantity)
            VALUES (53414166333, 5276685764, '2XL', 'Blue', '2bellux', 898);
            
            INSERT INTO product_details (id, product_id, size, color, unique_search_id, quantity)
            VALUES (53414166334, 5276685764, '3XL', 'Blue', '3bellux', 885);
            
            INSERT INTO product_details (id, product_id, size, color, unique_search_id, quantity)
            VALUES (53414166335, 5276685764, '2XL', 'Black', '2abckllx', 953);
            
            INSERT INTO product_details (id, product_id, size, color, unique_search_id, quantity)
            VALUES (53414166336, 5276685764, 'XL', 'Blue', 'bellux', 839);
            
            INSERT INTO product_details (id, product_id, size, color, unique_search_id, quantity)
            VALUES (53414166337, 5276685764, 'M', 'Black', 'abcklm', 921);
            
            INSERT INTO product_details (id, product_id, size, color, unique_search_id, quantity)
            VALUES (53414166338, 5276685764, '3XL', 'White', '3ehiltwx', 970);
            
            INSERT INTO product_details (id, product_id, size, color, unique_search_id, quantity)
            VALUES (53414166339, 5276685764, '3XL', 'Black', '3abckllx', 940);
            
            INSERT INTO product_details (id, product_id, size, color, unique_search_id, quantity)
            VALUES (53414166340, 5276685764, 'XL', 'White', 'ehiltwx', 951);
            
            INSERT INTO products (id, sku, name, slug, category_id, unit_price, sale_price, preview_image_name, preview_image_path, views, description)
            VALUES (6279571667, 'SP05005', 'BÁN SỈ ÁO POLO NAM THÊU CÁ SẤU CỔ VIỀN', 'ban-si-ao-polo-nam-theu-ca-sau-co-vien', 5, 76500, 120000, 'SP_6279571667_0.jpg', 'images/products/5/SP_6279571667_0.jpg', 933, 'Áo polo nam ! 
TINH TẾ- ĐẲNG CẤP

Polo nam gai cá sấu
Thiết kế đơn giản nhưng vô cùng lịch sự, các anh mặc đi làm, tiếp đối tác, đi chơi oki

   :x: full sz M L Xl

Sz M 50-60kg
Sz L 60-68kg
Sz XL 68-75kg');
            
            INSERT INTO product_images (product_id, name, path) 
            VALUES (6279571667, 'SP_6279571667_1.jpg', 'images/products/5/SP_6279571667_1.jpg');
            
            INSERT INTO product_images (product_id, name, path) 
            VALUES (6279571667, 'SP_6279571667_2.jpg', 'images/products/5/SP_6279571667_2.jpg');
            
            INSERT INTO product_images (product_id, name, path) 
            VALUES (6279571667, 'SP_6279571667_3.jpg', 'images/products/5/SP_6279571667_3.jpg');
            
            INSERT INTO product_images (product_id, name, path) 
            VALUES (6279571667, 'SP_6279571667_4.jpg', 'images/products/5/SP_6279571667_4.jpg');
            
            INSERT INTO product_images (product_id, name, path) 
            VALUES (6279571667, 'SP_6279571667_5.jpg', 'images/products/5/SP_6279571667_5.jpg');
            
            INSERT INTO product_images (product_id, name, path) 
            VALUES (6279571667, 'SP_6279571667_6.jpg', 'images/products/5/SP_6279571667_6.jpg');
            
            INSERT INTO product_images (product_id, name, path) 
            VALUES (6279571667, 'SP_6279571667_7.jpg', 'images/products/5/SP_6279571667_7.jpg');
            
            INSERT INTO product_images (product_id, name, path) 
            VALUES (6279571667, 'SP_6279571667_8.jpg', 'images/products/5/SP_6279571667_8.jpg');
            
            INSERT INTO product_images (product_id, name, path) 
            VALUES (6279571667, 'SP_6279571667_9.jpg', 'images/products/5/SP_6279571667_9.jpg');
            
            INSERT INTO product_details (id, product_id, size, color, unique_search_id, quantity)
            VALUES (73723051439, 6279571667, 'M', 'Ghi', 'ghim', 0);
            
            INSERT INTO product_details (id, product_id, size, color, unique_search_id, quantity)
            VALUES (73723051440, 6279571667, 'L', 'Than', 'ahlnt', 0);
            
            INSERT INTO product_details (id, product_id, size, color, unique_search_id, quantity)
            VALUES (73723051441, 6279571667, 'XL', 'Ghi', 'ghilx', 0);
            
            INSERT INTO product_details (id, product_id, size, color, unique_search_id, quantity)
            VALUES (73723051442, 6279571667, 'M', 'Đen', 'demn', 13);
            
            INSERT INTO product_details (id, product_id, size, color, unique_search_id, quantity)
            VALUES (73723051443, 6279571667, 'L', 'Xanh', 'ahlnx', 0);
            
            INSERT INTO product_details (id, product_id, size, color, unique_search_id, quantity)
            VALUES (73723051444, 6279571667, 'XL', 'Than', 'ahlntx', 0);
            
            INSERT INTO product_details (id, product_id, size, color, unique_search_id, quantity)
            VALUES (73723051445, 6279571667, 'M', 'Xanh', 'ahmnx', 0);
            
            INSERT INTO product_details (id, product_id, size, color, unique_search_id, quantity)
            VALUES (73723051446, 6279571667, 'M', 'Trắng', 'agmnrt', 0);
            
            INSERT INTO product_details (id, product_id, size, color, unique_search_id, quantity)
            VALUES (73723051447, 6279571667, 'XL', 'Đen', 'delnx', 5);
            
            INSERT INTO product_details (id, product_id, size, color, unique_search_id, quantity)
            VALUES (73723051448, 6279571667, 'L', 'Trắng', 'aglnrt', 0);
            
            INSERT INTO product_details (id, product_id, size, color, unique_search_id, quantity)
            VALUES (73723051449, 6279571667, 'XL', 'Trắng', 'aglnrtx', 0);
            
            INSERT INTO product_details (id, product_id, size, color, unique_search_id, quantity)
            VALUES (73723051450, 6279571667, 'L', 'Ghi', 'ghil', 0);
            
            INSERT INTO product_details (id, product_id, size, color, unique_search_id, quantity)
            VALUES (73723051451, 6279571667, 'L', 'Đen', 'deln', 9);
            
            INSERT INTO product_details (id, product_id, size, color, unique_search_id, quantity)
            VALUES (73723051452, 6279571667, 'M', 'Than', 'ahmnt', 0);
            
            INSERT INTO product_details (id, product_id, size, color, unique_search_id, quantity)
            VALUES (73723051453, 6279571667, 'XL', 'Xanh', 'ahlnxx', 0);
            
            INSERT INTO products (id, sku, name, slug, category_id, unit_price, sale_price, preview_image_name, preview_image_path, views, description)
            VALUES (8517071045, 'SP05006', 'áo polo áo thun Dáng Rộng Ngắn Tay unisex  Xinh Xắn Theo Phong Cách Hàn Quốc Dành Cho Nữ / Dưới 100kg', 'ao-polo-ao-thun-dang-rong-ngan-tay-unisex-xinh-xan-theo-phong-cach-han-quoc-danh-cho-nu-/-duoi-100kg', 5, 156000, 208000, 'SP_8517071045_0.jpg', 'images/products/5/SP_8517071045_0.jpg', 12033, '👑👑👑👑👑👑Akis Store👑👑👑👑👑👑
💋Áo thun cổ bẻ Polo áo thun nữ xuân hè 2021, áo thun bigsize nữ được thêu tinh tế, chất liệu thoáng mát thoải mái năng động cho mùa hè. Áo phông unisex nam nữ đều mặc được, áo thun đôi hoặc áo nhóm siêu xinh.
💋POLO basic phong cách Hàn Quốc thiết kế đơn giản đẹp phong cách trang nhã, dễ phối đồ. 
💋Chất liệu: cotton 30%,  không phai màu khi giặt, thoáng mát mềm mại. 
💋SIZE: Hãy xem kỹ bảng size sản phẩm trước khi xuống đơn hàng. Hỗ trợ đổi trả trong vòng 7 ngày nếu có vấn đề về chất lượng sản phẩm sản phẩm nguyên tem mác, chưa giăt qua). QUÝ KHÁCH VUI LÒNG CHAT LIÊN HỆ SHOP ĐỂ ĐƯỢC XỬ LÝ NHANH NHẤT!
M dài 68 ngực 108 vai 51
L dài 69 ngực 112 vai 53
XL dài 70 ngực 116 vai 55
2XL dài 71 ngực 120 vai 57
💋Khuyến mãi: HOT chào xuân hè 2021
Giảm ngay 5K với đơn từ 0đ cho khách hàng và nhiều voucher khác, mua nhiều giảm giá, hãy follow shop để nhận thêm VOUCHER cho FOLLOWER 👑👑👑👑👑

#aothunkieunu #aothunbigsizedanhchonu #aothunnu #aothununisex #aothuntaylo #aothuntron #aothun #aophongtron #aophongnu #aophongunisex #aophongnuformrong#aophongtaylo #aophongrong #polonu #polounisex #aothununisexformrong #polotronunisex');
            
            INSERT INTO product_images (product_id, name, path) 
            VALUES (8517071045, 'SP_8517071045_1.jpg', 'images/products/5/SP_8517071045_1.jpg');
            
            INSERT INTO product_images (product_id, name, path) 
            VALUES (8517071045, 'SP_8517071045_2.jpg', 'images/products/5/SP_8517071045_2.jpg');
            
            INSERT INTO product_images (product_id, name, path) 
            VALUES (8517071045, 'SP_8517071045_3.jpg', 'images/products/5/SP_8517071045_3.jpg');
            
            INSERT INTO product_images (product_id, name, path) 
            VALUES (8517071045, 'SP_8517071045_4.jpg', 'images/products/5/SP_8517071045_4.jpg');
            
            INSERT INTO product_images (product_id, name, path) 
            VALUES (8517071045, 'SP_8517071045_5.jpg', 'images/products/5/SP_8517071045_5.jpg');
            
            INSERT INTO product_images (product_id, name, path) 
            VALUES (8517071045, 'SP_8517071045_6.jpg', 'images/products/5/SP_8517071045_6.jpg');
            
            INSERT INTO product_images (product_id, name, path) 
            VALUES (8517071045, 'SP_8517071045_7.jpg', 'images/products/5/SP_8517071045_7.jpg');
            
            INSERT INTO product_images (product_id, name, path) 
            VALUES (8517071045, 'SP_8517071045_8.jpg', 'images/products/5/SP_8517071045_8.jpg');
            
            INSERT INTO product_images (product_id, name, path) 
            VALUES (8517071045, 'SP_8517071045_9.jpg', 'images/products/5/SP_8517071045_9.jpg');
            
            INSERT INTO product_details (id, product_id, size, color, unique_search_id, quantity)
            VALUES (43760208451, 8517071045, 'M (40-55kg)', 'Xanh', ' ()-0455aghkmnx', 1395);
            
            INSERT INTO product_details (id, product_id, size, color, unique_search_id, quantity)
            VALUES (43760208452, 8517071045, 'XL(67-77kg)', 'Vàng', '()-6777aggklnvx', 1400);
            
            INSERT INTO product_details (id, product_id, size, color, unique_search_id, quantity)
            VALUES (43760208453, 8517071045, '2XL(77-90kg)', 'Vàng', '()-02779aggklnvx', 1400);
            
            INSERT INTO product_details (id, product_id, size, color, unique_search_id, quantity)
            VALUES (43760208454, 8517071045, 'M (40-55kg)', 'Hồng', ' ()-0455gghkmno', 1388);
            
            INSERT INTO product_details (id, product_id, size, color, unique_search_id, quantity)
            VALUES (43760208455, 8517071045, 'L(55-67kg)', 'Hồng', '()-5567gghklno', 1387);
            
            INSERT INTO product_details (id, product_id, size, color, unique_search_id, quantity)
            VALUES (43760208456, 8517071045, '2XL(77-90kg)', 'Hồng', '()-02779gghklnox', 1391);
            
            INSERT INTO product_details (id, product_id, size, color, unique_search_id, quantity)
            VALUES (43760208457, 8517071045, 'L(55-67kg)', 'Đen', '()-5567degkln', 1393);
            
            INSERT INTO product_details (id, product_id, size, color, unique_search_id, quantity)
            VALUES (43760208458, 8517071045, 'M (40-55kg)', 'Trắng', ' ()-0455aggkmnrt', 1393);
            
            INSERT INTO product_details (id, product_id, size, color, unique_search_id, quantity)
            VALUES (43760208459, 8517071045, 'XL(67-77kg)', 'Trắng', '()-6777aggklnrtx', 1399);
            
            INSERT INTO product_details (id, product_id, size, color, unique_search_id, quantity)
            VALUES (43760208460, 8517071045, 'L(55-67kg)', 'Xanh', '()-5567aghklnx', 1398);
            
            INSERT INTO product_details (id, product_id, size, color, unique_search_id, quantity)
            VALUES (43760208461, 8517071045, 'L(55-67kg)', 'Vàng', '()-5567aggklnv', 1396);
            
            INSERT INTO product_details (id, product_id, size, color, unique_search_id, quantity)
            VALUES (43760208462, 8517071045, '2XL(77-90kg)', 'Đen', '()-02779degklnx', 1396);
            
            INSERT INTO product_details (id, product_id, size, color, unique_search_id, quantity)
            VALUES (43760208463, 8517071045, 'XL(67-77kg)', 'Đen', '()-6777degklnx', 1395);
            
            INSERT INTO product_details (id, product_id, size, color, unique_search_id, quantity)
            VALUES (43760208464, 8517071045, 'L(55-67kg)', 'Trắng', '()-5567aggklnrt', 1394);
            
            INSERT INTO product_details (id, product_id, size, color, unique_search_id, quantity)
            VALUES (43760208465, 8517071045, '2XL(77-90kg)', 'Trắng', '()-02779aggklnrtx', 1397);
            
            INSERT INTO product_details (id, product_id, size, color, unique_search_id, quantity)
            VALUES (43760208466, 8517071045, 'XL(67-77kg)', 'Xanh', '()-6777aghklnxx', 1396);
            
            INSERT INTO product_details (id, product_id, size, color, unique_search_id, quantity)
            VALUES (43760208467, 8517071045, 'XL(67-77kg)', 'Hồng', '()-6777gghklnox', 1398);
            
            INSERT INTO product_details (id, product_id, size, color, unique_search_id, quantity)
            VALUES (43760208468, 8517071045, '2XL(77-90kg)', 'Xanh', '()-02779aghklnxx', 1399);
            
            INSERT INTO product_details (id, product_id, size, color, unique_search_id, quantity)
            VALUES (43760208469, 8517071045, 'M (40-55kg)', 'Vàng', ' ()-0455aggkmnv', 1400);
            
            INSERT INTO product_details (id, product_id, size, color, unique_search_id, quantity)
            VALUES (43760208470, 8517071045, 'M (40-55kg)', 'Đen', ' ()-0455degkmn', 1395);
            
            INSERT INTO products (id, sku, name, slug, category_id, unit_price, sale_price, preview_image_name, preview_image_path, views, description)
            VALUES (6384233937, 'SP05007', 'Áo thun có cổ - REGODS POLO IDENTIFY-', 'ao-thun-co-co-regods-polo-identify-', 5, 350000, 370000, 'SP_6384233937_0.jpg', 'images/products/5/SP_6384233937_0.jpg', 10121, '1. GIỚI THIỆU SẢN PHẨM
- Tên sản phẩm :Áo thun có cổ ( REGODS POLO IDENTIFY) 
- Áo được làm từ chất liệu PCG nhập hàn co giãn với bề mặt vải mềm mại, thấm hút mồ hôi tốt tạo cảm giác thoải mái, thoáng mát cho người mặc. Đây cũng là chất liệu dễ giặt sạch, giúp bạn tiết kiệm một khoảng thời gian đáng kể.
- Áo chống nhăn tốt, dễ giặt sạch, nhanh khô.
-Giặt tay hay giặt máy thoải mái không sợ ra màu , mất form 
- Mực in / Hình thêu không bông tróc, sắc nét, không bay màu, không gây hại cho da, không dính vào nhau khi giặt, an toàn 100% cho sức khỏe người dùng.

2. THÔNG TIN SẢN PHẨM 
- Các Size M - L- XL
       + Size M :<55kg,cao <1m60 
       + Size L : <65kg , cao <1m70 
       + Size XL :<75-80kg,cao<1m80 
       ( Mang tính chất tham khảo, tuỳ vào sở thích mặc vừa/mặc rộng của quý khách )

3. HƯỚNG DẪN SỬ DỤNG VÀ BẢO QUẢN
- Lần đầu đem về chỉ xả nước lạnh rồi phơi khô để sợi vải và màu áo không bị xù, phai màu nhé.
- Không nên ngâm bột giặt quá lâu.
- Lộn trái áo khi giặt và phơi.
- Không giặt máy trong 10 ngày đầu.
- Không sử dụng thuốc tẩy.

4. Hỗ trợ đổi trả theo quy định :
4.1. Điều kiện áp dụng đổi sản phẩm (trong vòng 03 ngày kể từ khi nhận sản phẩm)
- Hàng hoá vẫn còn mới nguyên tem mác, chưa qua sử dụng
- Hàng hoá bị rách, in lỗi, bung chỉ, và các lỗi do vận chuyển hoặc do nhà sản xuất.
- Giao thiếu hàng ( có cung cấp video mở hàng )
- Đối với khách hàng tại HCM , Regods có hỗ trợ đổi size khi mua trên Shopee , điều kiện trong 3 ngày mua hàng, sản phẩm còn nguyên mác ( Hỗ trợ khách ghé 2 Chi nhánh trực tiếp đổi size ) . Vui lòng liên hệ trước để được chuẩn bị sẵn sản phẩm khách cần
4.2. Trường hợp không đủ điều kiện áp dụng chính sách:
- Quá 03 ngày kể từ khi Quý khách nhận hàng từ shopee
- Không thích, không hợp, đặt nhầm mã, nhầm màu

LƯU Ý:
-Hình ảnh sản phẩm hoàn toàn do shop tự chụp, với màn hình và điều kiện ánh sáng khác nhau, màu sắc thực tế của sản phẩm có thể chênh lệch khoảng 2-4%.
-Sau khi thanh toán , vui lòng quay video trong quá trình mở hàng để khi thiếu/ sót/ lỗi được hỗ trợ tốt nhất trong vấn đề đổi/trả hàng ( miễn phí ship ). Truờng hợp không quay video shop từ chối giải quyết   
-Nếu gặp khiếu nại về sản phẩm/ đơn hàng mong quý khách đừng vội đánh giá sao thấp và cho shop cơ hội hỗ trợ giải quyết khiếu nại đó
🛍 Hoá đơn trên 250K sẽ được tặng kèm [ 01 ĐÔI VỚ ] ( Random màu Trắng / Đen / Xám ) trị giá 50k và [ 01 SET STICKER ] phẩm tặng kèm sẽ không quy đổi thành tiền mặt 
Nếu bạn có bất kỳ yêu cầu gì, xin vui lòng liên hệ với chúng tôi

HỆ THỐNG CỬA HÀNG :
CN1 : 79 TRẦN QUANG DIỆU , PHƯỜNG 14 , QUẬN 3
CN2: THE NEW PLAYGROUND LÊ LAI, SỐ 4 PHẠM NGŨ LÃO QUẬN 1
SĐT KHIẾU NẠI CSKH : 0989613751
Cảm ơn ♥ 

#regods #AOTHUNHANQUOC #áothunnam #aothunnambody #aothunnam #aothunnamnu #áothunnamtayngắn #aothunnamdep #aothunnama #Localbrand #aothun #aothuntayngan #aothuncohinh #aothunden #aothuntrang #aonam #aonu #aounisex #aothunnam #aothunnu #aotaylo #aothuntayng');
            
            INSERT INTO product_images (product_id, name, path) 
            VALUES (6384233937, 'SP_6384233937_1.jpg', 'images/products/5/SP_6384233937_1.jpg');
            
            INSERT INTO product_images (product_id, name, path) 
            VALUES (6384233937, 'SP_6384233937_2.jpg', 'images/products/5/SP_6384233937_2.jpg');
            
            INSERT INTO product_images (product_id, name, path) 
            VALUES (6384233937, 'SP_6384233937_3.jpg', 'images/products/5/SP_6384233937_3.jpg');
            
            INSERT INTO product_images (product_id, name, path) 
            VALUES (6384233937, 'SP_6384233937_4.jpg', 'images/products/5/SP_6384233937_4.jpg');
            
            INSERT INTO product_images (product_id, name, path) 
            VALUES (6384233937, 'SP_6384233937_5.jpg', 'images/products/5/SP_6384233937_5.jpg');
            
            INSERT INTO product_images (product_id, name, path) 
            VALUES (6384233937, 'SP_6384233937_6.jpg', 'images/products/5/SP_6384233937_6.jpg');
            
            INSERT INTO product_images (product_id, name, path) 
            VALUES (6384233937, 'SP_6384233937_7.jpg', 'images/products/5/SP_6384233937_7.jpg');
            
            INSERT INTO product_images (product_id, name, path) 
            VALUES (6384233937, 'SP_6384233937_8.jpg', 'images/products/5/SP_6384233937_8.jpg');
            
            INSERT INTO product_details (id, product_id, size, color, unique_search_id, quantity)
            VALUES (54567205429, 6384233937, 'M', 'Đen', 'demn', 14);
            
            INSERT INTO product_details (id, product_id, size, color, unique_search_id, quantity)
            VALUES (54567205430, 6384233937, 'L', 'Đen', 'deln', 14);
            
            INSERT INTO product_details (id, product_id, size, color, unique_search_id, quantity)
            VALUES (54567205431, 6384233937, 'M', 'Trắng', 'agmnrt', 3);
            
            INSERT INTO product_details (id, product_id, size, color, unique_search_id, quantity)
            VALUES (54567205433, 6384233937, 'M', 'Hồng', 'ghmno', 14);
            
            INSERT INTO product_details (id, product_id, size, color, unique_search_id, quantity)
            VALUES (54567205435, 6384233937, 'L', 'Trắng', 'aglnrt', 6);
            
            INSERT INTO product_details (id, product_id, size, color, unique_search_id, quantity)
            VALUES (54567205436, 6384233937, 'L', 'Hồng', 'ghlno', 11);
            
            INSERT INTO products (id, sku, name, slug, category_id, unit_price, sale_price, preview_image_name, preview_image_path, views, description)
            VALUES (6758881863, 'SP05008', 'Áo thun dài tay nam. Áo thu đông unixex trơn cổ tròn,vải coton giữ nhiệt ATT1', 'ao-thun-dai-tay-nam-ao-thu-dong-unixex-tron-co-tron,vai-coton-giu-nhiet-att1', 5, 89000, 175000, 'SP_6758881863_0.jpg', 'images/products/5/SP_6758881863_0.jpg', 5143, 'Áo thun dài tay nam. Áo thu đông nam nữ unixex trơn cổ tròn,vải coton giữ nhiệt mặc form vừa , quý khách muốn mặc rộng thoải mái thì chọn tăng thêm 1 -2 size nhé.

Đây là dòng áo thun nam cơ bản có tay dài phù hợp cho mùa thu đông và thời tiết se lạnh

Chất liệu vải TC 65/35 4 chiều : Khả năng hút ẩm và thấm hút mồ hôi cao có thể lên đến 12%, tạo được cảm giác thông thoáng, dễ chịu khi mặc, đặc biệt thích hợp sử dụng cho những người thường xuyên vận động 

Dễ giặt, có độ bền cao ,có độ mềm mại vừa phải, được làm chủ yếu từ sợi bông thiên nhiên nên rất dễ giặt và đảm bảo được độ bền chắc của vải qua thời gian sử dụng

📣  CHÍNH SÁCH
👉 Cam kết chất lượng và mẫu mã sản phẩm giống với hình ảnh.
👉 Hoàn tiền nếu sản phẩm không giống với mô tả.
👉 Cam kết được đổi trả hàng trong vòng 2 ngày.


🔰  THÔNG TIN CHI TIẾT
🎗 Chất liệu: vải TC 65/35 4 chiều
🎗 Màu sắc: ĐEN, XANH THAN, NÂU BÒ, TRẮNG
------------------------------------
🔰  THÔNG TIN SẢN PHẨM
👉 Áo thun nam tay dài phong cách trẻ trung baisic . Kiểu dáng đơn giản, phù hợp nhiều hoàn cảnh
👉 Áo phông dài tay thu đông có khả năng giữ nếp và chống nhàu tốt, độ co giặt thấp, khả năng giữ nhiệt tốt
👉 Áo thun dài tay cổ tròn có thể mặc form rộng phù hợp với style của từng người
👉 Áo thun unixex có thể mặc thành áo đôi, áo nhóm , rễ phối đồ. Đặc biệt có khả năng giữ nhiệt tốt
------------------------------------
🔰  HƯỚNG DẪN CÁCH ĐẶT HÀNG
⏩  Cách chọn size: Shop có bảng size mẫu. Bạn NÊN INBOX, cung cấp chiều cao, cân nặng để SHOP TƯ VẤN SIZE.
⏩ Cách đặt hàng: Nếu bạn muốn mua 2 sản phẩm khác nhau hoặc 2 size khác nhau, để được freeship
-  Bạn chọn từng sản phẩm rồi thêm vào giỏ hàng.
-  Khi giỏ hàng đã có đầy đủ các sản phẩm cần mua, bạn mới tiến hành ấn nút “ Thanh toán”.
⏩ Shop luôn sẵn sàng trả lời inbox để tư vấn.

#ao #thun #nam #cotron #aocotron #aonam #daitay #aoni #aodaitay #aoninam #aothuncotronnam #aoninam #aonidacanam#aothunnam#aothunnamtaydai#aothunnamdaitay#aogiunhietnam');
            
            INSERT INTO product_images (product_id, name, path) 
            VALUES (6758881863, 'SP_6758881863_1.jpg', 'images/products/5/SP_6758881863_1.jpg');
            
            INSERT INTO product_images (product_id, name, path) 
            VALUES (6758881863, 'SP_6758881863_2.jpg', 'images/products/5/SP_6758881863_2.jpg');
            
            INSERT INTO product_images (product_id, name, path) 
            VALUES (6758881863, 'SP_6758881863_3.jpg', 'images/products/5/SP_6758881863_3.jpg');
            
            INSERT INTO product_images (product_id, name, path) 
            VALUES (6758881863, 'SP_6758881863_4.jpg', 'images/products/5/SP_6758881863_4.jpg');
            
            INSERT INTO product_images (product_id, name, path) 
            VALUES (6758881863, 'SP_6758881863_5.jpg', 'images/products/5/SP_6758881863_5.jpg');
            
            INSERT INTO product_images (product_id, name, path) 
            VALUES (6758881863, 'SP_6758881863_6.jpg', 'images/products/5/SP_6758881863_6.jpg');
            
            INSERT INTO product_images (product_id, name, path) 
            VALUES (6758881863, 'SP_6758881863_7.jpg', 'images/products/5/SP_6758881863_7.jpg');
            
            INSERT INTO product_images (product_id, name, path) 
            VALUES (6758881863, 'SP_6758881863_8.jpg', 'images/products/5/SP_6758881863_8.jpg');
            
            INSERT INTO product_details (id, product_id, size, color, unique_search_id, quantity)
            VALUES (52934225191, 6758881863, 'M ', 'NÂU BÒ', '  abmnou', 0);
            
            INSERT INTO product_details (id, product_id, size, color, unique_search_id, quantity)
            VALUES (52934225192, 6758881863, 'L', 'NÂU BÒ', ' ablnou', 0);
            
            INSERT INTO product_details (id, product_id, size, color, unique_search_id, quantity)
            VALUES (52934225193, 6758881863, 'XL', 'NÂU BÒ', ' ablnoux', 0);
            
            INSERT INTO product_details (id, product_id, size, color, unique_search_id, quantity)
            VALUES (61507667205, 6758881863, 'M ', 'ĐEN', ' demn', 130);
            
            INSERT INTO product_details (id, product_id, size, color, unique_search_id, quantity)
            VALUES (61507667206, 6758881863, 'XL', 'ĐEN', 'delnx', 133);
            
            INSERT INTO product_details (id, product_id, size, color, unique_search_id, quantity)
            VALUES (61507667207, 6758881863, 'M ', 'XANH THAN', '  aahhmnntx', 144);
            
            INSERT INTO product_details (id, product_id, size, color, unique_search_id, quantity)
            VALUES (61507667208, 6758881863, 'XL', 'XANH THAN', ' aahhlnntxx', 137);
            
            INSERT INTO product_details (id, product_id, size, color, unique_search_id, quantity)
            VALUES (61507667210, 6758881863, 'XL', 'XANH CỔ VỊT', '  achilnotvxx', 141);
            
            INSERT INTO product_details (id, product_id, size, color, unique_search_id, quantity)
            VALUES (61507667212, 6758881863, 'L', 'TRẮNG', 'aglnrt', 122);
            
            INSERT INTO product_details (id, product_id, size, color, unique_search_id, quantity)
            VALUES (61507667213, 6758881863, 'M ', 'XANH CỔ VỊT', '   achimnotvx', 144);
            
            INSERT INTO product_details (id, product_id, size, color, unique_search_id, quantity)
            VALUES (61507667214, 6758881863, 'L', 'XANH CỔ VỊT', '  achilnotvx', 149);
            
            INSERT INTO product_details (id, product_id, size, color, unique_search_id, quantity)
            VALUES (61507667215, 6758881863, 'L', 'XANH THAN', ' aahhlnntx', 145);
            
            INSERT INTO product_details (id, product_id, size, color, unique_search_id, quantity)
            VALUES (61507667216, 6758881863, 'L', 'ĐEN', 'deln', 133);
            
            INSERT INTO product_details (id, product_id, size, color, unique_search_id, quantity)
            VALUES (61507667218, 6758881863, 'M ', 'TRẮNG', ' agmnrt', 110);
            
            INSERT INTO product_details (id, product_id, size, color, unique_search_id, quantity)
            VALUES (61507667219, 6758881863, 'XL', 'TRẮNG', 'aglnrtx', 134);
            
            INSERT INTO product_details (id, product_id, size, color, unique_search_id, quantity)
            VALUES (62071379378, 6758881863, 'XL', 'GHI HẠT TIÊU', '  aeghhiilttux', 127);
            
            INSERT INTO product_details (id, product_id, size, color, unique_search_id, quantity)
            VALUES (62071379380, 6758881863, 'M ', 'GHI HẠT TIÊU', '   aeghhiimttu', 137);
            
            INSERT INTO product_details (id, product_id, size, color, unique_search_id, quantity)
            VALUES (62071379381, 6758881863, 'L', 'GHI HẠT TIÊU', '  aeghhiilttu', 139);
            
            INSERT INTO products (id, sku, name, slug, category_id, unit_price, sale_price, preview_image_name, preview_image_path, views, description)
            VALUES (2389070551, 'SP05009', 'Áo thun cổ tròn dài tay kẻ sọc ngang phong cách Hàn Quốc cho nữ', 'ao-thun-co-tron-dai-tay-ke-soc-ngang-phong-cach-han-quoc-cho-nu', 5, 99000, 165000, 'SP_2389070551_0.jpg', 'images/products/5/SP_2389070551_0.jpg', 909, 'Thời gian giao hàng dự kiến cho sản phẩm này là từ 7-9 ngày
 
 Chào mừng bạn đến với bsalestore.vn! Nếu bạn thích quần áo của chúng tôi, hãy nhớ theo dõi chúng tôi bạn nhé.
 
 Nếu bạn có bất kỳ câu hỏi nào trong khi mua sắm, vui lòng liên hệ với dịch vụ chăm sóc khách hàng.
 
 Để xem thêm các kiểu dáng áo tay dài khác, hãy nhấp vào: #BSstriped
 
 Mô tả sản phẩm:
 100% hàng mới và chất lượng cao.
 Phong cách: Hàn Quốc
 Thiết kế: Dáng rộng
 Chiều dài tay áo: Tay áo dài
 Độ dày: Thông thường
 Chất liệu: Polyester
 Cổ áo: Cổ O
 Gói hàng bao gồm: 1x Áo thun 
 
 
 Bảng kích thước:
 
 Size Ngực Chiều dài Vai Tay áo 
 M 104cm 59cm 60cm 46cm 
 L 108cm 60cm 61cm 47cm 
 XL 112cm 61cm 62cm 48cm 
 2XL 116cm 62cm 63cm 49cm 
 
 
 
 ● Đơn vị: Cm [1cm = 0,39inch]
 
 
 Size trên thẻ là size châu Á, nhỏ hơn một chút so với size US / AU / EU. Vui lòng đảm bảo rằng các số đo thực tế này sẽ phù hợp với bạn.
 
 Lưu ý:
 Do ánh sáng khi chụp ảnh và màn hình hiển thị khác nhau, màu sản phẩm bạn nhận được có thể hơi khác so với hình ảnh, vui lòng xem xét cẩn thận trước khi đặt hàng.
 
 Size chỉ mang tính tham khảo, có thể tồn tại sai số đo 2-3cm, vui lòng kiểm tra kích thước cẩn thận trước khi đặt hàng.
 
 #áosơmi
 #áothun
 #áoulzzang
 #áokiểu
 #tất
 #áonỉ
 #áothuntaylỡ
 #áosơminữ
 #áophông
 #áolót
 #áothunnữ
 #vínữ
 #áophôngnữ
 #sơmihànquốc
 #áobabydoll
 #quầnváy
 #baggy');
            
            INSERT INTO product_images (product_id, name, path) 
            VALUES (2389070551, 'SP_2389070551_1.jpg', 'images/products/5/SP_2389070551_1.jpg');
            
            INSERT INTO product_images (product_id, name, path) 
            VALUES (2389070551, 'SP_2389070551_2.jpg', 'images/products/5/SP_2389070551_2.jpg');
            
            INSERT INTO product_images (product_id, name, path) 
            VALUES (2389070551, 'SP_2389070551_3.jpg', 'images/products/5/SP_2389070551_3.jpg');
            
            INSERT INTO product_images (product_id, name, path) 
            VALUES (2389070551, 'SP_2389070551_4.jpg', 'images/products/5/SP_2389070551_4.jpg');
            
            INSERT INTO product_images (product_id, name, path) 
            VALUES (2389070551, 'SP_2389070551_5.jpg', 'images/products/5/SP_2389070551_5.jpg');
            
            INSERT INTO product_images (product_id, name, path) 
            VALUES (2389070551, 'SP_2389070551_6.jpg', 'images/products/5/SP_2389070551_6.jpg');
            
            INSERT INTO product_images (product_id, name, path) 
            VALUES (2389070551, 'SP_2389070551_7.jpg', 'images/products/5/SP_2389070551_7.jpg');
            
            INSERT INTO product_images (product_id, name, path) 
            VALUES (2389070551, 'SP_2389070551_8.jpg', 'images/products/5/SP_2389070551_8.jpg');
            
            INSERT INTO product_details (id, product_id, size, color, unique_search_id, quantity)
            VALUES (4883649728, 2389070551, 'L', 'White stripe', ' eehiilprsttw', 500);
            
            INSERT INTO product_details (id, product_id, size, color, unique_search_id, quantity)
            VALUES (4883649729, 2389070551, 'XL', 'Blue stripe', ' beeillprstux', 498);
            
            INSERT INTO product_details (id, product_id, size, color, unique_search_id, quantity)
            VALUES (4883649730, 2389070551, 'M', 'White stripe', ' eehiimprsttw', 499);
            
            INSERT INTO product_details (id, product_id, size, color, unique_search_id, quantity)
            VALUES (4883649731, 2389070551, 'L', 'Blue stripe', ' beeillprstu', 499);
            
            INSERT INTO product_details (id, product_id, size, color, unique_search_id, quantity)
            VALUES (4883649732, 2389070551, 'L', 'Black stripe', ' abceikllprst', 498);
            
            INSERT INTO product_details (id, product_id, size, color, unique_search_id, quantity)
            VALUES (4883649733, 2389070551, 'XL', 'White stripe', ' eehiilprsttwx', 500);
            
            INSERT INTO product_details (id, product_id, size, color, unique_search_id, quantity)
            VALUES (4883649734, 2389070551, 'M', 'Black stripe', ' abceiklmprst', 498);
            
            INSERT INTO product_details (id, product_id, size, color, unique_search_id, quantity)
            VALUES (4883649735, 2389070551, 'XXL', 'Blue stripe', ' beeillprstuxx', 499);
            
            INSERT INTO product_details (id, product_id, size, color, unique_search_id, quantity)
            VALUES (4883649736, 2389070551, 'XXL', 'Black stripe', ' abceikllprstxx', 499);
            
            INSERT INTO product_details (id, product_id, size, color, unique_search_id, quantity)
            VALUES (4883649737, 2389070551, 'XL', 'Black stripe', ' abceikllprstx', 500);
            
            INSERT INTO product_details (id, product_id, size, color, unique_search_id, quantity)
            VALUES (4883649738, 2389070551, 'M', 'Blue stripe', ' beeilmprstu', 499);
            
            INSERT INTO product_details (id, product_id, size, color, unique_search_id, quantity)
            VALUES (4883649739, 2389070551, 'XXL', 'White stripe', ' eehiilprsttwxx', 499);
            
            INSERT INTO products (id, sku, name, slug, category_id, unit_price, sale_price, preview_image_name, preview_image_path, views, description)
            VALUES (7319834557, 'SP05010', 'Áo Thun Ngắn Tay Lệch Vai Họa Tiết Kẻ Sọc Xinh Xắn Cho Nữ', 'ao-thun-ngan-tay-lech-vai-hoa-tiet-ke-soc-xinh-xan-cho-nu', 5, 70150, 115000, 'SP_7319834557_0.jpg', 'images/products/5/SP_7319834557_0.jpg', 244, 'Description:
1. This one-shoulder Hong Kong style diagonal shoulder rainbow striped T-shirt is breathable and suitable for most women.
2. You can match denim shorts, skirts and sun shirts in spring and summer, and cardigan and coat in autumn and winter to make you look stylish and beautiful.
3. Made of high-quality materials, durable and suitable for daily wear.
4. Suitable for parties, shopping, dating and any casual occasion.
5. Beautiful gifts will surprise your lover, family or friends. Best gift for wedding, Christmas, Valentines Day, Mothers Day, Thanksgiving, Anniversary, Birthday, etc.

Features:
Material: Polyester
Jacket length: regular
Collar type: diagonal collar
Fabric type: fine plain cloth
Pattern type: Stripe
Style: fashion sweet little fresh
Color: 3 colors
Size: M-2XL
Fabric: Polyester fiber
Features: elegant style, striped t-shirt, women, short-sleeved ,, single shoulder, Hong Kong style, oblique shoulder Applicable occasions: leisure and entertainment, travel, work, shopping
 
Size ---------- Bust ------------ Sleeve --------- --- Length 

M --------- 90cm / 35.4 ------ 18cm / 7.1 --------55cm / 21.6 

L ---------- 94cm / 36.9 ------ 19cm / 7.5 ------- -56cm / 22.0 

XL ---------98cm / 38.6 ------ 20cm / 7.9 ------- -57cm / 22.4 

2XL ------ 102cm / 40.1 ------ 21cm / 8.3 -------- 58cm /22.8 

Package Include:
1 x T-shirt

Notice: 
1.Due to the light and screen difference, the items color may be slightly different from the pictures.
2.Because of the different measurement methods, there may be 1-3cm of the allowable range error.
Please understand. Make sure you dont mind before you bid.
Have a nice day!');
            
            INSERT INTO product_images (product_id, name, path) 
            VALUES (7319834557, 'SP_7319834557_1.jpg', 'images/products/5/SP_7319834557_1.jpg');
            
            INSERT INTO product_images (product_id, name, path) 
            VALUES (7319834557, 'SP_7319834557_2.jpg', 'images/products/5/SP_7319834557_2.jpg');
            
            INSERT INTO product_images (product_id, name, path) 
            VALUES (7319834557, 'SP_7319834557_3.jpg', 'images/products/5/SP_7319834557_3.jpg');
            
            INSERT INTO product_images (product_id, name, path) 
            VALUES (7319834557, 'SP_7319834557_4.jpg', 'images/products/5/SP_7319834557_4.jpg');
            
            INSERT INTO product_images (product_id, name, path) 
            VALUES (7319834557, 'SP_7319834557_5.jpg', 'images/products/5/SP_7319834557_5.jpg');
            
            INSERT INTO product_images (product_id, name, path) 
            VALUES (7319834557, 'SP_7319834557_6.jpg', 'images/products/5/SP_7319834557_6.jpg');
            
            INSERT INTO product_images (product_id, name, path) 
            VALUES (7319834557, 'SP_7319834557_7.jpg', 'images/products/5/SP_7319834557_7.jpg');
            
            INSERT INTO product_images (product_id, name, path) 
            VALUES (7319834557, 'SP_7319834557_8.jpg', 'images/products/5/SP_7319834557_8.jpg');
            
            INSERT INTO product_images (product_id, name, path) 
            VALUES (7319834557, 'SP_7319834557_9.jpg', 'images/products/5/SP_7319834557_9.jpg');
            
            INSERT INTO product_details (id, product_id, size, color, unique_search_id, quantity)
            VALUES (14613645680, 7319834557, 'L', 'white', 'ehiltw', 0);
            
            INSERT INTO product_details (id, product_id, size, color, unique_search_id, quantity)
            VALUES (14613645681, 7319834557, 'XL', 'orange', 'aeglnorx', 0);
            
            INSERT INTO product_details (id, product_id, size, color, unique_search_id, quantity)
            VALUES (14613645682, 7319834557, 'M', 'white', 'ehimtw', 0);
            
            INSERT INTO product_details (id, product_id, size, color, unique_search_id, quantity)
            VALUES (14613645683, 7319834557, 'L', 'orange', 'aeglnor', 0);
            
            INSERT INTO product_details (id, product_id, size, color, unique_search_id, quantity)
            VALUES (14613645684, 7319834557, 'L', 'green', 'eeglnr', 999);
            
            INSERT INTO product_details (id, product_id, size, color, unique_search_id, quantity)
            VALUES (14613645685, 7319834557, 'XL', 'white', 'ehiltwx', 998);
            
            INSERT INTO product_details (id, product_id, size, color, unique_search_id, quantity)
            VALUES (14613645686, 7319834557, 'M', 'green', 'eegmnr', 997);
            
            INSERT INTO product_details (id, product_id, size, color, unique_search_id, quantity)
            VALUES (14613645687, 7319834557, '2XL', 'orange', '2aeglnorx', 0);
            
            INSERT INTO product_details (id, product_id, size, color, unique_search_id, quantity)
            VALUES (14613645688, 7319834557, '2XL', 'green', '2eeglnrx', 0);
            
            INSERT INTO product_details (id, product_id, size, color, unique_search_id, quantity)
            VALUES (14613645689, 7319834557, 'XL', 'green', 'eeglnrx', 998);
            
            INSERT INTO product_details (id, product_id, size, color, unique_search_id, quantity)
            VALUES (14613645690, 7319834557, 'M', 'orange', 'aegmnor', 998);
            
            INSERT INTO product_details (id, product_id, size, color, unique_search_id, quantity)
            VALUES (14613645691, 7319834557, '2XL', 'white', '2ehiltwx', 998);
            
            INSERT INTO products (id, sku, name, slug, category_id, unit_price, sale_price, preview_image_name, preview_image_path, views, description)
            VALUES (8529728556, 'SP05011', 'Áo Thun Nữ Tay Ngắn Kẻ Sọc Thời Trang Hàn Quốc 2021', 'ao-thun-nu-tay-ngan-ke-soc-thoi-trang-han-quoc-2021', 5, 88000, 176000, 'SP_8529728556_0.jpg', 'images/products/5/SP_8529728556_0.jpg', 103, '🌸All Are In Stock.
🚀Shipping time normally takes 7-9 days.
❤️#mssugar.vn☜ ☜ Click here to have more nice same items❤.

Recommendation Weight  (This recomended weight is calculated at the height of 160cm)
M = 40-50kg
 L = 50-57.5kg
XL = 57.5-65kg
XXL = 65-75kg

●Unit: cm【 1 cm =  0.3937008 inch 】

M   ：Bust: 99     Shoulder: 48     Length: 68   Sleeve: 23

L    ：Bust: 103   Shoulder: 49     Length: 69   Sleeve: 24

XL  ：Bust: 107   Shoulder: 50     Length: 70   Sleeve: 25

XXL：Bust: 111   Shoudler: 51     Length: 71   Sleeve: 26

🌹Note:
● Due to shooting light, the monitor is different，may be different from the picture.Please prevail in kind!
● The size is just for reference, there maybe exist a measurement error of 1-3cm, please check whether it fits your size before you buy it. 
● Hint for choosing proper size: Use similar clothing to compare with the size. 

Package included：
1*T-Shirt

#tshirt #Loose #Blouse #Cartoon #Tops #women #bestselling #tee #simple #Korean #oversize #printing #female  #short-sleeved #student  #2021 #New');
            
            INSERT INTO product_images (product_id, name, path) 
            VALUES (8529728556, 'SP_8529728556_1.jpg', 'images/products/5/SP_8529728556_1.jpg');
            
            INSERT INTO product_images (product_id, name, path) 
            VALUES (8529728556, 'SP_8529728556_2.jpg', 'images/products/5/SP_8529728556_2.jpg');
            
            INSERT INTO product_images (product_id, name, path) 
            VALUES (8529728556, 'SP_8529728556_3.jpg', 'images/products/5/SP_8529728556_3.jpg');
            
            INSERT INTO product_images (product_id, name, path) 
            VALUES (8529728556, 'SP_8529728556_4.jpg', 'images/products/5/SP_8529728556_4.jpg');
            
            INSERT INTO product_images (product_id, name, path) 
            VALUES (8529728556, 'SP_8529728556_5.jpg', 'images/products/5/SP_8529728556_5.jpg');
            
            INSERT INTO product_images (product_id, name, path) 
            VALUES (8529728556, 'SP_8529728556_6.jpg', 'images/products/5/SP_8529728556_6.jpg');
            
            INSERT INTO product_images (product_id, name, path) 
            VALUES (8529728556, 'SP_8529728556_7.jpg', 'images/products/5/SP_8529728556_7.jpg');
            
            INSERT INTO product_images (product_id, name, path) 
            VALUES (8529728556, 'SP_8529728556_8.jpg', 'images/products/5/SP_8529728556_8.jpg');
            
            INSERT INTO product_details (id, product_id, size, color, unique_search_id, quantity)
            VALUES (24884354686, 8529728556, 'XL', 'Green', 'eeglnrx', 800);
            
            INSERT INTO product_details (id, product_id, size, color, unique_search_id, quantity)
            VALUES (24884354687, 8529728556, '2XL', 'Black', '2abckllx', 800);
            
            INSERT INTO product_details (id, product_id, size, color, unique_search_id, quantity)
            VALUES (24884354688, 8529728556, 'M', 'Red', 'demr', 800);
            
            INSERT INTO product_details (id, product_id, size, color, unique_search_id, quantity)
            VALUES (24884354689, 8529728556, 'XL', 'Red', 'delrx', 800);
            
            INSERT INTO product_details (id, product_id, size, color, unique_search_id, quantity)
            VALUES (24884354690, 8529728556, 'XL', 'Black', 'abckllx', 798);
            
            INSERT INTO product_details (id, product_id, size, color, unique_search_id, quantity)
            VALUES (24884354691, 8529728556, 'L', 'Green', 'eeglnr', 800);
            
            INSERT INTO product_details (id, product_id, size, color, unique_search_id, quantity)
            VALUES (24884354692, 8529728556, 'L', 'Red', 'delr', 799);
            
            INSERT INTO product_details (id, product_id, size, color, unique_search_id, quantity)
            VALUES (24884354693, 8529728556, '2XL', 'Green', '2eeglnrx', 800);
            
            INSERT INTO product_details (id, product_id, size, color, unique_search_id, quantity)
            VALUES (24884354694, 8529728556, 'L', 'Black', 'abckll', 800);
            
            INSERT INTO product_details (id, product_id, size, color, unique_search_id, quantity)
            VALUES (24884354695, 8529728556, 'M', 'Black', 'abcklm', 800);
            
            INSERT INTO product_details (id, product_id, size, color, unique_search_id, quantity)
            VALUES (24884354696, 8529728556, 'M', 'Green', 'eegmnr', 800);
            
            INSERT INTO product_details (id, product_id, size, color, unique_search_id, quantity)
            VALUES (24884354697, 8529728556, '2XL', 'Red', '2delrx', 800);
            
            INSERT INTO products (id, sku, name, slug, category_id, unit_price, sale_price, preview_image_name, preview_image_path, views, description)
            VALUES (6471838769, 'SP05012', 'Áo Thun Nữ Ngắn Tay Cổ Tròn Thời Trang Hè 2021', 'ao-thun-nu-ngan-tay-co-tron-thoi-trang-he-2021', 5, 78000, 156000, 'SP_6471838769_0.jpg', 'images/products/5/SP_6471838769_0.jpg', 416, 'Thời gian giao hàng dự kiến cho sản phẩm này là từ 7-9 ngày

🌸Tất cả đều còn hàng.
❤️ # miao3.vn☜ ☜ Bấm vào đây để có thêm nhiều sản phẩm đẹp tương tụ❤.

Cân nặng thích hợp (Cân nặng thích hợp được tính theo chiều cao 160cm)
M = 40-45kg
L = 45-55kg
XL = 55-65kg
2XL = 65-75kg
3XL = 75-85kg
4XL = 85-95kg

● Đơn vị: cm 【1 cm = 0,3937008 inch】

M ： Ngực: 96 Vai: 44 Chiều dài: 62 Tay áo: 21

L ： Ngực: 100 Vai: 46 Chiều dài: 64 Tay áo: 22

XL ： Ngực: 104 Vai: 48 Chiều dài: 66 Tay áo: 23

2XL ： Ngực: 108 Vai: 50 Chiều dài: 68 Tay áo: 24

3XL ： Ngực: 112 Vai: 52 Chiều dài: 70 Tay áo: 25

4XL ： Ngực: 118 Vai: 54 Chiều dài: 72 Tay áo: 26

🌹Lưu ý:
● Do điều kiện ánh sáng và chế độ cài đặt màn hình nên màu sắc thực tế của sản phẩm sẽ có đôi chút khác biệt với hình chụp. Vui lòng tham khảo sảm phẩm thực tế
● Kích thước chỉ là để tham khảo, có thể sai số từ 1-3 cm, vui lòng kiểm tra xem kích thước có phù hợp với số đo của bạn không trước khi mua.
● Gợi ý để chọn kích cỡ phù hợp: Sử dụng quần áo tương tự để so sánh.

Gói hàng bao gồm:
1 * áo phông

#tshirt #Loose #Blouse #Cartoon #Tops #women #bestselling #tee #simple #Korean #oversize #printing #female #baju #short-sleeved #student  #2020');
            
            INSERT INTO product_images (product_id, name, path) 
            VALUES (6471838769, 'SP_6471838769_1.jpg', 'images/products/5/SP_6471838769_1.jpg');
            
            INSERT INTO product_images (product_id, name, path) 
            VALUES (6471838769, 'SP_6471838769_2.jpg', 'images/products/5/SP_6471838769_2.jpg');
            
            INSERT INTO product_images (product_id, name, path) 
            VALUES (6471838769, 'SP_6471838769_3.jpg', 'images/products/5/SP_6471838769_3.jpg');
            
            INSERT INTO product_images (product_id, name, path) 
            VALUES (6471838769, 'SP_6471838769_4.jpg', 'images/products/5/SP_6471838769_4.jpg');
            
            INSERT INTO product_images (product_id, name, path) 
            VALUES (6471838769, 'SP_6471838769_5.jpg', 'images/products/5/SP_6471838769_5.jpg');
            
            INSERT INTO product_details (id, product_id, size, color, unique_search_id, quantity)
            VALUES (52922177340, 6471838769, '2XL', 'White', '2ehiltwx', 999);
            
            INSERT INTO product_details (id, product_id, size, color, unique_search_id, quantity)
            VALUES (52922177341, 6471838769, 'L', 'Avocado Green', ' aacdeeglnoorv', 998);
            
            INSERT INTO product_details (id, product_id, size, color, unique_search_id, quantity)
            VALUES (52922177342, 6471838769, 'M', 'Wine Red', ' deeimnrw', 996);
            
            INSERT INTO product_details (id, product_id, size, color, unique_search_id, quantity)
            VALUES (52922177343, 6471838769, 'M', 'White', 'ehimtw', 999);
            
            INSERT INTO product_details (id, product_id, size, color, unique_search_id, quantity)
            VALUES (52922177344, 6471838769, '4XL', 'White', '4ehiltwx', 999);
            
            INSERT INTO product_details (id, product_id, size, color, unique_search_id, quantity)
            VALUES (52922177345, 6471838769, 'L', 'White', 'ehiltw', 999);
            
            INSERT INTO product_details (id, product_id, size, color, unique_search_id, quantity)
            VALUES (52922177346, 6471838769, '4XL', 'Avocado Green', ' 4aacdeeglnoorvx', 998);
            
            INSERT INTO product_details (id, product_id, size, color, unique_search_id, quantity)
            VALUES (52922177347, 6471838769, '2XL', 'Avocado Green', ' 2aacdeeglnoorvx', 1000);
            
            INSERT INTO product_details (id, product_id, size, color, unique_search_id, quantity)
            VALUES (52922177348, 6471838769, 'M', 'Grey', 'egmry', 1000);
            
            INSERT INTO product_details (id, product_id, size, color, unique_search_id, quantity)
            VALUES (52922177349, 6471838769, '2XL', 'Grey', '2eglrxy', 1000);
            
            INSERT INTO product_details (id, product_id, size, color, unique_search_id, quantity)
            VALUES (52922177350, 6471838769, '3XL', 'Grey', '3eglrxy', 999);
            
            INSERT INTO product_details (id, product_id, size, color, unique_search_id, quantity)
            VALUES (52922177351, 6471838769, 'M', 'Avocado Green', ' aacdeegmnoorv', 995);
            
            INSERT INTO product_details (id, product_id, size, color, unique_search_id, quantity)
            VALUES (52922177352, 6471838769, '3XL', 'Black', '3abckllx', 999);
            
            INSERT INTO product_details (id, product_id, size, color, unique_search_id, quantity)
            VALUES (52922177353, 6471838769, '4XL', 'Black', '4abckllx', 996);
            
            INSERT INTO product_details (id, product_id, size, color, unique_search_id, quantity)
            VALUES (52922177354, 6471838769, '3XL', 'Wine Red', ' 3deeilnrwx', 999);
            
            INSERT INTO product_details (id, product_id, size, color, unique_search_id, quantity)
            VALUES (52922177355, 6471838769, 'L', 'Grey', 'eglry', 999);
            
            INSERT INTO product_details (id, product_id, size, color, unique_search_id, quantity)
            VALUES (52922177356, 6471838769, 'XL', 'White', 'ehiltwx', 1000);
            
            INSERT INTO product_details (id, product_id, size, color, unique_search_id, quantity)
            VALUES (52922177357, 6471838769, '2XL', 'Black', '2abckllx', 997);
            
            INSERT INTO product_details (id, product_id, size, color, unique_search_id, quantity)
            VALUES (52922177358, 6471838769, 'L', 'Black', 'abckll', 995);
            
            INSERT INTO product_details (id, product_id, size, color, unique_search_id, quantity)
            VALUES (52922177359, 6471838769, 'M', 'Black', 'abcklm', 998);
            
            INSERT INTO product_details (id, product_id, size, color, unique_search_id, quantity)
            VALUES (52922177360, 6471838769, 'XL', 'Wine Red', ' deeilnrwx', 998);
            
            INSERT INTO product_details (id, product_id, size, color, unique_search_id, quantity)
            VALUES (52922177361, 6471838769, 'L', 'Wine Red', ' deeilnrw', 997);
            
            INSERT INTO product_details (id, product_id, size, color, unique_search_id, quantity)
            VALUES (52922177362, 6471838769, '2XL', 'Wine Red', ' 2deeilnrwx', 996);
            
            INSERT INTO product_details (id, product_id, size, color, unique_search_id, quantity)
            VALUES (52922177363, 6471838769, 'XL', 'Grey', 'eglrxy', 999);
            
            INSERT INTO product_details (id, product_id, size, color, unique_search_id, quantity)
            VALUES (52922177364, 6471838769, 'XL', 'Avocado Green', ' aacdeeglnoorvx', 999);
            
            INSERT INTO product_details (id, product_id, size, color, unique_search_id, quantity)
            VALUES (52922177365, 6471838769, '3XL', 'White', '3ehiltwx', 1000);
            
            INSERT INTO product_details (id, product_id, size, color, unique_search_id, quantity)
            VALUES (52922177366, 6471838769, '4XL', 'Wine Red', ' 4deeilnrwx', 999);
            
            INSERT INTO product_details (id, product_id, size, color, unique_search_id, quantity)
            VALUES (52922177367, 6471838769, '3XL', 'Avocado Green', ' 3aacdeeglnoorvx', 999);
            
            INSERT INTO product_details (id, product_id, size, color, unique_search_id, quantity)
            VALUES (52922177368, 6471838769, 'XL', 'Black', 'abckllx', 999);
            
            INSERT INTO product_details (id, product_id, size, color, unique_search_id, quantity)
            VALUES (52922177369, 6471838769, '4XL', 'Grey', '4eglrxy', 1000);
            
            INSERT INTO products (id, sku, name, slug, category_id, unit_price, sale_price, preview_image_name, preview_image_path, views, description)
            VALUES (9845414415, 'SP05013', 'Áo Thun Ngắn Tay Form Rộng Mẫu 2021 Thời Trang Dành Cho Nữ', 'ao-thun-ngan-tay-form-rong-mau-2021-thoi-trang-danh-cho-nu', 5, 88000, 176000, 'SP_9845414415_0.jpg', 'images/products/5/SP_9845414415_0.jpg', 92, '🌸All Are In Stock.
🚀Shipping time normally takes 7-12 days.
❤️#miao03.vn☜ ☜ Click here to have more nice same items❤.

Recommendation Weight  (This recomended weight is calculated at the height of 160cm)
M = 40-50kg
 L =50-60kg
XL =60-67.5kg
2XL =67.5-72.5kg
3XL=72.5-82.5kg
4XL=82.5-92.5kg
5XL=92.5-100kg


●Unit: cm【 1 cm =  0.3937008 inch 】

M   ：Bust: 96   Shoulder: 46     Length: 68   Sleeve: 17

L    ：Bust: 100  Shoulder:48   Length: 70   Sleeve: 17.5

XL  ：Bust: 104  Shoulder: 50     Length: 72   Sleeve: 18

2XL：Bust: 108   Shoudler: 52     Length: 74   Sleeve: 18.5

3XL：Bust: 112   Shoudler: 54     Length: 75   Sleeve: 19

4XL：Bust: 116   Shoudler: 56    Length: 76   Sleeve: 19.5

5XL：Bust: 120   Shoudler: 58    Length: 77   Sleeve: 20

🌹Note:
● Due to shooting light, the monitor is different，may be different from the picture.Please prevail in kind!
● The size is just for reference, there maybe exist a measurement error of 1-3cm, please check whether it fits your size before you buy it. 
● Hint for choosing proper size: Use similar clothing to compare with the size. 

Package included：
1*T-Shirt

#tshirt #Loose #Blouse #Cartoon #Tops #women #bestselling #tee #simple #Korean #oversize #printing #female #baju #long-sleeved #student  #2020 #New');
            
            INSERT INTO product_images (product_id, name, path) 
            VALUES (9845414415, 'SP_9845414415_1.jpg', 'images/products/5/SP_9845414415_1.jpg');
            
            INSERT INTO product_images (product_id, name, path) 
            VALUES (9845414415, 'SP_9845414415_2.jpg', 'images/products/5/SP_9845414415_2.jpg');
            
            INSERT INTO product_images (product_id, name, path) 
            VALUES (9845414415, 'SP_9845414415_3.jpg', 'images/products/5/SP_9845414415_3.jpg');
            
            INSERT INTO product_images (product_id, name, path) 
            VALUES (9845414415, 'SP_9845414415_4.jpg', 'images/products/5/SP_9845414415_4.jpg');
            
            INSERT INTO product_details (id, product_id, size, color, unique_search_id, quantity)
            VALUES (65005731267, 9845414415, 'L', 'Black', 'abckll', 999);
            
            INSERT INTO product_details (id, product_id, size, color, unique_search_id, quantity)
            VALUES (65005731268, 9845414415, 'XL', 'Rose red', ' deelorrsx', 999);
            
            INSERT INTO product_details (id, product_id, size, color, unique_search_id, quantity)
            VALUES (65005731269, 9845414415, 'L', 'Pink', 'iklnp', 999);
            
            INSERT INTO product_details (id, product_id, size, color, unique_search_id, quantity)
            VALUES (65005731270, 9845414415, 'XL', 'White', 'ehiltwx', 999);
            
            INSERT INTO product_details (id, product_id, size, color, unique_search_id, quantity)
            VALUES (65005731271, 9845414415, '4XL', 'Purple', '4ellpprux', 999);
            
            INSERT INTO product_details (id, product_id, size, color, unique_search_id, quantity)
            VALUES (65005731272, 9845414415, '2XL', 'Rose red', ' 2deelorrsx', 999);
            
            INSERT INTO product_details (id, product_id, size, color, unique_search_id, quantity)
            VALUES (65005731273, 9845414415, 'L', 'White', 'ehiltw', 999);
            
            INSERT INTO product_details (id, product_id, size, color, unique_search_id, quantity)
            VALUES (65005731274, 9845414415, '5XL', 'Green', '5eeglnrx', 999);
            
            INSERT INTO product_details (id, product_id, size, color, unique_search_id, quantity)
            VALUES (65005731275, 9845414415, 'L', 'Red', 'delr', 999);
            
            INSERT INTO product_details (id, product_id, size, color, unique_search_id, quantity)
            VALUES (65005731276, 9845414415, '2XL', 'Red', '2delrx', 999);
            
            INSERT INTO product_details (id, product_id, size, color, unique_search_id, quantity)
            VALUES (65005731277, 9845414415, 'L', 'Rose red', ' deelorrs', 999);
            
            INSERT INTO product_details (id, product_id, size, color, unique_search_id, quantity)
            VALUES (65005731278, 9845414415, '3XL', 'Black', '3abckllx', 999);
            
            INSERT INTO product_details (id, product_id, size, color, unique_search_id, quantity)
            VALUES (65005731279, 9845414415, '2XL', 'Pink', '2iklnpx', 998);
            
            INSERT INTO product_details (id, product_id, size, color, unique_search_id, quantity)
            VALUES (65005731280, 9845414415, 'M', 'Green', 'eegmnr', 999);
            
            INSERT INTO product_details (id, product_id, size, color, unique_search_id, quantity)
            VALUES (65005731281, 9845414415, '3XL', 'Rose red', ' 3deelorrsx', 999);
            
            INSERT INTO product_details (id, product_id, size, color, unique_search_id, quantity)
            VALUES (65005731282, 9845414415, '5XL', 'Black', '5abckllx', 999);
            
            INSERT INTO product_details (id, product_id, size, color, unique_search_id, quantity)
            VALUES (65005731283, 9845414415, 'M', 'Purple', 'elmppru', 998);
            
            INSERT INTO product_details (id, product_id, size, color, unique_search_id, quantity)
            VALUES (65005731284, 9845414415, 'M', 'Red', 'demr', 998);
            
            INSERT INTO product_details (id, product_id, size, color, unique_search_id, quantity)
            VALUES (65005731285, 9845414415, '4XL', 'Red', '4delrx', 999);
            
            INSERT INTO product_details (id, product_id, size, color, unique_search_id, quantity)
            VALUES (65005731286, 9845414415, 'M', 'Rose red', ' deemorrs', 999);
            
            INSERT INTO product_details (id, product_id, size, color, unique_search_id, quantity)
            VALUES (65005731287, 9845414415, 'L', 'Green', 'eeglnr', 999);
            
            INSERT INTO product_details (id, product_id, size, color, unique_search_id, quantity)
            VALUES (65005731288, 9845414415, 'XL', 'Black', 'abckllx', 999);
            
            INSERT INTO product_details (id, product_id, size, color, unique_search_id, quantity)
            VALUES (65005731289, 9845414415, 'XL', 'Green', 'eeglnrx', 999);
            
            INSERT INTO product_details (id, product_id, size, color, unique_search_id, quantity)
            VALUES (65005731290, 9845414415, '5XL', 'Rose red', ' 5deelorrsx', 999);
            
            INSERT INTO product_details (id, product_id, size, color, unique_search_id, quantity)
            VALUES (65005731291, 9845414415, 'XL', 'Red', 'delrx', 999);
            
            INSERT INTO product_details (id, product_id, size, color, unique_search_id, quantity)
            VALUES (65005731292, 9845414415, '5XL', 'Pink', '5iklnpx', 999);
            
            INSERT INTO product_details (id, product_id, size, color, unique_search_id, quantity)
            VALUES (65005731293, 9845414415, '3XL', 'Green', '3eeglnrx', 999);
            
            INSERT INTO product_details (id, product_id, size, color, unique_search_id, quantity)
            VALUES (65005731294, 9845414415, 'M', 'White', 'ehimtw', 999);
            
            INSERT INTO product_details (id, product_id, size, color, unique_search_id, quantity)
            VALUES (65005731295, 9845414415, '2XL', 'Purple', '2ellpprux', 999);
            
            INSERT INTO product_details (id, product_id, size, color, unique_search_id, quantity)
            VALUES (65005731296, 9845414415, '3XL', 'Red', '3delrx', 999);
            
            INSERT INTO product_details (id, product_id, size, color, unique_search_id, quantity)
            VALUES (65005731297, 9845414415, '2XL', 'Green', '2eeglnrx', 999);
            
            INSERT INTO product_details (id, product_id, size, color, unique_search_id, quantity)
            VALUES (65005731298, 9845414415, '2XL', 'Black', '2abckllx', 999);
            
            INSERT INTO product_details (id, product_id, size, color, unique_search_id, quantity)
            VALUES (65005731299, 9845414415, '5XL', 'Purple', '5ellpprux', 999);
            
            INSERT INTO product_details (id, product_id, size, color, unique_search_id, quantity)
            VALUES (65005731300, 9845414415, 'XL', 'Pink', 'iklnpx', 999);
            
            INSERT INTO product_details (id, product_id, size, color, unique_search_id, quantity)
            VALUES (65005731301, 9845414415, '3XL', 'White', '3ehiltwx', 999);
            
            INSERT INTO product_details (id, product_id, size, color, unique_search_id, quantity)
            VALUES (65005731302, 9845414415, '4XL', 'Green', '4eeglnrx', 999);
            
            INSERT INTO product_details (id, product_id, size, color, unique_search_id, quantity)
            VALUES (65005731303, 9845414415, 'M', 'Pink', 'ikmnp', 998);
            
            INSERT INTO product_details (id, product_id, size, color, unique_search_id, quantity)
            VALUES (65005731304, 9845414415, 'M', 'Black', 'abcklm', 999);
            
            INSERT INTO product_details (id, product_id, size, color, unique_search_id, quantity)
            VALUES (65005731305, 9845414415, 'L', 'Purple', 'ellppru', 999);
            
            INSERT INTO product_details (id, product_id, size, color, unique_search_id, quantity)
            VALUES (65005731306, 9845414415, '2XL', 'White', '2ehiltwx', 999);
            
            INSERT INTO product_details (id, product_id, size, color, unique_search_id, quantity)
            VALUES (65005731307, 9845414415, '3XL', 'Purple', '3ellpprux', 999);
            
            INSERT INTO product_details (id, product_id, size, color, unique_search_id, quantity)
            VALUES (65005731308, 9845414415, '3XL', 'Pink', '3iklnpx', 999);
            
            INSERT INTO product_details (id, product_id, size, color, unique_search_id, quantity)
            VALUES (65005731309, 9845414415, '4XL', 'Rose red', ' 4deelorrsx', 999);
            
            INSERT INTO product_details (id, product_id, size, color, unique_search_id, quantity)
            VALUES (65005731310, 9845414415, '4XL', 'Pink', '4iklnpx', 999);
            
            INSERT INTO product_details (id, product_id, size, color, unique_search_id, quantity)
            VALUES (65005731311, 9845414415, '4XL', 'Black', '4abckllx', 999);
            
            INSERT INTO product_details (id, product_id, size, color, unique_search_id, quantity)
            VALUES (65005731312, 9845414415, '5XL', 'White', '5ehiltwx', 999);
            
            INSERT INTO product_details (id, product_id, size, color, unique_search_id, quantity)
            VALUES (65005731313, 9845414415, '5XL', 'Red', '5delrx', 998);
            
            INSERT INTO product_details (id, product_id, size, color, unique_search_id, quantity)
            VALUES (65005731314, 9845414415, '4XL', 'White', '4ehiltwx', 999);
            
            INSERT INTO product_details (id, product_id, size, color, unique_search_id, quantity)
            VALUES (65005731315, 9845414415, 'XL', 'Purple', 'ellpprux', 999);
            
            INSERT INTO products (id, sku, name, slug, category_id, unit_price, sale_price, preview_image_name, preview_image_path, views, description)
            VALUES (5052650319, 'SP06001', 'Áo len nữ kiểu Hàn Quốc, Chất dày đẹp AL08', 'ao-len-nu-kieu-han-quoc,-chat-day-dep-al08', 6, 148500, 270000, 'SP_5052650319_0.jpg', 'images/products/6/SP_5052650319_0.jpg', 1329, '*ÁO LEN NỮ DÀY DÁNG RỘNG MỚI NHẤT 2020 Thương hiệu Sukiya Fashion
- Các sản phẩm áo len nữ của Sukiya Fashion được làm bằng chất liệu len Cotton tự nhiên, thoát mồ hôi giữ ấm, nhanh tạo cảm giác vô cùng thoải mái cho người mặc và đặc biệt là không bị Xù Lông, Không phai màu, Giặt máy tốt. 

*THÔNG TIN SẢN PHẨM:
- Chất liệu: 90% Sợi len COTTON, 5% Polyamide.
- Màu sắc: Kem sữa - Tím khoai môn - Cam hồng - Đen
- Size áo: S - M - L

*CÁCH LỰA CHỌN SIZE SẢN PHẨM
- Size S: 40 - 50kg
- Size M: 50 - 60kg
- Size L: 60- 70kg
* Sukiya Fashion cam kết với khách hàng
- Hỗ trợ khách hàng đổi màu, đổi size.
- Cam kết sản phẩm 100% giống ảnh
- Đổi trả trả trong vòng 7 ngày

* Các sản phẩm của sukiya Fashion đều được kiểm tra kỹ lưỡng về mặt chất lưỡng từng đường may mũi chỉ. Đảm bảo cho mọi sản phẩm đến tay khách hàng hoàn hảo nhất. 
#aokhoaclennu #aocardigannu #cardigannu #aolennu #aolennam #aokhoaccardigannu #aokhoaclen #cardiganlen
#aolennucotron ');
            
            INSERT INTO product_images (product_id, name, path) 
            VALUES (5052650319, 'SP_5052650319_1.jpg', 'images/products/6/SP_5052650319_1.jpg');
            
            INSERT INTO product_images (product_id, name, path) 
            VALUES (5052650319, 'SP_5052650319_2.jpg', 'images/products/6/SP_5052650319_2.jpg');
            
            INSERT INTO product_images (product_id, name, path) 
            VALUES (5052650319, 'SP_5052650319_3.jpg', 'images/products/6/SP_5052650319_3.jpg');
            
            INSERT INTO product_images (product_id, name, path) 
            VALUES (5052650319, 'SP_5052650319_4.jpg', 'images/products/6/SP_5052650319_4.jpg');
            
            INSERT INTO product_images (product_id, name, path) 
            VALUES (5052650319, 'SP_5052650319_5.jpg', 'images/products/6/SP_5052650319_5.jpg');
            
            INSERT INTO product_images (product_id, name, path) 
            VALUES (5052650319, 'SP_5052650319_6.jpg', 'images/products/6/SP_5052650319_6.jpg');
            
            INSERT INTO product_images (product_id, name, path) 
            VALUES (5052650319, 'SP_5052650319_7.jpg', 'images/products/6/SP_5052650319_7.jpg');
            
            INSERT INTO product_images (product_id, name, path) 
            VALUES (5052650319, 'SP_5052650319_8.jpg', 'images/products/6/SP_5052650319_8.jpg');
            
            INSERT INTO product_details (id, product_id, size, color, unique_search_id, quantity)
            VALUES (21920705723, 5052650319, 'L', 'Kem sữa', ' aeklmsu', 0);
            
            INSERT INTO product_details (id, product_id, size, color, unique_search_id, quantity)
            VALUES (21920705724, 5052650319, 'S', 'tím khoai môn', '  ahiikmmnoost', 0);
            
            INSERT INTO product_details (id, product_id, size, color, unique_search_id, quantity)
            VALUES (21920705725, 5052650319, 'S', 'Cam hồng', ' acghmnos', 1983);
            
            INSERT INTO product_details (id, product_id, size, color, unique_search_id, quantity)
            VALUES (21920705726, 5052650319, 'M', 'Đen', 'demn', 0);
            
            INSERT INTO product_details (id, product_id, size, color, unique_search_id, quantity)
            VALUES (21920705727, 5052650319, 'S', 'Kem sữa', ' aekmssu', 0);
            
            INSERT INTO product_details (id, product_id, size, color, unique_search_id, quantity)
            VALUES (21920705728, 5052650319, 'M', 'Kem sữa', ' aekmmsu', 0);
            
            INSERT INTO product_details (id, product_id, size, color, unique_search_id, quantity)
            VALUES (21920705729, 5052650319, 'M', 'tím khoai môn', '  ahiikmmmnoot', 0);
            
            INSERT INTO product_details (id, product_id, size, color, unique_search_id, quantity)
            VALUES (21920705730, 5052650319, 'L', 'tím khoai môn', '  ahiiklmmnoot', 0);
            
            INSERT INTO product_details (id, product_id, size, color, unique_search_id, quantity)
            VALUES (31021869040, 5052650319, 'M', 'Cam hồng', ' acghmmno', 1993);
            
            INSERT INTO product_details (id, product_id, size, color, unique_search_id, quantity)
            VALUES (31021869041, 5052650319, 'L', 'Cam hồng', ' acghlmno', 1987);
            
            INSERT INTO product_details (id, product_id, size, color, unique_search_id, quantity)
            VALUES (31021869042, 5052650319, 'S', 'Đen', 'dens', 0);
            
            INSERT INTO product_details (id, product_id, size, color, unique_search_id, quantity)
            VALUES (31021869043, 5052650319, 'L', 'Đen', 'deln', 0);
            
            INSERT INTO products (id, sku, name, slug, category_id, unit_price, sale_price, preview_image_name, preview_image_path, views, description)
            VALUES (7655500731, 'SP06002', 'Áo len nam VẶN THỪNG cổ lọ mẫu mới 2020 - Áo len đan nam cổ cao BITULA', 'ao-len-nam-van-thung-co-lo-mau-moi-2020-ao-len-dan-nam-co-cao-bitula', 6, 150000, 250000, 'SP_7655500731_0.jpg', 'images/products/6/SP_7655500731_0.jpg', 1920, 'SHOP BITULA – ÁO LEN NAM CỔ LỌ CẢM ƠN QUÝ KHÁCH ĐÃ GHÉ THĂM GIAN HÀNG VÀ QUAN TÂM SẢN PHẨM
THÔNG TIN SẢN PHẨM ÁO LEN NAM 
- Tên sản phẩm: Áo len nam 
- Chất liệu: Len cotton
- Màu sắc: Nhiều màu khác nhau
- Size: M - L – XL

ĐẶC ĐIỂM NỘI BẬT
- Áo len nam cổ lọ được thiết kế hiện đại, thời trang
- Chất liệu vải dày dặn, mềm mại, ạn toàn cho người sử dụng
- Áo len có thể kết hợp với nhiều trang phục khác nhau: quần jean, quần âu, giày tây, gìay thể thao... thích hợp đi làm, đi chơi đều thoải mái, ấm áp
- Sản phẩm có thể giặt máy thoải mái mà không lo bai, xù, dão

HƯỚNG DẪN CHỌN SIZE ÁO LEN NAM
- Size M: cân nặng 45-55kg, dưới 1m65 
- Size L: cân nặng 56-66kg, cao dưới 1m72 
- Size XL: Cân nặng 67-78kg, cao dưới 1m80
( Có thể tăng thêm 1 size nếu bụng to)
Áo len nam là sản phẩm thủ công nên thông số các số đo có thể bị chênh lệch 1-2 (cm)

SHOP BITULA CAM KẾT
- Sản phẩm Áo len nam cổ lọ 100% giống mô tả và hình ảnh 
- Đội ngũ tư vấn viên nhiệt tình, chu đáo
- Áo được kiểm tra kĩ càng, cẩn thận trước khi gói hàng giao cho Quý Khách 
- Hàng có sẵn, giao hàng ngay khi nhận được đơn 
- Chấp nhận đổi hàng khi size không vừa 
- Giao hàng trên toàn quốc, nhận hàng trả tiền 
- Hỗ trợ đổi trả theo quy định của Shopee
1. Điều kiện áp dụng (trong vòng 03 ngày kể từ khi nhận sản phẩm) 
+ Hàng hoá vẫn còn mới, chưa qua sử dụng 
+ Hàng hoá bị lỗi hoặc hư hỏng do vận chuyển hoặc do nhà sản xuất 
2. Trường hợp được chấp nhận: 
+ Hàng không đúng size, kiểu dáng như quý khách đặt hàng 
+ Không đủ số lượng, không đủ bộ như trong đơn hàng 
3. Trường hợp không đủ điều kiện áp dụng chính sách: 
+ Quá 03 ngày kể từ khi Quý khách nhận hàng  
+ Gửi lại hàng không đúng mẫu mã, không phải sản phẩm của BITULA
+ Không thích, không hợp, đặt nhầm mã, nhầm màu,…
Do màn hình và điều kiện ánh sáng khác nhau, màu sắc thực tế của sản phẩm có thể chênh lệch khoảng 3-5%

#ao #len #nam #aolen #aolennam #cotron #colo #somi #dep #hanoi #tru #day #memmin #codan #am #bitula #freeship #lo #lencotton #cotton #nam #thoitrangnam #trangphuc #trangphucnam VẶN THỪNG');
            
            INSERT INTO product_images (product_id, name, path) 
            VALUES (7655500731, 'SP_7655500731_1.jpg', 'images/products/6/SP_7655500731_1.jpg');
            
            INSERT INTO product_images (product_id, name, path) 
            VALUES (7655500731, 'SP_7655500731_2.jpg', 'images/products/6/SP_7655500731_2.jpg');
            
            INSERT INTO product_images (product_id, name, path) 
            VALUES (7655500731, 'SP_7655500731_3.jpg', 'images/products/6/SP_7655500731_3.jpg');
            
            INSERT INTO product_images (product_id, name, path) 
            VALUES (7655500731, 'SP_7655500731_4.jpg', 'images/products/6/SP_7655500731_4.jpg');
            
            INSERT INTO product_images (product_id, name, path) 
            VALUES (7655500731, 'SP_7655500731_5.jpg', 'images/products/6/SP_7655500731_5.jpg');
            
            INSERT INTO product_images (product_id, name, path) 
            VALUES (7655500731, 'SP_7655500731_6.jpg', 'images/products/6/SP_7655500731_6.jpg');
            
            INSERT INTO product_images (product_id, name, path) 
            VALUES (7655500731, 'SP_7655500731_7.jpg', 'images/products/6/SP_7655500731_7.jpg');
            
            INSERT INTO product_images (product_id, name, path) 
            VALUES (7655500731, 'SP_7655500731_8.jpg', 'images/products/6/SP_7655500731_8.jpg');
            
            INSERT INTO product_details (id, product_id, size, color, unique_search_id, quantity)
            VALUES (31243602114, 7655500731, 'XL', 'Xanh than', ' aahhlnntxx', 979);
            
            INSERT INTO product_details (id, product_id, size, color, unique_search_id, quantity)
            VALUES (31243602115, 7655500731, 'XL', 'Trắng sữa', ' aaglnrstux', 906);
            
            INSERT INTO product_details (id, product_id, size, color, unique_search_id, quantity)
            VALUES (31243602116, 7655500731, 'L', 'Trắng sữa', ' aaglnrstu', 884);
            
            INSERT INTO product_details (id, product_id, size, color, unique_search_id, quantity)
            VALUES (31243602117, 7655500731, 'L', 'Xanh than', ' aahhlnntx', 980);
            
            INSERT INTO product_details (id, product_id, size, color, unique_search_id, quantity)
            VALUES (31243602118, 7655500731, 'XL', 'Ghi', 'ghilx', 947);
            
            INSERT INTO product_details (id, product_id, size, color, unique_search_id, quantity)
            VALUES (31243602119, 7655500731, 'M', 'Ghi', 'ghim', 970);
            
            INSERT INTO product_details (id, product_id, size, color, unique_search_id, quantity)
            VALUES (31243602120, 7655500731, 'L', 'Ghi', 'ghil', 950);
            
            INSERT INTO product_details (id, product_id, size, color, unique_search_id, quantity)
            VALUES (31243602121, 7655500731, 'M', 'Trắng sữa', ' aagmnrstu', 926);
            
            INSERT INTO product_details (id, product_id, size, color, unique_search_id, quantity)
            VALUES (31243602122, 7655500731, 'L', 'Đen', 'deln', 930);
            
            INSERT INTO product_details (id, product_id, size, color, unique_search_id, quantity)
            VALUES (31243602123, 7655500731, 'XL', 'Đỏ', 'dlox', 984);
            
            INSERT INTO product_details (id, product_id, size, color, unique_search_id, quantity)
            VALUES (31243602124, 7655500731, 'M', 'Xanh than', ' aahhmnntx', 992);
            
            INSERT INTO product_details (id, product_id, size, color, unique_search_id, quantity)
            VALUES (31243602125, 7655500731, 'M', 'Đỏ', 'dmo', 986);
            
            INSERT INTO product_details (id, product_id, size, color, unique_search_id, quantity)
            VALUES (31243602126, 7655500731, 'L', 'Đỏ', 'dlo', 980);
            
            INSERT INTO product_details (id, product_id, size, color, unique_search_id, quantity)
            VALUES (31243602127, 7655500731, 'XL', 'Đen', 'delnx', 926);
            
            INSERT INTO product_details (id, product_id, size, color, unique_search_id, quantity)
            VALUES (31243602128, 7655500731, 'M', 'Đen', 'demn', 964);
            
            INSERT INTO products (id, sku, name, slug, category_id, unit_price, sale_price, preview_image_name, preview_image_path, views, description)
            VALUES (8607593716, 'SP06003', 'Áo Len Lông Cừu Cổ Tròn Dáng Rộng Thiết Kế Trẻ Trung Phong Cách Hàn Quốc Cho Nữ', 'ao-len-long-cuu-co-tron-dang-rong-thiet-ke-tre-trung-phong-cach-han-quoc-cho-nu', 6, 172390, 287316, 'SP_8607593716_0.jpg', 'images/products/6/SP_8607593716_0.jpg', 2452, 'Hello! Welcome to YIRENZ. We are committed to providing you with quality products and services. If you have any questions when purchasing or after receiving the goods, please contact our customer service, we will be happy to serve you!
delivery time:
The goods will be delivered within two days after purchase, please place the order directly!

product information:
pattern: plain
Color: yellow, green, apricot
Product Category: Sweater/Fleece
Size: M, L, XL
Edition type: Loose
Style type: temperament commuting
Collar type: round neck
Thickness: thicker
Fabric name: cotton blend
Sleeve length: long sleeve
Style: OL commuting

If you need wholesale and brand agency, please contact our customer service for specific agency matters!');
            
            INSERT INTO product_images (product_id, name, path) 
            VALUES (8607593716, 'SP_8607593716_1.jpg', 'images/products/6/SP_8607593716_1.jpg');
            
            INSERT INTO product_images (product_id, name, path) 
            VALUES (8607593716, 'SP_8607593716_2.jpg', 'images/products/6/SP_8607593716_2.jpg');
            
            INSERT INTO product_images (product_id, name, path) 
            VALUES (8607593716, 'SP_8607593716_3.jpg', 'images/products/6/SP_8607593716_3.jpg');
            
            INSERT INTO product_images (product_id, name, path) 
            VALUES (8607593716, 'SP_8607593716_4.jpg', 'images/products/6/SP_8607593716_4.jpg');
            
            INSERT INTO product_images (product_id, name, path) 
            VALUES (8607593716, 'SP_8607593716_5.jpg', 'images/products/6/SP_8607593716_5.jpg');
            
            INSERT INTO product_images (product_id, name, path) 
            VALUES (8607593716, 'SP_8607593716_6.jpg', 'images/products/6/SP_8607593716_6.jpg');
            
            INSERT INTO product_images (product_id, name, path) 
            VALUES (8607593716, 'SP_8607593716_7.jpg', 'images/products/6/SP_8607593716_7.jpg');
            
            INSERT INTO product_images (product_id, name, path) 
            VALUES (8607593716, 'SP_8607593716_8.jpg', 'images/products/6/SP_8607593716_8.jpg');
            
            INSERT INTO product_images (product_id, name, path) 
            VALUES (8607593716, 'SP_8607593716_9.jpg', 'images/products/6/SP_8607593716_9.jpg');
            
            INSERT INTO product_details (id, product_id, size, color, unique_search_id, quantity)
            VALUES (43095965963, 8607593716, 'XL', 'green', 'eeglnrx', 2);
            
            INSERT INTO product_details (id, product_id, size, color, unique_search_id, quantity)
            VALUES (43095965964, 8607593716, 'XL', 'Apricot', 'aciloprtx', 7);
            
            INSERT INTO product_details (id, product_id, size, color, unique_search_id, quantity)
            VALUES (43095965965, 8607593716, 'XL', 'Yellow.', '.elllowxy', 0);
            
            INSERT INTO product_details (id, product_id, size, color, unique_search_id, quantity)
            VALUES (43095965966, 8607593716, 'L', 'green', 'eeglnr', 0);
            
            INSERT INTO product_details (id, product_id, size, color, unique_search_id, quantity)
            VALUES (43095965967, 8607593716, 'L', 'Yellow.', '.elllowy', 0);
            
            INSERT INTO product_details (id, product_id, size, color, unique_search_id, quantity)
            VALUES (43095965968, 8607593716, 'M', 'Yellow.', '.ellmowy', 5);
            
            INSERT INTO product_details (id, product_id, size, color, unique_search_id, quantity)
            VALUES (43095965969, 8607593716, 'M', 'Apricot', 'acimoprt', 0);
            
            INSERT INTO product_details (id, product_id, size, color, unique_search_id, quantity)
            VALUES (43095965970, 8607593716, 'M', 'green', 'eegmnr', 5);
            
            INSERT INTO product_details (id, product_id, size, color, unique_search_id, quantity)
            VALUES (43095965971, 8607593716, 'L', 'Apricot', 'aciloprt', 4);
            
            INSERT INTO products (id, sku, name, slug, category_id, unit_price, sale_price, preview_image_name, preview_image_path, views, description)
            VALUES (7446201377, 'SP06004', 'Áo len tăm croptop tay ngắn chất len tăm ulzzang Hàn Quốc C68 - Maoshop', 'ao-len-tam-croptop-tay-ngan-chat-len-tam-ulzzang-han-quoc-c68-maoshop', 6, 99000, 109000, 'SP_7446201377_0.jpg', 'images/products/6/SP_7446201377_0.jpg', 2851, '🌱Thông tin sản phẩm Áo len tăm croptop tay ngắn chất len tăm ulzzang
    + Sản phẩm: Áo len tăm croptop tay ngắn chất len tăm ulzzang
    + Chất liệu: Len tăm dệt kim Hàn 
    + Đường may chắc chắn, chần 2 lớp, vắt sổ
    + Giặt ko xù hay bay màu, thoải mái ko gò bó

🌱Màu sắc, kích thước: Áo len tăm croptop tay ngắn chất len tăm ulzzang
    + Áo có  màu: Đen + Trắng
    👉Size M          1m4 - 1m55, 40-49kg
    👉Size L         1m55 - 1m65, 50-59kg
    👉Size XL          1m65-1m75, 60-70kg

Quý khách vui lòng inbox ngay cho shop nếu cần tư vấn thêm về size

🌱Hướng dẫn sử dụng, bảo quản Áo len tăm croptop tay ngắn chất len tăm ulzzang
    + Lần đầu nên lộn trái áo và giặt ở nhiệt độ thường, tối đa 30 độ C
    + Không dùng chất tẩy mạnh
    + Khi phơi nên lộn trái áo tránh bị phai màu
    + Sấy ở nhiệt độ thường
    + Là, ủi áo ở nhiệt độ thấp

🌱Cam kết của shop
    + Cam kết chất lượng sản phẩm giống với mô tả, hình ảnh.
    + Sản phẩm được kiểm tra cẩn thận, kĩ càng trước khi gói hàng giao cho Quý khách
    + Hàng còn mới 100% và chưa qua sử dụng
    + Chấp nhận đổi hàng khi size không vừa
    + Giao hàng trên toàn quốc, nhận hàng mới trả tiền
    + Hỗ trợ đổi trả theo quy định của Shopee 

#aothun #ao #thun #nu #aophong #phong #croptop #body #croptopnu #aonu #maoshop #hanquoc #ulzzang  #formrong #unisex #taylo #ngantay #lentam #detkim');
            
            INSERT INTO product_images (product_id, name, path) 
            VALUES (7446201377, 'SP_7446201377_1.jpg', 'images/products/6/SP_7446201377_1.jpg');
            
            INSERT INTO product_images (product_id, name, path) 
            VALUES (7446201377, 'SP_7446201377_2.jpg', 'images/products/6/SP_7446201377_2.jpg');
            
            INSERT INTO product_images (product_id, name, path) 
            VALUES (7446201377, 'SP_7446201377_3.jpg', 'images/products/6/SP_7446201377_3.jpg');
            
            INSERT INTO product_images (product_id, name, path) 
            VALUES (7446201377, 'SP_7446201377_4.jpg', 'images/products/6/SP_7446201377_4.jpg');
            
            INSERT INTO product_images (product_id, name, path) 
            VALUES (7446201377, 'SP_7446201377_5.jpg', 'images/products/6/SP_7446201377_5.jpg');
            
            INSERT INTO product_images (product_id, name, path) 
            VALUES (7446201377, 'SP_7446201377_6.jpg', 'images/products/6/SP_7446201377_6.jpg');
            
            INSERT INTO product_images (product_id, name, path) 
            VALUES (7446201377, 'SP_7446201377_7.jpg', 'images/products/6/SP_7446201377_7.jpg');
            
            INSERT INTO product_details (id, product_id, size, color, unique_search_id, quantity)
            VALUES (40583388498, 7446201377, 'XL', 'Đen', 'delnx', 2);
            
            INSERT INTO product_details (id, product_id, size, color, unique_search_id, quantity)
            VALUES (40583388499, 7446201377, 'XL', 'Trắng', 'aglnrtx', 2);
            
            INSERT INTO product_details (id, product_id, size, color, unique_search_id, quantity)
            VALUES (40583388500, 7446201377, 'M', 'Màu Ngẫu Nhiên', '  aaeghimmnnnuu', 0);
            
            INSERT INTO product_details (id, product_id, size, color, unique_search_id, quantity)
            VALUES (40583388501, 7446201377, 'L', 'Trắng', 'aglnrt', 3);
            
            INSERT INTO product_details (id, product_id, size, color, unique_search_id, quantity)
            VALUES (40583388502, 7446201377, 'L', 'Màu Ngẫu Nhiên', '  aaeghilmnnnuu', 0);
            
            INSERT INTO product_details (id, product_id, size, color, unique_search_id, quantity)
            VALUES (40583388503, 7446201377, 'XL', 'Màu Ngẫu Nhiên', '  aaeghilmnnnuux', 0);
            
            INSERT INTO product_details (id, product_id, size, color, unique_search_id, quantity)
            VALUES (40583388504, 7446201377, 'M', 'Đen', 'demn', 2);
            
            INSERT INTO product_details (id, product_id, size, color, unique_search_id, quantity)
            VALUES (40583388505, 7446201377, 'L', 'Đen', 'deln', 2);
            
            INSERT INTO product_details (id, product_id, size, color, unique_search_id, quantity)
            VALUES (40583388506, 7446201377, 'M', 'Trắng', 'agmnrt', 1);
            
            INSERT INTO product_details (id, product_id, size, color, unique_search_id, quantity)
            VALUES (65157747541, 7446201377, 'M', 'Tím', 'immt', 0);
            
            INSERT INTO product_details (id, product_id, size, color, unique_search_id, quantity)
            VALUES (65157747542, 7446201377, 'L', 'Tím', 'ilmt', 0);
            
            INSERT INTO product_details (id, product_id, size, color, unique_search_id, quantity)
            VALUES (65157747543, 7446201377, 'XL', 'Tím', 'ilmtx', 0);
            
            INSERT INTO product_details (id, product_id, size, color, unique_search_id, quantity)
            VALUES (65157747544, 7446201377, 'XL', 'Be', 'belx', 0);
            
            INSERT INTO product_details (id, product_id, size, color, unique_search_id, quantity)
            VALUES (65157747545, 7446201377, 'L', 'Be', 'bel', 0);
            
            INSERT INTO product_details (id, product_id, size, color, unique_search_id, quantity)
            VALUES (65157747546, 7446201377, 'M', 'Vàng', 'agmnv', 0);
            
            INSERT INTO product_details (id, product_id, size, color, unique_search_id, quantity)
            VALUES (65157747547, 7446201377, 'XL', 'Vàng', 'aglnvx', 0);
            
            INSERT INTO product_details (id, product_id, size, color, unique_search_id, quantity)
            VALUES (65157747548, 7446201377, 'M', 'Xanh', 'ahmnx', 0);
            
            INSERT INTO product_details (id, product_id, size, color, unique_search_id, quantity)
            VALUES (65157747549, 7446201377, 'XL', 'Xanh', 'ahlnxx', 0);
            
            INSERT INTO product_details (id, product_id, size, color, unique_search_id, quantity)
            VALUES (65157747550, 7446201377, 'M', 'Hồng', 'ghmno', 0);
            
            INSERT INTO product_details (id, product_id, size, color, unique_search_id, quantity)
            VALUES (65157747551, 7446201377, 'L', 'Xanh', 'ahlnx', 0);
            
            INSERT INTO product_details (id, product_id, size, color, unique_search_id, quantity)
            VALUES (65157747552, 7446201377, 'L', 'Hồng', 'ghlno', 0);
            
            INSERT INTO product_details (id, product_id, size, color, unique_search_id, quantity)
            VALUES (65157747553, 7446201377, 'XL', 'Hồng', 'ghlnox', 0);
            
            INSERT INTO product_details (id, product_id, size, color, unique_search_id, quantity)
            VALUES (65157747554, 7446201377, 'L', 'Vàng', 'aglnv', 0);
            
            INSERT INTO product_details (id, product_id, size, color, unique_search_id, quantity)
            VALUES (65157747555, 7446201377, 'M', 'Be', 'bem', 0);
            
            INSERT INTO products (id, sku, name, slug, category_id, unit_price, sale_price, preview_image_name, preview_image_path, views, description)
            VALUES (5958338351, 'SP06005', 'Áo len zip cổ vuông co giãn giữ nhiệt body - Thun tăm cổ khoét sâu dáng ôm Nữ HOT', 'ao-len-zip-co-vuong-co-gian-giu-nhiet-body-thun-tam-co-khoet-sau-dang-om-nu-hot', 6, 61000, 81000, 'SP_5958338351_0.jpg', 'images/products/6/SP_5958338351_0.jpg', 747, '🔺 Áo len tăm cổ vuông khoét sâu mới cập bến nhà peony nha các tình yêu nhanh đặt để được giảm 50c đầu tiên nè
🔺 Chất len tăm ôm siêu giữ nhiệt kèm tôn dáng nha 
🔺 Form ôm nhưng chất co giãn nên mặc rất thích ạ
🔺 Size
S 38-45 kg
M 45-54 kg
L 55-60 kg
🔺 Nhanh tay lên đơn đi nào cả nhà ơii <3
#setcroptop #setbody #setnu #somi #bonu #setcul #bocul #aothunnu #aothun #aophongnu #aophongtaylo #aothuntaylo #setbra #croptop #bra #croptopdep #bradep #croptopnu #aonudep #croptoptron #croptopbasic #set2mon #setthethao #croptopgiare #freeship #musthave #dangom #thuntam #lentam #aodaitay #bodynu #giunhiet #aogiunhiet

  🎀🎀🎀 Peonyboutique 🎀🎀🎀
🌺 Chuyên sỉ lẻ các loại quần áo 4 mùa
🌺 Giá tại xưởng không qua trung gian
🌺 Mẫu mã đa dạng ,hợp thời trang
🌺 Các loại sản phẩm từ chất cotton, thun, umi hàn....
Lưu ý: Các bạn chú ý đọc thông tin sản phẩm trước khi đặt hàng, shop chỉ chuyển đơn theo đúng phân loại khách chọn trong đơn..
  🎀🎀🎀 Welcome to Peonyboutique 🎀🎀🎀
 ******
Firstly, thank you for coming to our store, All the goods in the store are available.
 ******
At last，if you satisfied with our item Please Give us Five Stars Feedback !!!
Any trouble remember to conta');
            
            INSERT INTO product_images (product_id, name, path) 
            VALUES (5958338351, 'SP_5958338351_1.jpg', 'images/products/6/SP_5958338351_1.jpg');
            
            INSERT INTO product_images (product_id, name, path) 
            VALUES (5958338351, 'SP_5958338351_2.jpg', 'images/products/6/SP_5958338351_2.jpg');
            
            INSERT INTO product_images (product_id, name, path) 
            VALUES (5958338351, 'SP_5958338351_3.jpg', 'images/products/6/SP_5958338351_3.jpg');
            
            INSERT INTO product_images (product_id, name, path) 
            VALUES (5958338351, 'SP_5958338351_4.jpg', 'images/products/6/SP_5958338351_4.jpg');
            
            INSERT INTO product_images (product_id, name, path) 
            VALUES (5958338351, 'SP_5958338351_5.jpg', 'images/products/6/SP_5958338351_5.jpg');
            
            INSERT INTO product_images (product_id, name, path) 
            VALUES (5958338351, 'SP_5958338351_6.jpg', 'images/products/6/SP_5958338351_6.jpg');
            
            INSERT INTO product_details (id, product_id, size, color, unique_search_id, quantity)
            VALUES (61464616911, 5958338351, 'Màu Đen', 'S', ' ademnsu', 0);
            
            INSERT INTO product_details (id, product_id, size, color, unique_search_id, quantity)
            VALUES (61464616912, 5958338351, 'Màu Trắng', 'S', ' aagmnrstu', 49);
            
            INSERT INTO product_details (id, product_id, size, color, unique_search_id, quantity)
            VALUES (61464616913, 5958338351, 'Màu Be', 'M', ' abemmu', 0);
            
            INSERT INTO product_details (id, product_id, size, color, unique_search_id, quantity)
            VALUES (61464616914, 5958338351, 'Màu Be', 'L', ' abelmu', 0);
            
            INSERT INTO product_details (id, product_id, size, color, unique_search_id, quantity)
            VALUES (61464616915, 5958338351, 'Màu Trắng', 'L', ' aaglmnrtu', 50);
            
            INSERT INTO product_details (id, product_id, size, color, unique_search_id, quantity)
            VALUES (61464616916, 5958338351, 'Màu Be', 'S', ' abemsu', 0);
            
            INSERT INTO product_details (id, product_id, size, color, unique_search_id, quantity)
            VALUES (61464616917, 5958338351, 'Màu Đen', 'M', ' ademmnu', 0);
            
            INSERT INTO product_details (id, product_id, size, color, unique_search_id, quantity)
            VALUES (61464616918, 5958338351, 'Màu Trắng', 'M', ' aagmmnrtu', 48);
            
            INSERT INTO product_details (id, product_id, size, color, unique_search_id, quantity)
            VALUES (61464616919, 5958338351, 'Màu Đen', 'L', ' adelmnu', 0);
            
            INSERT INTO products (id, sku, name, slug, category_id, unit_price, sale_price, preview_image_name, preview_image_path, views, description)
            VALUES (5857733249, 'SP06006', 'Áo Len Cổ Tim Dài Tay Phong Cách Hàn Quốc Cho Nam', 'ao-len-co-tim-dai-tay-phong-cach-han-quoc-cho-nam', 6, 218773, 257380, 'SP_5857733249_0.jpg', 'images/products/6/SP_5857733249_0.jpg', 778, 'Thời gian giao hàng dự kiến cho sản phẩm này là từ 7-9 ngày
 
 ❥ (^ _-) Các bạn nhớ chú ý đến cửa hàng để đặt hàng các sản phẩm yêu thương nhé (^ _-) Các bạn nhớ chú ý đến cửa hàng để đặt hàng các sản phẩm yêu thương ~
 Xem tất cả các sản phẩm trong cửa hàng tại đây → _ →
 #wulongg.vn
 
 Màu sắc: Xanh dương, trắng
 Kích thước: M L XL 2XL
 Phong cách cơ bản: Phổ biến cho giới trẻ
 Độ dày: Tiêu chuẩn
 Chất liệu: Cotton+ sợi polyester
 
 Lưu ý khi mua hàng:
 1. Xin vui lòng tham khảo hình cuối cùng hoặc bảng kích thước để biết chi tiết kích thước. Kích thước tổng thể của phần dưới của cửa hàng là rộng, phần trên là mỏng và rộng. Nếu bạn không chắc mình mặc kích thước bao nhiêu, bạn có thể cung cấp cho chúng tôi chiều cao và cân nặng, chúng tôi sẽ tư vấn chuyên nghiệp cho bạn
 2. Tất cả các sản phẩm được vận chuyển từ Trung Quốc. Hãy kiên nhẫn chờ đợi ~~
 3. Nếu bạn không thể mở lỗ nút của quần jean, thì tất cả quần jean mới từ Trung Quốc đại lục đều như vậy. Đây không phải là những sản phẩm lỗi chưa hoàn thiện mà là để đảm bảo tính toàn vẹn của sản phẩm ở mức độ cao nhất ~~
 4. Chúng tôi có kiểm tra sản phẩm trước khi giao hàng, nhưng đôi khi có sự thiếu sót, chẳng hạn, các công ty vận chuyển đã gửi nhầm, bỏ sót và có vấn đề về chất lượng sau khi nhận hàng. Vui lòng liên hệ với chúng tôi ngay để giải quyết. Chúng tôi chân thành và có trách nhiệm ~~
 5. Nếu bạn hài lòng với sản phẩm và dịch vụ của chúng tôi, xin vui lòng cho chúng tôi 5 sao. Xin cảm ơn vì đã ủng hộ và chúc bạn có một cuộc sống tốt đẹp ~~
 
 Do các phương pháp đo lường khác nhau, cho phép sai số 2-5cm, phạm vi lỗi không phải là vấn đề chất lượng!
  · Lưu ý rằng sản phẩm không thể bị hủy hoặc thay đổi thông tin sau khi giao hàng ！！！ 
 Do các màn hình khác nhau, sự khác biệt về màu sắc là khó tránh khỏi. Vui lòng tham khảo sản phẩm thật. 
 Lưu ý: Chúng tôi gửi hàng từ Trung Quốc đại lục. Kích thước khác với Philippines. Bạn có thể hỏi về kích thước nếu bạn đặt hàng để tránh mất mát không đáng có.
 Xin cảm ơn!');
            
            INSERT INTO product_images (product_id, name, path) 
            VALUES (5857733249, 'SP_5857733249_1.jpg', 'images/products/6/SP_5857733249_1.jpg');
            
            INSERT INTO product_images (product_id, name, path) 
            VALUES (5857733249, 'SP_5857733249_2.jpg', 'images/products/6/SP_5857733249_2.jpg');
            
            INSERT INTO product_images (product_id, name, path) 
            VALUES (5857733249, 'SP_5857733249_3.jpg', 'images/products/6/SP_5857733249_3.jpg');
            
            INSERT INTO product_images (product_id, name, path) 
            VALUES (5857733249, 'SP_5857733249_4.jpg', 'images/products/6/SP_5857733249_4.jpg');
            
            INSERT INTO product_images (product_id, name, path) 
            VALUES (5857733249, 'SP_5857733249_5.jpg', 'images/products/6/SP_5857733249_5.jpg');
            
            INSERT INTO product_images (product_id, name, path) 
            VALUES (5857733249, 'SP_5857733249_6.jpg', 'images/products/6/SP_5857733249_6.jpg');
            
            INSERT INTO product_images (product_id, name, path) 
            VALUES (5857733249, 'SP_5857733249_7.jpg', 'images/products/6/SP_5857733249_7.jpg');
            
            INSERT INTO product_images (product_id, name, path) 
            VALUES (5857733249, 'SP_5857733249_8.jpg', 'images/products/6/SP_5857733249_8.jpg');
            
            INSERT INTO product_images (product_id, name, path) 
            VALUES (5857733249, 'SP_5857733249_9.jpg', 'images/products/6/SP_5857733249_9.jpg');
            
            INSERT INTO product_details (id, product_id, size, color, unique_search_id, quantity)
            VALUES (71418136881, 5857733249, 'M', 'white', 'ehimtw', 987);
            
            INSERT INTO product_details (id, product_id, size, color, unique_search_id, quantity)
            VALUES (71418136882, 5857733249, 'XL', 'white', 'ehiltwx', 994);
            
            INSERT INTO product_details (id, product_id, size, color, unique_search_id, quantity)
            VALUES (71418136883, 5857733249, 'L', 'white', 'ehiltw', 992);
            
            INSERT INTO product_details (id, product_id, size, color, unique_search_id, quantity)
            VALUES (71418136884, 5857733249, '2XL', 'blue', '2bellux', 994);
            
            INSERT INTO product_details (id, product_id, size, color, unique_search_id, quantity)
            VALUES (71418136885, 5857733249, 'M', 'blue', 'belmu', 995);
            
            INSERT INTO product_details (id, product_id, size, color, unique_search_id, quantity)
            VALUES (71418136886, 5857733249, '2XL', 'white', '2ehiltwx', 992);
            
            INSERT INTO product_details (id, product_id, size, color, unique_search_id, quantity)
            VALUES (71418136887, 5857733249, 'L', 'blue', 'bellu', 992);
            
            INSERT INTO product_details (id, product_id, size, color, unique_search_id, quantity)
            VALUES (71418136888, 5857733249, 'XL', 'blue', 'bellux', 996);
            
            INSERT INTO products (id, sku, name, slug, category_id, unit_price, sale_price, preview_image_name, preview_image_path, views, description)
            VALUES (8928884644, 'SP07001', '[Mã WASKT304 giảm 15% tối đa 30K đơn 99K] Quần kaki nữ lưng tây phối thun CONI ulzzang -ẢNH THẬT-', 'ma-waskt304-giam-15percent-toi-da-30k-don-99k-quan-kaki-nu-lung-tay-phoi-thun-coni-ulzzang-anh-that-', 7, 165000, 210000, 'SP_8928884644_0.jpg', 'images/products/7/SP_8928884644_0.jpg', 14750, '👖 𝐂𝐨𝐧𝐢 𝐩𝐚𝐧𝐭𝐬
Chất liệu: Kaki Hàn co dãn nhẹ
Màu: Đen/ Trắng/ Tan
 ➖➖➖➖➖➖➖➖➖➖➖
🎈 Hướng dẫn chọn size:
Size S: Nặng 40-45kg, Cao 1m50- 1m55
Size M: Nặng 45-50kg ; Cao 1m55-1m62
Size L: Nặng 50-55kg; Cao 1m65- 1m70
Size XL: Nặng dưới 65kg; Cao dưới 1m75
👉 Lưu ý: Đây chỉ là bảng size mẫu.
BẠN INBOX TRỰC TIẾP,CUNG CẤP CHIỀU CAO + CÂN NẶNG ĐỂ SHOP CÓ THỂ HỖ TRỢ TƯ VẤN CHỌN SIZE CHO PHÙ HỢP NHÉ.

🌸 Là khách hàng của TUNI, chúng tôi cam kết bạn sẽ được:
1. Sản phẩm giống mô tả và hình ảnh thật 100% của store.
2. Đảm bảo chất lượng vải và chất lượng hình in.
3. Hỗ trợ đổi size cho phù hợp.

🏠Mua ngay tại: 211 Linh Đông, Linh Đông, Thủ Đức, tp.HCM
📲 Hotline: 0963776461
 ➖➖➖➖➖➖➖➖➖➖➖
 Hướng dẫn sử dụng sản phẩm TUNI
- Giặt ở nhiệt độ bình thường, với đồ có màu tương tự.
- Không được dùng hóa chất tẩy.
- Hạn chế sử dụng máy sấy và ủi (nếu có) thì ở nhiệt độ thích hợp.

  CHÍNH SÁCH ĐỔI TRẢ CỦA TUNI
1. Điều kiện áp dụng (trong vòng 07 ngày kể từ khi nhận sản phẩm) 
- Hàng hoá vẫn còn mới, chưa qua sử dụng 
- Hàng hoá bị lỗi hoặc hư hỏng do vận chuyển hoặc do nhà sản xuất 
2. Trường hợp được chấp nhận: 
- Hàng không đúng size, kiểu dáng như quý khách đặt hàng 
- Không đủ số lượng, không đủ bộ như trong đơn hàng 
3. Trường hợp không đủ điều kiện áp dụng chính sách: 
- Quá 07 ngày kể từ khi Quý khách nhận hàng .
- Gửi lại hàng không đúng mẫu mã, không phải sản phẩm của TUNI
- Không thích, không hợp, đặt nhầm mã, nhầm màu,... 

Do màn hình và điều kiện ánh sáng khác nhau, màu sắc thực tế của sản phẩm có thể chênh lệch khoảng 3-5%.
✔️✔️✔️ Đội ngũ TUNI STORE luôn muốn mang tới cho các shop các sản phẩm chất lượng nhất, đáng tiền nhất');
            
            INSERT INTO product_images (product_id, name, path) 
            VALUES (8928884644, 'SP_8928884644_1.jpg', 'images/products/7/SP_8928884644_1.jpg');
            
            INSERT INTO product_images (product_id, name, path) 
            VALUES (8928884644, 'SP_8928884644_2.jpg', 'images/products/7/SP_8928884644_2.jpg');
            
            INSERT INTO product_images (product_id, name, path) 
            VALUES (8928884644, 'SP_8928884644_3.jpg', 'images/products/7/SP_8928884644_3.jpg');
            
            INSERT INTO product_images (product_id, name, path) 
            VALUES (8928884644, 'SP_8928884644_4.jpg', 'images/products/7/SP_8928884644_4.jpg');
            
            INSERT INTO product_images (product_id, name, path) 
            VALUES (8928884644, 'SP_8928884644_5.jpg', 'images/products/7/SP_8928884644_5.jpg');
            
            INSERT INTO product_images (product_id, name, path) 
            VALUES (8928884644, 'SP_8928884644_6.jpg', 'images/products/7/SP_8928884644_6.jpg');
            
            INSERT INTO product_images (product_id, name, path) 
            VALUES (8928884644, 'SP_8928884644_7.jpg', 'images/products/7/SP_8928884644_7.jpg');
            
            INSERT INTO product_images (product_id, name, path) 
            VALUES (8928884644, 'SP_8928884644_8.jpg', 'images/products/7/SP_8928884644_8.jpg');
            
            INSERT INTO product_images (product_id, name, path) 
            VALUES (8928884644, 'SP_8928884644_9.jpg', 'images/products/7/SP_8928884644_9.jpg');
            
            INSERT INTO product_details (id, product_id, size, color, unique_search_id, quantity)
            VALUES (64282875035, 8928884644, 'XXL', 'Đen', 'delnxx', 11);
            
            INSERT INTO product_details (id, product_id, size, color, unique_search_id, quantity)
            VALUES (64282875036, 8928884644, 'S', 'Trắng', 'agnrst', 6);
            
            INSERT INTO product_details (id, product_id, size, color, unique_search_id, quantity)
            VALUES (64282875037, 8928884644, 'M', 'Tan', 'amnt', 6);
            
            INSERT INTO product_details (id, product_id, size, color, unique_search_id, quantity)
            VALUES (64282875038, 8928884644, 'S', 'Đen', 'dens', 5);
            
            INSERT INTO product_details (id, product_id, size, color, unique_search_id, quantity)
            VALUES (64282875039, 8928884644, 'L', 'Đen', 'deln', 9);
            
            INSERT INTO product_details (id, product_id, size, color, unique_search_id, quantity)
            VALUES (64282875040, 8928884644, 'L', 'Trắng', 'aglnrt', 19);
            
            INSERT INTO product_details (id, product_id, size, color, unique_search_id, quantity)
            VALUES (64282875041, 8928884644, 'XL', 'Tan', 'alntx', 15);
            
            INSERT INTO product_details (id, product_id, size, color, unique_search_id, quantity)
            VALUES (64282875042, 8928884644, 'XL', 'Đen', 'delnx', 9);
            
            INSERT INTO product_details (id, product_id, size, color, unique_search_id, quantity)
            VALUES (64282875043, 8928884644, 'XXL', 'Trắng', 'aglnrtxx', 7);
            
            INSERT INTO product_details (id, product_id, size, color, unique_search_id, quantity)
            VALUES (64282875044, 8928884644, 'L', 'Tan', 'alnt', 5);
            
            INSERT INTO product_details (id, product_id, size, color, unique_search_id, quantity)
            VALUES (64282875045, 8928884644, 'XXL', 'Tan', 'alntxx', 18);
            
            INSERT INTO product_details (id, product_id, size, color, unique_search_id, quantity)
            VALUES (64282875046, 8928884644, 'M', 'Đen', 'demn', 5);
            
            INSERT INTO product_details (id, product_id, size, color, unique_search_id, quantity)
            VALUES (64282875047, 8928884644, 'M', 'Trắng', 'agmnrt', 7);
            
            INSERT INTO product_details (id, product_id, size, color, unique_search_id, quantity)
            VALUES (64282875048, 8928884644, 'XL', 'Trắng', 'aglnrtx', 19);
            
            INSERT INTO product_details (id, product_id, size, color, unique_search_id, quantity)
            VALUES (64282875049, 8928884644, 'S', 'Tan', 'anst', 10);
            
            INSERT INTO product_details (id, product_id, size, color, unique_search_id, quantity)
            VALUES (81341212924, 8928884644, 'S', 'Nâu', 'ansu', 9);
            
            INSERT INTO product_details (id, product_id, size, color, unique_search_id, quantity)
            VALUES (81341212925, 8928884644, 'M', 'Nâu', 'amnu', 18);
            
            INSERT INTO product_details (id, product_id, size, color, unique_search_id, quantity)
            VALUES (81341212926, 8928884644, 'L', 'Nâu', 'alnu', 19);
            
            INSERT INTO product_details (id, product_id, size, color, unique_search_id, quantity)
            VALUES (81341212927, 8928884644, 'XXL', 'Nâu', 'alnuxx', 9);
            
            INSERT INTO product_details (id, product_id, size, color, unique_search_id, quantity)
            VALUES (81341212928, 8928884644, 'XL', 'Nâu', 'alnux', 20);
            
            INSERT INTO products (id, sku, name, slug, category_id, unit_price, sale_price, preview_image_name, preview_image_path, views, description)
            VALUES (4631786110, 'SP07002', 'QUẦN KAKI SUÔNG ỐNG RỘNG', 'quan-kaki-suong-ong-rong', 7, 140000, 150000, 'SP_4631786110_0.jpg', 'images/products/7/SP_4631786110_0.jpg', 9961, 'Quần kaki suông ống rộng phù hợp với mọi lứa tuổi
Chất liệu kaki dày dặn
Quần có 3 màu: Đen, Be và Trắng
Đủ 4 size:
- Size S từ 40-45kg
- Size M từ 46-50kg
- Size L từ 51-55kg
- Size Xl từ 56-60kg
--------------------
#quankaki #quandaikaki #quankakinu #quankakiongrong #quankakituihop 
#quankakibaggy #quankakisuong #quankakisuongongrong #quan #shopee');
            
            INSERT INTO product_images (product_id, name, path) 
            VALUES (4631786110, 'SP_4631786110_1.jpg', 'images/products/7/SP_4631786110_1.jpg');
            
            INSERT INTO product_images (product_id, name, path) 
            VALUES (4631786110, 'SP_4631786110_2.jpg', 'images/products/7/SP_4631786110_2.jpg');
            
            INSERT INTO product_images (product_id, name, path) 
            VALUES (4631786110, 'SP_4631786110_3.jpg', 'images/products/7/SP_4631786110_3.jpg');
            
            INSERT INTO product_images (product_id, name, path) 
            VALUES (4631786110, 'SP_4631786110_4.jpg', 'images/products/7/SP_4631786110_4.jpg');
            
            INSERT INTO product_images (product_id, name, path) 
            VALUES (4631786110, 'SP_4631786110_5.jpg', 'images/products/7/SP_4631786110_5.jpg');
            
            INSERT INTO product_images (product_id, name, path) 
            VALUES (4631786110, 'SP_4631786110_6.jpg', 'images/products/7/SP_4631786110_6.jpg');
            
            INSERT INTO product_images (product_id, name, path) 
            VALUES (4631786110, 'SP_4631786110_7.jpg', 'images/products/7/SP_4631786110_7.jpg');
            
            INSERT INTO product_images (product_id, name, path) 
            VALUES (4631786110, 'SP_4631786110_8.jpg', 'images/products/7/SP_4631786110_8.jpg');
            
            INSERT INTO product_details (id, product_id, size, color, unique_search_id, quantity)
            VALUES (16874006926, 4631786110, 'S', 'Đen', 'dens', 130);
            
            INSERT INTO product_details (id, product_id, size, color, unique_search_id, quantity)
            VALUES (16874006927, 4631786110, 'M', 'Đen', 'demn', 99);
            
            INSERT INTO product_details (id, product_id, size, color, unique_search_id, quantity)
            VALUES (16874006928, 4631786110, 'L', 'Đen', 'deln', 99);
            
            INSERT INTO product_details (id, product_id, size, color, unique_search_id, quantity)
            VALUES (16874006929, 4631786110, 'XL', 'Đen', 'delnx', 98);
            
            INSERT INTO product_details (id, product_id, size, color, unique_search_id, quantity)
            VALUES (16874006930, 4631786110, 'S', 'Be', 'bes', 0);
            
            INSERT INTO product_details (id, product_id, size, color, unique_search_id, quantity)
            VALUES (16874006931, 4631786110, 'M', 'Be', 'bem', 0);
            
            INSERT INTO product_details (id, product_id, size, color, unique_search_id, quantity)
            VALUES (16874006932, 4631786110, 'L', 'Be', 'bel', 82);
            
            INSERT INTO product_details (id, product_id, size, color, unique_search_id, quantity)
            VALUES (16874006933, 4631786110, 'XL', 'Be', 'belx', 83);
            
            INSERT INTO product_details (id, product_id, size, color, unique_search_id, quantity)
            VALUES (16874006934, 4631786110, 'S', 'Đen viền nổi', '  deeiinnnosv', 0);
            
            INSERT INTO product_details (id, product_id, size, color, unique_search_id, quantity)
            VALUES (16874006935, 4631786110, 'M', 'Đen viền nổi', '  deeiimnnnov', 0);
            
            INSERT INTO product_details (id, product_id, size, color, unique_search_id, quantity)
            VALUES (16874006936, 4631786110, 'L', 'Đen viền nổi', '  deeiilnnnov', 0);
            
            INSERT INTO product_details (id, product_id, size, color, unique_search_id, quantity)
            VALUES (16874006937, 4631786110, 'XL', 'Đen viền nổi', '  deeiilnnnovx', 0);
            
            INSERT INTO product_details (id, product_id, size, color, unique_search_id, quantity)
            VALUES (16874006938, 4631786110, 'S', 'Trắng', 'agnrst', 94);
            
            INSERT INTO product_details (id, product_id, size, color, unique_search_id, quantity)
            VALUES (16874006939, 4631786110, 'M', 'Trắng', 'agmnrt', 89);
            
            INSERT INTO product_details (id, product_id, size, color, unique_search_id, quantity)
            VALUES (16874006940, 4631786110, 'L', 'Trắng', 'aglnrt', 86);
            
            INSERT INTO product_details (id, product_id, size, color, unique_search_id, quantity)
            VALUES (16874006941, 4631786110, 'XL', 'Trắng', 'aglnrtx', 97);
            
            INSERT INTO products (id, sku, name, slug, category_id, unit_price, sale_price, preview_image_name, preview_image_path, views, description)
            VALUES (2566767210, 'SP07003', '[order] Quần kaki co giãn 4 chiều', 'order-quan-kaki-co-gian-4-chieu', 7, 200000, 220000, 'SP_2566767210_0.jpg', 'images/products/7/SP_2566767210_0.jpg', 92, '[order] Quần kaki co giãn 4 chiều
Chỉ vì mama nhà tôi lỡ giặt hỏng quần trắng của tui nên giờ mới phải mua lại :(((
#200k/em
Size S-2XL
Bảng 9 màu như hình');
            
            INSERT INTO product_images (product_id, name, path) 
            VALUES (2566767210, 'SP_2566767210_1.jpg', 'images/products/7/SP_2566767210_1.jpg');
            
            INSERT INTO product_images (product_id, name, path) 
            VALUES (2566767210, 'SP_2566767210_2.jpg', 'images/products/7/SP_2566767210_2.jpg');
            
            INSERT INTO product_images (product_id, name, path) 
            VALUES (2566767210, 'SP_2566767210_3.jpg', 'images/products/7/SP_2566767210_3.jpg');
            
            INSERT INTO product_images (product_id, name, path) 
            VALUES (2566767210, 'SP_2566767210_4.jpg', 'images/products/7/SP_2566767210_4.jpg');
            
            INSERT INTO product_images (product_id, name, path) 
            VALUES (2566767210, 'SP_2566767210_5.jpg', 'images/products/7/SP_2566767210_5.jpg');
            
            INSERT INTO product_details (id, product_id, size, color, unique_search_id, quantity)
            VALUES (5703610469, 2566767210, 'S', 'Trắng', 'agnrst', 8);
            
            INSERT INTO product_details (id, product_id, size, color, unique_search_id, quantity)
            VALUES (5703610470, 2566767210, 'M', 'Trắng', 'agmnrt', 9);
            
            INSERT INTO product_details (id, product_id, size, color, unique_search_id, quantity)
            VALUES (5703610471, 2566767210, 'L', 'Trắng', 'aglnrt', 10);
            
            INSERT INTO product_details (id, product_id, size, color, unique_search_id, quantity)
            VALUES (5703610472, 2566767210, 'XL', 'Trắng', 'aglnrtx', 3);
            
            INSERT INTO product_details (id, product_id, size, color, unique_search_id, quantity)
            VALUES (5703610473, 2566767210, '2XL', 'Trắng', '2aglnrtx', 9);
            
            INSERT INTO product_details (id, product_id, size, color, unique_search_id, quantity)
            VALUES (5703610474, 2566767210, 'S', 'Đen', 'dens', 7);
            
            INSERT INTO product_details (id, product_id, size, color, unique_search_id, quantity)
            VALUES (5703610475, 2566767210, 'M', 'Đen', 'demn', 6);
            
            INSERT INTO product_details (id, product_id, size, color, unique_search_id, quantity)
            VALUES (5703610476, 2566767210, 'L', 'Đen', 'deln', 5);
            
            INSERT INTO product_details (id, product_id, size, color, unique_search_id, quantity)
            VALUES (5703610477, 2566767210, 'XL', 'Đen', 'delnx', 10);
            
            INSERT INTO product_details (id, product_id, size, color, unique_search_id, quantity)
            VALUES (5703610478, 2566767210, '2XL', 'Đen', '2delnx', 4);
            
            INSERT INTO product_details (id, product_id, size, color, unique_search_id, quantity)
            VALUES (5703610479, 2566767210, 'S', 'Xám sáng', ' aagmnssx', 9);
            
            INSERT INTO product_details (id, product_id, size, color, unique_search_id, quantity)
            VALUES (5703610480, 2566767210, 'M', 'Xám sáng', ' aagmmnsx', 10);
            
            INSERT INTO product_details (id, product_id, size, color, unique_search_id, quantity)
            VALUES (5703610481, 2566767210, 'L', 'Xám sáng', ' aaglmnsx', 8);
            
            INSERT INTO product_details (id, product_id, size, color, unique_search_id, quantity)
            VALUES (5703610482, 2566767210, 'XL', 'Xám sáng', ' aaglmnsxx', 9);
            
            INSERT INTO product_details (id, product_id, size, color, unique_search_id, quantity)
            VALUES (5703610483, 2566767210, '2XL', 'Xám sáng', ' 2aaglmnsxx', 9);
            
            INSERT INTO product_details (id, product_id, size, color, unique_search_id, quantity)
            VALUES (5703610484, 2566767210, 'S', 'Xám đậm', ' aadmmsx', 10);
            
            INSERT INTO product_details (id, product_id, size, color, unique_search_id, quantity)
            VALUES (5703610485, 2566767210, 'M', 'Xám đậm', ' aadmmmx', 8);
            
            INSERT INTO product_details (id, product_id, size, color, unique_search_id, quantity)
            VALUES (5703610486, 2566767210, 'L', 'Xám đậm', ' aadlmmx', 9);
            
            INSERT INTO product_details (id, product_id, size, color, unique_search_id, quantity)
            VALUES (5703610487, 2566767210, 'XL', 'Xám đậm', ' aadlmmxx', 10);
            
            INSERT INTO product_details (id, product_id, size, color, unique_search_id, quantity)
            VALUES (5703610488, 2566767210, '2XL', 'Xám đậm', ' 2aadlmmxx', 8);
            
            INSERT INTO product_details (id, product_id, size, color, unique_search_id, quantity)
            VALUES (5703610489, 2566767210, 'S', 'Hồng', 'ghnos', 10);
            
            INSERT INTO product_details (id, product_id, size, color, unique_search_id, quantity)
            VALUES (5703610491, 2566767210, 'M', 'Hồng', 'ghmno', 5);
            
            INSERT INTO product_details (id, product_id, size, color, unique_search_id, quantity)
            VALUES (5703610494, 2566767210, 'L', 'Hồng', 'ghlno', 8);
            
            INSERT INTO product_details (id, product_id, size, color, unique_search_id, quantity)
            VALUES (5703610496, 2566767210, 'XL', 'Hồng', 'ghlnox', 10);
            
            INSERT INTO product_details (id, product_id, size, color, unique_search_id, quantity)
            VALUES (5703610498, 2566767210, '2XL', 'Hồng', '2ghlnox', 9);
            
            INSERT INTO product_details (id, product_id, size, color, unique_search_id, quantity)
            VALUES (5703610500, 2566767210, 'S', 'Xanh than sáng', '  aaaghhnnnsstx', 10);
            
            INSERT INTO product_details (id, product_id, size, color, unique_search_id, quantity)
            VALUES (5703610502, 2566767210, 'M', 'Xanh than sáng', '  aaaghhmnnnstx', 9);
            
            INSERT INTO product_details (id, product_id, size, color, unique_search_id, quantity)
            VALUES (5703610504, 2566767210, 'L', 'Xanh than sáng', '  aaaghhlnnnstx', 9);
            
            INSERT INTO product_details (id, product_id, size, color, unique_search_id, quantity)
            VALUES (5703610506, 2566767210, 'XL', 'Xanh than sáng', '  aaaghhlnnnstxx', 9);
            
            INSERT INTO product_details (id, product_id, size, color, unique_search_id, quantity)
            VALUES (5703610508, 2566767210, '2XL', 'Xanh than sáng', '  2aaaghhlnnnstxx', 10);
            
            INSERT INTO product_details (id, product_id, size, color, unique_search_id, quantity)
            VALUES (5703610509, 2566767210, 'S', 'Be', 'bes', 7);
            
            INSERT INTO product_details (id, product_id, size, color, unique_search_id, quantity)
            VALUES (5703610510, 2566767210, 'M', 'Be', 'bem', 5);
            
            INSERT INTO product_details (id, product_id, size, color, unique_search_id, quantity)
            VALUES (5703610512, 2566767210, 'L', 'Be', 'bel', 8);
            
            INSERT INTO product_details (id, product_id, size, color, unique_search_id, quantity)
            VALUES (5703610514, 2566767210, 'XL', 'Be', 'belx', 9);
            
            INSERT INTO product_details (id, product_id, size, color, unique_search_id, quantity)
            VALUES (5703610516, 2566767210, '2XL', 'Be', '2belx', 7);
            
            INSERT INTO product_details (id, product_id, size, color, unique_search_id, quantity)
            VALUES (5703610518, 2566767210, 'S', 'Rêu', 'ersu', 10);
            
            INSERT INTO product_details (id, product_id, size, color, unique_search_id, quantity)
            VALUES (5703610520, 2566767210, 'M', 'Rêu', 'emru', 9);
            
            INSERT INTO product_details (id, product_id, size, color, unique_search_id, quantity)
            VALUES (5703610521, 2566767210, 'L', 'Rêu', 'elru', 10);
            
            INSERT INTO product_details (id, product_id, size, color, unique_search_id, quantity)
            VALUES (5703610522, 2566767210, 'XL', 'Rêu', 'elrux', 9);
            
            INSERT INTO product_details (id, product_id, size, color, unique_search_id, quantity)
            VALUES (5703610523, 2566767210, '2XL', 'Rêu', '2elrux', 7);
            
            INSERT INTO product_details (id, product_id, size, color, unique_search_id, quantity)
            VALUES (5703610524, 2566767210, 'S', 'Xanh xám', ' aahmnsxx', 10);
            
            INSERT INTO product_details (id, product_id, size, color, unique_search_id, quantity)
            VALUES (5703610525, 2566767210, 'M', 'Xanh xám', ' aahmmnxx', 8);
            
            INSERT INTO product_details (id, product_id, size, color, unique_search_id, quantity)
            VALUES (5703610526, 2566767210, 'L', 'Xanh xám', ' aahlmnxx', 10);
            
            INSERT INTO product_details (id, product_id, size, color, unique_search_id, quantity)
            VALUES (5703610527, 2566767210, 'XL', 'Xanh xám', ' aahlmnxxx', 9);
            
            INSERT INTO product_details (id, product_id, size, color, unique_search_id, quantity)
            VALUES (5703610528, 2566767210, '2XL', 'Xanh xám', ' 2aahlmnxxx', 8);
            
            INSERT INTO products (id, sku, name, slug, category_id, unit_price, sale_price, preview_image_name, preview_image_path, views, description)
            VALUES (2763249949, 'SP07004', '[FREESHIP] QUẦN KAKI BASIC PANTS UNISEX CAO CẤP', 'freeship-quan-kaki-basic-pants-unisex-cao-cap', 7, 138000, 195000, 'SP_2763249949_0.jpg', 'images/products/7/SP_2763249949_0.jpg', 434, '🌞 Bảng Size tham khảo (phù hợp với 80-90% người Việt. Các cậu có số đo đặc biệt xem thêm bảng số đo chi tiết kế bên hình bìa nhé <3
- Size S: dưới 40kg, Cao dưới 1m60
- Size M: dưới 45kg, Cao dưới 1m60
- Size L: dưới 50kg , Cao 1m61 - 1m70
- Size XL: dưới 55kg, Cao 1m61 - 1m70
- Size XXL: dưới 65kg, Cao 1m61 - 1m70
- Size XXXL: dưới 70kg, Cao 1m61 - 1m70
Hướng dẫn sử dụng mã Freeship: https://www.youtube.com/watch?v=NC5qq-3W5F0
Thông Tin Sản Phẩm:
- Xuất xứ: Việt Nam
- Chất liệu: Vải Kaki
- Size: S - M - L - XL -XXL - XXXL
- Bảo hành: Tất cả các lỗi do NSX.

Ưu Điểm:
- Giá tốt nhất thị trường vì shop sx số lượng cực lớn
- Rất dễ phối đồ. Xuân Hạ Thu Đông đều mặc đẹp.
- Hỗ trợ đổi size đổi mẫu sau khi nhận hàng
- Đổi trả tất cả các lỗi của nhà sản xuất
Thanh toán khi nhận hàng!

- Hướng dẫn đặt mua nhiều màu, mẫu, kích thước trong 1 đơn hàng: Bạn phải chọn màu, mẫu hoặc kích thước bạn muốn rồi cho vào giỏ hàng. Sau khi chọn đủ thì vào giỏ hàng để tiến hành mua hàng. Có thể điều chỉnh số lượng mua trong giỏ hàng nếu muốn.
- Đối với những sản phẩm có nhiều mẫu, màu sắc, nhiều kích thước. Quý khách vui lòng đặt mua đúng mẫu, màu, kích thước của sản phẩm trên hệ thống để tránh nhầm lẫn. 
- Nếu quý khách muốn biết rõ hơn về sản phẩm xin vui lòng chat với shop để được tư vấn trước khi đặt hàng.
-------------------------------------------------
DINGO CLOTHING
Chuyên cung cấp thời trang theo xu hướng
📞 Hotline: 0367.116.228
🌏 Facebook: Fb.com/NhatLinh.Clothing
🏠 Địa Chỉ: Số 68 Yên Nghĩa, Yên Nghĩa, Hà Đông, Hà Nội
#quầnáo #shopquầnáo #thờitrangnữ #cửahàngquầnáo #muaquầnáo #quầnáonữ #quầnáothờitrangnữ #quầnbaggynữ #shopquầnáonữ #shopthờitrangnữ #thờitrangđẹp #thờitrangfiona #thoitranghanquoc #thoitrangnu #thờitrangnữcaocấp #muaáothunnữ #muaquần #muaquanaonu');
            
            INSERT INTO product_images (product_id, name, path) 
            VALUES (2763249949, 'SP_2763249949_1.jpg', 'images/products/7/SP_2763249949_1.jpg');
            
            INSERT INTO product_images (product_id, name, path) 
            VALUES (2763249949, 'SP_2763249949_2.jpg', 'images/products/7/SP_2763249949_2.jpg');
            
            INSERT INTO product_images (product_id, name, path) 
            VALUES (2763249949, 'SP_2763249949_3.jpg', 'images/products/7/SP_2763249949_3.jpg');
            
            INSERT INTO product_images (product_id, name, path) 
            VALUES (2763249949, 'SP_2763249949_4.jpg', 'images/products/7/SP_2763249949_4.jpg');
            
            INSERT INTO product_images (product_id, name, path) 
            VALUES (2763249949, 'SP_2763249949_5.jpg', 'images/products/7/SP_2763249949_5.jpg');
            
            INSERT INTO product_images (product_id, name, path) 
            VALUES (2763249949, 'SP_2763249949_6.jpg', 'images/products/7/SP_2763249949_6.jpg');
            
            INSERT INTO product_images (product_id, name, path) 
            VALUES (2763249949, 'SP_2763249949_7.jpg', 'images/products/7/SP_2763249949_7.jpg');
            
            INSERT INTO product_images (product_id, name, path) 
            VALUES (2763249949, 'SP_2763249949_8.jpg', 'images/products/7/SP_2763249949_8.jpg');
            
            INSERT INTO product_images (product_id, name, path) 
            VALUES (2763249949, 'SP_2763249949_9.jpg', 'images/products/7/SP_2763249949_9.jpg');
            
            INSERT INTO product_details (id, product_id, size, color, unique_search_id, quantity)
            VALUES (6735109022, 2763249949, 'S', 'Đen', 'dens', 9968);
            
            INSERT INTO product_details (id, product_id, size, color, unique_search_id, quantity)
            VALUES (6735109023, 2763249949, 'M', 'Đen', 'demn', 9946);
            
            INSERT INTO product_details (id, product_id, size, color, unique_search_id, quantity)
            VALUES (6735109024, 2763249949, 'L', 'Đen', 'deln', 9944);
            
            INSERT INTO product_details (id, product_id, size, color, unique_search_id, quantity)
            VALUES (6735109025, 2763249949, 'XL', 'Đen', 'delnx', 9941);
            
            INSERT INTO product_details (id, product_id, size, color, unique_search_id, quantity)
            VALUES (6735109026, 2763249949, 'XXL', 'Đen', 'delnxx', 9997);
            
            INSERT INTO product_details (id, product_id, size, color, unique_search_id, quantity)
            VALUES (6735109027, 2763249949, 'S', 'Be', 'bes', 9960);
            
            INSERT INTO product_details (id, product_id, size, color, unique_search_id, quantity)
            VALUES (6735109028, 2763249949, 'M', 'Be', 'bem', 9933);
            
            INSERT INTO product_details (id, product_id, size, color, unique_search_id, quantity)
            VALUES (6735109029, 2763249949, 'L', 'Be', 'bel', 9918);
            
            INSERT INTO product_details (id, product_id, size, color, unique_search_id, quantity)
            VALUES (6735109030, 2763249949, 'XL', 'Be', 'belx', 9940);
            
            INSERT INTO product_details (id, product_id, size, color, unique_search_id, quantity)
            VALUES (6735109031, 2763249949, 'XXL', 'Be', 'belxx', 9930);
            
            INSERT INTO product_details (id, product_id, size, color, unique_search_id, quantity)
            VALUES (11055670084, 2763249949, 'XXXL', 'Đen', 'delnxxx', 9997);
            
            INSERT INTO product_details (id, product_id, size, color, unique_search_id, quantity)
            VALUES (11055670087, 2763249949, 'XXXL', 'Be', 'belxxx', 9988);
            
            INSERT INTO products (id, sku, name, slug, category_id, unit_price, sale_price, preview_image_name, preview_image_path, views, description)
            VALUES (4323858778, 'SP07005', 'quần sooc ống rộng khoá chun lưng chất kaki', 'quan-sooc-ong-rong-khoa-chun-lung-chat-kaki', 7, 59000, 79000, 'SP_4323858778_0.jpg', 'images/products/7/SP_4323858778_0.jpg', 45354, 'quần short kaki ống rộng chun lưng 

Quần short kaki thiết kế thân trước cúc khoá , thân sau chun lưng bản 4cm

Thông số quần 
Dài 36cm
Chất liệu kaki thô

Thông số sp như sau:

Sz m l xl
S<45kg
M < 50kg/66/92
L < 57kg/ 72/98
Xl < 65kg/78/104
2XL<70kg

cảm ơn các b đã mua sắm tại shop bầu xinh!!

chúc các b luôn vui vẻ và hạnh phúc!!!');
            
            INSERT INTO product_images (product_id, name, path) 
            VALUES (4323858778, 'SP_4323858778_1.jpg', 'images/products/7/SP_4323858778_1.jpg');
            
            INSERT INTO product_images (product_id, name, path) 
            VALUES (4323858778, 'SP_4323858778_2.jpg', 'images/products/7/SP_4323858778_2.jpg');
            
            INSERT INTO product_images (product_id, name, path) 
            VALUES (4323858778, 'SP_4323858778_3.jpg', 'images/products/7/SP_4323858778_3.jpg');
            
            INSERT INTO product_images (product_id, name, path) 
            VALUES (4323858778, 'SP_4323858778_4.jpg', 'images/products/7/SP_4323858778_4.jpg');
            
            INSERT INTO product_images (product_id, name, path) 
            VALUES (4323858778, 'SP_4323858778_5.jpg', 'images/products/7/SP_4323858778_5.jpg');
            
            INSERT INTO product_images (product_id, name, path) 
            VALUES (4323858778, 'SP_4323858778_6.jpg', 'images/products/7/SP_4323858778_6.jpg');
            
            INSERT INTO product_images (product_id, name, path) 
            VALUES (4323858778, 'SP_4323858778_7.jpg', 'images/products/7/SP_4323858778_7.jpg');
            
            INSERT INTO product_details (id, product_id, size, color, unique_search_id, quantity)
            VALUES (15547700614, 4323858778, 'M<50kg', 'đen', '05<degkmn', 659);
            
            INSERT INTO product_details (id, product_id, size, color, unique_search_id, quantity)
            VALUES (15547700616, 4323858778, 'L<57kg', 'đen', '57<degkln', 625);
            
            INSERT INTO product_details (id, product_id, size, color, unique_search_id, quantity)
            VALUES (15547700617, 4323858778, 'XL<65kg', 'đen', '56<degklnx', 655);
            
            INSERT INTO product_details (id, product_id, size, color, unique_search_id, quantity)
            VALUES (15547700618, 4323858778, 'M<50kg', 'be', '05<begkm', 693);
            
            INSERT INTO product_details (id, product_id, size, color, unique_search_id, quantity)
            VALUES (15547700619, 4323858778, 'L<57kg', 'be', '57<begkl', 696);
            
            INSERT INTO product_details (id, product_id, size, color, unique_search_id, quantity)
            VALUES (15547700620, 4323858778, 'XL<65kg', 'be', '56<begklx', 770);
            
            INSERT INTO product_details (id, product_id, size, color, unique_search_id, quantity)
            VALUES (17245508694, 4323858778, 'M<50kg', 'trắng', '05<aggkmnrt', 766);
            
            INSERT INTO product_details (id, product_id, size, color, unique_search_id, quantity)
            VALUES (17245508695, 4323858778, 'L<57kg', 'trắng', '57<aggklnrt', 799);
            
            INSERT INTO product_details (id, product_id, size, color, unique_search_id, quantity)
            VALUES (17245508696, 4323858778, 'XL<65kg', 'trắng', '56<aggklnrtx', 843);
            
            INSERT INTO product_details (id, product_id, size, color, unique_search_id, quantity)
            VALUES (50170687060, 4323858778, 'S<45kg', 'be', '45<begks', 871);
            
            INSERT INTO product_details (id, product_id, size, color, unique_search_id, quantity)
            VALUES (50170687061, 4323858778, 'S<45kg', 'đen', '45<degkns', 866);
            
            INSERT INTO product_details (id, product_id, size, color, unique_search_id, quantity)
            VALUES (50170687062, 4323858778, '2XL<70kg', 'trắng', '027<aggklnrtx', 829);
            
            INSERT INTO product_details (id, product_id, size, color, unique_search_id, quantity)
            VALUES (50170687064, 4323858778, '2XL<70kg', 'đen', '027<degklnx', 616);
            
            INSERT INTO product_details (id, product_id, size, color, unique_search_id, quantity)
            VALUES (50170687065, 4323858778, 'S<45kg', 'trắng', '45<aggknrst', 895);
            
            INSERT INTO product_details (id, product_id, size, color, unique_search_id, quantity)
            VALUES (50170687066, 4323858778, '2XL<70kg', 'be', '027<begklx', 758);
            
            INSERT INTO products (id, sku, name, slug, category_id, unit_price, sale_price, preview_image_name, preview_image_path, views, description)
            VALUES (3131271499, 'SP07006', '[Mã WASKT304 giảm 15% tối đa 30K đơn 99K] QUẦN YẾM KAKI PIC DÁNG SUÔNG ULZZANG UNISEX', 'ma-waskt304-giam-15percent-toi-da-30k-don-99k-quan-yem-kaki-pic-dang-suong-ulzzang-unisex', 7, 169000, 338000, 'SP_3131271499_0.jpg', 'images/products/7/SP_3131271499_0.jpg', 25766, '🌻 Quần yếm PIC - chất vải kaki dày dặn cực xinh, form rộng thoải mái đủ 3 size nhé mng ơi. 
✔ Phù hợp cho cả nam và nữ ạ 🤗
🔸️ Chất liệu Kaki mềm thoáng mát, co dãn nhẹ đem lại cảm giác thoải mái nhất khi mặc thường xuyên.
➖➖➖➖➖➖➖➖➖➖➖
✔️Bảng size :
👉 Size M : Dưới 1m60 - 50kg
👉 Size L. : Dưới 1m65 - 60kg
👉 Size XL: Dưới 1m70 - 65kg
Số đo chi tiết (mang tính tương đối)
M dài 97cm, ống rộng 20cm, hông rộng 96cm, vòng đùi 61cm, vòng mông 102cm
L dài 99cm, ống rộng 20.5cm, hông rộng 98cm, vòng đùi 62cm, vòng mông 104cm
XL dài 101cm, ống rộng 21cm, hông rộng 100cm, vòng đùi 63cm, vòng mông 106cm
-----------------------
🏡 Địa chỉ: 59/47 Vườn Điều, đường số 10, phường Tân Quy, quận 7 TPHCM
▪️ Hotline/Zalo sỉ: 0911442968
🔸️ Page Facebook : Wopi Store
🔸️ Website: shopee.vn/uyenuyenphi
🔸️ Instagram: wopi.store
-----------------------
🖤 WOPI STORE - Chuyên Sỉ/Lẻ Thời Trang Unisex
✔ Cam kết sản phẩm chất lượng y hình 100%.
✔ Luôn có giá tốt nhất, đáng tiền.
✔ Tư vấn tận tâm, chi tiết nhất với khách hàng.
✔ Hỗ trợ đổi/trả miễn phí nếu khách hàng không hài lòng với sản phẩm & dịch vụ tại shop.');
            
            INSERT INTO product_images (product_id, name, path) 
            VALUES (3131271499, 'SP_3131271499_1.jpg', 'images/products/7/SP_3131271499_1.jpg');
            
            INSERT INTO product_images (product_id, name, path) 
            VALUES (3131271499, 'SP_3131271499_2.jpg', 'images/products/7/SP_3131271499_2.jpg');
            
            INSERT INTO product_images (product_id, name, path) 
            VALUES (3131271499, 'SP_3131271499_3.jpg', 'images/products/7/SP_3131271499_3.jpg');
            
            INSERT INTO product_images (product_id, name, path) 
            VALUES (3131271499, 'SP_3131271499_4.jpg', 'images/products/7/SP_3131271499_4.jpg');
            
            INSERT INTO product_images (product_id, name, path) 
            VALUES (3131271499, 'SP_3131271499_5.jpg', 'images/products/7/SP_3131271499_5.jpg');
            
            INSERT INTO product_images (product_id, name, path) 
            VALUES (3131271499, 'SP_3131271499_6.jpg', 'images/products/7/SP_3131271499_6.jpg');
            
            INSERT INTO product_images (product_id, name, path) 
            VALUES (3131271499, 'SP_3131271499_7.jpg', 'images/products/7/SP_3131271499_7.jpg');
            
            INSERT INTO product_images (product_id, name, path) 
            VALUES (3131271499, 'SP_3131271499_8.jpg', 'images/products/7/SP_3131271499_8.jpg');
            
            INSERT INTO product_images (product_id, name, path) 
            VALUES (3131271499, 'SP_3131271499_9.jpg', 'images/products/7/SP_3131271499_9.jpg');
            
            INSERT INTO product_details (id, product_id, size, color, unique_search_id, quantity)
            VALUES (15154491840, 3131271499, 'Size M', 'Yếm Đen', '  deeeimmnsyz', 98);
            
            INSERT INTO product_details (id, product_id, size, color, unique_search_id, quantity)
            VALUES (15154491841, 3131271499, 'Size L', 'Yếm Đen', '  deeeilmnsyz', 58);
            
            INSERT INTO product_details (id, product_id, size, color, unique_search_id, quantity)
            VALUES (15154491842, 3131271499, 'Size XL', 'Yếm Đen', '  deeeilmnsxyz', 41);
            
            INSERT INTO product_details (id, product_id, size, color, unique_search_id, quantity)
            VALUES (15154491843, 3131271499, 'Size M', 'Yếm Trắng', '  aeegimmnrstyz', 26);
            
            INSERT INTO product_details (id, product_id, size, color, unique_search_id, quantity)
            VALUES (15154491844, 3131271499, 'Size L', 'Yếm Trắng', '  aeegilmnrstyz', 0);
            
            INSERT INTO product_details (id, product_id, size, color, unique_search_id, quantity)
            VALUES (15154491845, 3131271499, 'Size XL', 'Yếm Trắng', '  aeegilmnrstxyz', 6);
            
            INSERT INTO products (id, sku, name, slug, category_id, unit_price, sale_price, preview_image_name, preview_image_path, views, description)
            VALUES (2881279759, 'SP07007', 'Quần Shorts kaki lật lai co giãn lưng cao cấp', 'quan-shorts-kaki-lat-lai-co-gian-lung-cao-cap', 7, 55000, 100000, 'SP_2881279759_0.jpg', 'images/products/7/SP_2881279759_0.jpg', 26668, '🍃🍃QUẦN KAKI NỮ LẬT LAI ĐEN TRẮNG HỒNG LƯNG CAO LẬT LAI QUÁ XUẤT SẮC. 
🍭🍭Chất liệu: KAKI CÓ CO GIÃN. Chất kaki dày đẹp 👍👍Có 3 màu đen, trắng, hồng phấn.
Khách lưu ý màu hồng ở ngoài tươi đẹp hơn trong hình. Hồng ở ngoài y hình shop cầm 4_5 cái giơ lên nha😊
✨✨Size: S-M-L
🔥🔥Giá lẻ  sang bân shop là 100k. Nhưng hiện tại shop bán giá lẻ= sỉ. Với mong muốn khách  có dc trải nghiệm sp  tốt rẻ nhat tại shop
💎💎Cam kết chất lượng và giá cả y hình 100%. 
👉🏻👉🏻Sll: ibox giá yêu thương  nha khách ơi. 🥰
💎💎Bên shop freeship đơn từ 50k..khách nhớ add mã miễn phí vận chuyển nhé ạ. 😘😘');
            
            INSERT INTO product_images (product_id, name, path) 
            VALUES (2881279759, 'SP_2881279759_1.jpg', 'images/products/7/SP_2881279759_1.jpg');
            
            INSERT INTO product_images (product_id, name, path) 
            VALUES (2881279759, 'SP_2881279759_2.jpg', 'images/products/7/SP_2881279759_2.jpg');
            
            INSERT INTO product_images (product_id, name, path) 
            VALUES (2881279759, 'SP_2881279759_3.jpg', 'images/products/7/SP_2881279759_3.jpg');
            
            INSERT INTO product_images (product_id, name, path) 
            VALUES (2881279759, 'SP_2881279759_4.jpg', 'images/products/7/SP_2881279759_4.jpg');
            
            INSERT INTO product_images (product_id, name, path) 
            VALUES (2881279759, 'SP_2881279759_5.jpg', 'images/products/7/SP_2881279759_5.jpg');
            
            INSERT INTO product_images (product_id, name, path) 
            VALUES (2881279759, 'SP_2881279759_6.jpg', 'images/products/7/SP_2881279759_6.jpg');
            
            INSERT INTO product_images (product_id, name, path) 
            VALUES (2881279759, 'SP_2881279759_7.jpg', 'images/products/7/SP_2881279759_7.jpg');
            
            INSERT INTO product_images (product_id, name, path) 
            VALUES (2881279759, 'SP_2881279759_8.jpg', 'images/products/7/SP_2881279759_8.jpg');
            
            INSERT INTO product_images (product_id, name, path) 
            VALUES (2881279759, 'SP_2881279759_9.jpg', 'images/products/7/SP_2881279759_9.jpg');
            
            INSERT INTO product_details (id, product_id, size, color, unique_search_id, quantity)
            VALUES (7347021657, 2881279759, 'S', 'Trắng', 'agnrst', 2004);
            
            INSERT INTO product_details (id, product_id, size, color, unique_search_id, quantity)
            VALUES (7347021658, 2881279759, 'M', 'Trắng', 'agmnrt', 2002);
            
            INSERT INTO product_details (id, product_id, size, color, unique_search_id, quantity)
            VALUES (7347021659, 2881279759, 'L', 'Trắng', 'aglnrt', 2009);
            
            INSERT INTO product_details (id, product_id, size, color, unique_search_id, quantity)
            VALUES (7347021660, 2881279759, 'S', 'Đen', 'dens', 1972);
            
            INSERT INTO product_details (id, product_id, size, color, unique_search_id, quantity)
            VALUES (7347021661, 2881279759, 'M', 'Đen', 'demn', 1970);
            
            INSERT INTO product_details (id, product_id, size, color, unique_search_id, quantity)
            VALUES (7347021662, 2881279759, 'L', 'Đen', 'deln', 1987);
            
            INSERT INTO products (id, sku, name, slug, category_id, unit_price, sale_price, preview_image_name, preview_image_path, views, description)
            VALUES (7234973877, 'SP07008', 'Bán sỉ Quần kaki cạp chun cho nữ hàng bao chất', 'ban-si-quan-kaki-cap-chun-cho-nu-hang-bao-chat', 7, 69000, 135000, 'SP_7234973877_0.jpg', 'images/products/7/SP_7234973877_0.jpg', 52, 'Tổng kho buôn sỉ lẻ
Cháy vải bao lâu nay ms về dk, kh baoa đơn e nhé
💯💯 Siêu phẩm quần baggy kaki đen trắng
Mã này chân dài hay chân ngắn đều dễ mặc :₫
! Màu trắng xinh lắm í.
Mùa du lịch săp đến. Chị em mau sắm đồ để lên đường thui ạ. Giá nhà em bgio cũng rất mềm mại nhé!
Baggy cạp chun đen trắng . Chất kaki siêu mềm đẹp
✔️Size S M L ( form dưới 60kg )
S <48kg
M 48-54kg
L 54-60kg
Tuỳ chiều cao xê dịch size ạ
Nhập #90k sll #7x ak');
            
            INSERT INTO product_images (product_id, name, path) 
            VALUES (7234973877, 'SP_7234973877_1.jpg', 'images/products/7/SP_7234973877_1.jpg');
            
            INSERT INTO product_images (product_id, name, path) 
            VALUES (7234973877, 'SP_7234973877_2.jpg', 'images/products/7/SP_7234973877_2.jpg');
            
            INSERT INTO product_images (product_id, name, path) 
            VALUES (7234973877, 'SP_7234973877_3.jpg', 'images/products/7/SP_7234973877_3.jpg');
            
            INSERT INTO product_images (product_id, name, path) 
            VALUES (7234973877, 'SP_7234973877_4.jpg', 'images/products/7/SP_7234973877_4.jpg');
            
            INSERT INTO product_images (product_id, name, path) 
            VALUES (7234973877, 'SP_7234973877_5.jpg', 'images/products/7/SP_7234973877_5.jpg');
            
            INSERT INTO product_images (product_id, name, path) 
            VALUES (7234973877, 'SP_7234973877_6.jpg', 'images/products/7/SP_7234973877_6.jpg');
            
            INSERT INTO product_images (product_id, name, path) 
            VALUES (7234973877, 'SP_7234973877_7.jpg', 'images/products/7/SP_7234973877_7.jpg');
            
            INSERT INTO product_images (product_id, name, path) 
            VALUES (7234973877, 'SP_7234973877_8.jpg', 'images/products/7/SP_7234973877_8.jpg');
            
            INSERT INTO product_images (product_id, name, path) 
            VALUES (7234973877, 'SP_7234973877_9.jpg', 'images/products/7/SP_7234973877_9.jpg');
            
            INSERT INTO product_details (id, product_id, size, color, unique_search_id, quantity)
            VALUES (18371621983, 7234973877, 'S', 'Đen', 'dens', 0);
            
            INSERT INTO product_details (id, product_id, size, color, unique_search_id, quantity)
            VALUES (18371621984, 7234973877, 'M', 'Đen', 'demn', 0);
            
            INSERT INTO product_details (id, product_id, size, color, unique_search_id, quantity)
            VALUES (18371621985, 7234973877, 'L', 'Đen', 'deln', 0);
            
            INSERT INTO product_details (id, product_id, size, color, unique_search_id, quantity)
            VALUES (18371621986, 7234973877, 'S', 'Trắng', 'agnrst', 40);
            
            INSERT INTO product_details (id, product_id, size, color, unique_search_id, quantity)
            VALUES (18371621987, 7234973877, 'M', 'Trắng', 'agmnrt', 13);
            
            INSERT INTO product_details (id, product_id, size, color, unique_search_id, quantity)
            VALUES (18371621988, 7234973877, 'L', 'Trắng', 'aglnrt', 25);
            
            INSERT INTO products (id, sku, name, slug, category_id, unit_price, sale_price, preview_image_name, preview_image_path, views, description)
            VALUES (7714451830, 'SP07009', 'Quần yếm 🍀FREE SHIP🍀Quần kaki baggy 2 túi ngực Unisex', 'quan-yem-🍀free-ship🍀quan-kaki-baggy-2-tui-nguc-unisex', 7, 119000, 165000, 'SP_7714451830_0.jpg', 'images/products/7/SP_7714451830_0.jpg', 10026, '✨✨Hot Với Siêu phẩm Yếm kaki cực xinh Này khách ơi !
chất kaki chính phẩm ko phải hàng thun giả kaki hay kaki pha nilon bóng bóng nhé các tình yêu! 

Quần yếm kaki baggy 2 dây điều chỉnh được

🍁🍁màu đen huyền thoại cực dễ mặc, dễ mix đồ, màu be lạ mắt cực cá tính
3 Size cho cả nam nữ đều mặc được:
- Size S dưới 50kg, dưới 1m55
- Size M dưới 57kg, dưới 1m60
- Size L dưới 65kg, dưới 1m75

Quần yếm kaki mặc được cả 4 mùa xuân hạ thu đông quá tiện lợi

🔴 HÀNG CÓ SẴN - SHIP HÀNG TOÀN QUỐC 


#yếmjean #yếmkaki #quanyem #yếmnữ #yếmdài #yếmxinh 
#quầnyếm #quầnyếmulzzang #quầnyếmđẹp #quanyem2day  #quanunisex #quầnyếmvải #quầnyếmrẻđẹp #quanyemgiare #quanyemongrong #quầnbaggy #yếmbaggy #quần_yếm_2túi_ngực');
            
            INSERT INTO product_images (product_id, name, path) 
            VALUES (7714451830, 'SP_7714451830_1.jpg', 'images/products/7/SP_7714451830_1.jpg');
            
            INSERT INTO product_images (product_id, name, path) 
            VALUES (7714451830, 'SP_7714451830_2.jpg', 'images/products/7/SP_7714451830_2.jpg');
            
            INSERT INTO product_images (product_id, name, path) 
            VALUES (7714451830, 'SP_7714451830_3.jpg', 'images/products/7/SP_7714451830_3.jpg');
            
            INSERT INTO product_images (product_id, name, path) 
            VALUES (7714451830, 'SP_7714451830_4.jpg', 'images/products/7/SP_7714451830_4.jpg');
            
            INSERT INTO product_images (product_id, name, path) 
            VALUES (7714451830, 'SP_7714451830_5.jpg', 'images/products/7/SP_7714451830_5.jpg');
            
            INSERT INTO product_images (product_id, name, path) 
            VALUES (7714451830, 'SP_7714451830_6.jpg', 'images/products/7/SP_7714451830_6.jpg');
            
            INSERT INTO product_images (product_id, name, path) 
            VALUES (7714451830, 'SP_7714451830_7.jpg', 'images/products/7/SP_7714451830_7.jpg');
            
            INSERT INTO product_images (product_id, name, path) 
            VALUES (7714451830, 'SP_7714451830_8.jpg', 'images/products/7/SP_7714451830_8.jpg');
            
            INSERT INTO product_images (product_id, name, path) 
            VALUES (7714451830, 'SP_7714451830_9.jpg', 'images/products/7/SP_7714451830_9.jpg');
            
            INSERT INTO product_details (id, product_id, size, color, unique_search_id, quantity)
            VALUES (22535982648, 7714451830, 'M<57kg', 'Be', '57<begkm', 2428);
            
            INSERT INTO product_details (id, product_id, size, color, unique_search_id, quantity)
            VALUES (22535982649, 7714451830, 'L<65kg', 'Be', '56<begkl', 2485);
            
            INSERT INTO product_details (id, product_id, size, color, unique_search_id, quantity)
            VALUES (22535982650, 7714451830, 'S<50kg', 'Đen', '05<degkns', 22931);
            
            INSERT INTO product_details (id, product_id, size, color, unique_search_id, quantity)
            VALUES (22535982651, 7714451830, 'M<57kg', 'Đen', '57<degkmn', 9933);
            
            INSERT INTO product_details (id, product_id, size, color, unique_search_id, quantity)
            VALUES (22535982652, 7714451830, 'L<65kg', 'Đen', '56<degkln', 52149);
            
            INSERT INTO product_details (id, product_id, size, color, unique_search_id, quantity)
            VALUES (22535982653, 7714451830, 'S<50kg', 'Be', '05<begks', 2306);
            
            INSERT INTO products (id, sku, name, slug, category_id, unit_price, sale_price, preview_image_name, preview_image_path, views, description)
            VALUES (9027361064, 'SP07010', 'QUẦN YẾM KAKI DÀI DẬP CHỈ NỔI', 'quan-yem-kaki-dai-dap-chi-noi', 7, 480000, 500000, 'SP_9027361064_0.jpg', 'images/products/7/SP_9027361064_0.jpg', 10355, '▪️Chất : kaki dày dặn

▪️Màu : đen, trắng, be, vàng, cam, rêu, đỏ, mix màu, xanh mint

▪️Size :
     Size S (mông 84cm-88cm)
     Size M (mông 88cm-92cm)
     Size L (mông 92cm-96cm)
     Chiều dài 3 size bằng nhau, dây điều chỉnh được để phù hợp với chiều cao của mỗi người, từ m6 trở xuống mặc không bị ngắn
    Shop có nhận may size riêng nếu kích thước của bạn không có trong bảng size, nhắn tin cho Lem để được tư vấn nhanh nhất nè

▪️Mọi thắc mắc bạn vui lòng nhắn tin cho shop để được tư vấn nhanh nhất nha ❤️');
            
            INSERT INTO product_images (product_id, name, path) 
            VALUES (9027361064, 'SP_9027361064_1.jpg', 'images/products/7/SP_9027361064_1.jpg');
            
            INSERT INTO product_images (product_id, name, path) 
            VALUES (9027361064, 'SP_9027361064_2.jpg', 'images/products/7/SP_9027361064_2.jpg');
            
            INSERT INTO product_images (product_id, name, path) 
            VALUES (9027361064, 'SP_9027361064_3.jpg', 'images/products/7/SP_9027361064_3.jpg');
            
            INSERT INTO product_images (product_id, name, path) 
            VALUES (9027361064, 'SP_9027361064_4.jpg', 'images/products/7/SP_9027361064_4.jpg');
            
            INSERT INTO product_images (product_id, name, path) 
            VALUES (9027361064, 'SP_9027361064_5.jpg', 'images/products/7/SP_9027361064_5.jpg');
            
            INSERT INTO product_images (product_id, name, path) 
            VALUES (9027361064, 'SP_9027361064_6.jpg', 'images/products/7/SP_9027361064_6.jpg');
            
            INSERT INTO product_images (product_id, name, path) 
            VALUES (9027361064, 'SP_9027361064_7.jpg', 'images/products/7/SP_9027361064_7.jpg');
            
            INSERT INTO product_images (product_id, name, path) 
            VALUES (9027361064, 'SP_9027361064_8.jpg', 'images/products/7/SP_9027361064_8.jpg');
            
            INSERT INTO product_images (product_id, name, path) 
            VALUES (9027361064, 'SP_9027361064_9.jpg', 'images/products/7/SP_9027361064_9.jpg');
            
            INSERT INTO product_details (id, product_id, size, color, unique_search_id, quantity)
            VALUES (34585532044, 9027361064, 'M', 'Xanh mint', ' ahimmnntx', 15);
            
            INSERT INTO product_details (id, product_id, size, color, unique_search_id, quantity)
            VALUES (34585532045, 9027361064, 'L', 'Xanh mint', ' ahilmnntx', 15);
            
            INSERT INTO product_details (id, product_id, size, color, unique_search_id, quantity)
            VALUES (34585532046, 9027361064, 'S', 'Xanh mint', ' ahimnnstx', 15);
            
            INSERT INTO product_details (id, product_id, size, color, unique_search_id, quantity)
            VALUES (64220523138, 9027361064, 'S', 'Đen', 'dens', 8);
            
            INSERT INTO product_details (id, product_id, size, color, unique_search_id, quantity)
            VALUES (64220523139, 9027361064, 'M', 'Đen', 'demn', 8);
            
            INSERT INTO product_details (id, product_id, size, color, unique_search_id, quantity)
            VALUES (64220523140, 9027361064, 'L', 'Đen', 'deln', 5);
            
            INSERT INTO product_details (id, product_id, size, color, unique_search_id, quantity)
            VALUES (64220523141, 9027361064, 'M', 'Vàng', 'agmnv', 20);
            
            INSERT INTO product_details (id, product_id, size, color, unique_search_id, quantity)
            VALUES (64220523142, 9027361064, 'S', 'Đỏ', 'dos', 20);
            
            INSERT INTO product_details (id, product_id, size, color, unique_search_id, quantity)
            VALUES (64220523143, 9027361064, 'S', 'Cam', 'acms', 19);
            
            INSERT INTO product_details (id, product_id, size, color, unique_search_id, quantity)
            VALUES (64220523144, 9027361064, 'S', 'Be', 'bes', 15);
            
            INSERT INTO product_details (id, product_id, size, color, unique_search_id, quantity)
            VALUES (64220523145, 9027361064, 'M', 'Mix màu', ' aimmmux', 15);
            
            INSERT INTO product_details (id, product_id, size, color, unique_search_id, quantity)
            VALUES (64220523146, 9027361064, 'L', 'Mix màu', ' ailmmux', 19);
            
            INSERT INTO product_details (id, product_id, size, color, unique_search_id, quantity)
            VALUES (64220523147, 9027361064, 'L', 'Trắng', 'aglnrt', 18);
            
            INSERT INTO product_details (id, product_id, size, color, unique_search_id, quantity)
            VALUES (64220523148, 9027361064, 'M', 'Be', 'bem', 11);
            
            INSERT INTO product_details (id, product_id, size, color, unique_search_id, quantity)
            VALUES (64220523149, 9027361064, 'M', 'Rêu', 'emru', 18);
            
            INSERT INTO product_details (id, product_id, size, color, unique_search_id, quantity)
            VALUES (64220523150, 9027361064, 'M', 'Đỏ', 'dmo', 18);
            
            INSERT INTO product_details (id, product_id, size, color, unique_search_id, quantity)
            VALUES (64220523151, 9027361064, 'L', 'Cam', 'aclm', 18);
            
            INSERT INTO product_details (id, product_id, size, color, unique_search_id, quantity)
            VALUES (64220523152, 9027361064, 'S', 'Trắng', 'agnrst', 15);
            
            INSERT INTO product_details (id, product_id, size, color, unique_search_id, quantity)
            VALUES (64220523153, 9027361064, 'M', 'Trắng', 'agmnrt', 17);
            
            INSERT INTO product_details (id, product_id, size, color, unique_search_id, quantity)
            VALUES (64220523154, 9027361064, 'L', 'Be', 'bel', 13);
            
            INSERT INTO product_details (id, product_id, size, color, unique_search_id, quantity)
            VALUES (64220523155, 9027361064, 'S', 'Vàng', 'agnsv', 20);
            
            INSERT INTO product_details (id, product_id, size, color, unique_search_id, quantity)
            VALUES (64220523156, 9027361064, 'L', 'Vàng', 'aglnv', 19);
            
            INSERT INTO product_details (id, product_id, size, color, unique_search_id, quantity)
            VALUES (64220523157, 9027361064, 'S', 'Rêu', 'ersu', 16);
            
            INSERT INTO product_details (id, product_id, size, color, unique_search_id, quantity)
            VALUES (64220523158, 9027361064, 'L', 'Rêu', 'elru', 18);
            
            INSERT INTO product_details (id, product_id, size, color, unique_search_id, quantity)
            VALUES (64220523159, 9027361064, 'L', 'Đỏ', 'dlo', 19);
            
            INSERT INTO product_details (id, product_id, size, color, unique_search_id, quantity)
            VALUES (64220523160, 9027361064, 'M', 'Cam', 'acmm', 16);
            
            INSERT INTO product_details (id, product_id, size, color, unique_search_id, quantity)
            VALUES (64220523161, 9027361064, 'S', 'Mix màu', ' aimmsux', 18);
            
            INSERT INTO products (id, sku, name, slug, category_id, unit_price, sale_price, preview_image_name, preview_image_path, views, description)
            VALUES (9700728292, 'SP07011', 'Lenkapas - Yếm đùi kaki túi ngực xinh xắn', 'lenkapas-yem-dui-kaki-tui-nguc-xinh-xan', 7, 125000, 145000, 'SP_9700728292_0.jpg', 'images/products/7/SP_9700728292_0.jpg', 3142, '💥💥💥Mẫu yếm đùi mới túi ngực ba màu: đen, vàng và trắng

🌟🌟🌟Màu như hình chụp sản phẩm treo móc nhé. mẫu mặc chỉnh hơi trầm xíu nên ko nét lắm ạ😁😁😁

Chất kaki dày vừa phải lên form như mẫu mặc 😍😍😍
Em về đủ size SML
Size S dưới 48kg
Size M dưới 53kg
Size L dưới 59kg

📩Inbox e tư vấn size nhé
☎️0973728962');
            
            INSERT INTO product_images (product_id, name, path) 
            VALUES (9700728292, 'SP_9700728292_1.jpg', 'images/products/7/SP_9700728292_1.jpg');
            
            INSERT INTO product_images (product_id, name, path) 
            VALUES (9700728292, 'SP_9700728292_2.jpg', 'images/products/7/SP_9700728292_2.jpg');
            
            INSERT INTO product_images (product_id, name, path) 
            VALUES (9700728292, 'SP_9700728292_3.jpg', 'images/products/7/SP_9700728292_3.jpg');
            
            INSERT INTO product_images (product_id, name, path) 
            VALUES (9700728292, 'SP_9700728292_4.jpg', 'images/products/7/SP_9700728292_4.jpg');
            
            INSERT INTO product_details (id, product_id, size, color, unique_search_id, quantity)
            VALUES (72090435231, 9700728292, 'S', 'Đen', 'dens', 1);
            
            INSERT INTO product_details (id, product_id, size, color, unique_search_id, quantity)
            VALUES (72090435232, 9700728292, 'M', 'Vàng', 'agmnv', 75);
            
            INSERT INTO product_details (id, product_id, size, color, unique_search_id, quantity)
            VALUES (72090435233, 9700728292, 'L', 'Vàng', 'aglnv', 79);
            
            INSERT INTO product_details (id, product_id, size, color, unique_search_id, quantity)
            VALUES (72090435234, 9700728292, 'M', 'Đen', 'demn', 0);
            
            INSERT INTO product_details (id, product_id, size, color, unique_search_id, quantity)
            VALUES (72090435235, 9700728292, 'L', 'Đen', 'deln', 0);
            
            INSERT INTO product_details (id, product_id, size, color, unique_search_id, quantity)
            VALUES (72090435236, 9700728292, 'S', 'Trắng', 'agnrst', 0);
            
            INSERT INTO product_details (id, product_id, size, color, unique_search_id, quantity)
            VALUES (72090435237, 9700728292, 'M', 'Trắng', 'agmnrt', 0);
            
            INSERT INTO product_details (id, product_id, size, color, unique_search_id, quantity)
            VALUES (72090435238, 9700728292, 'L', 'Trắng', 'aglnrt', 0);
            
            INSERT INTO product_details (id, product_id, size, color, unique_search_id, quantity)
            VALUES (72090435239, 9700728292, 'S', 'Vàng', 'agnsv', 72);
            
            INSERT INTO products (id, sku, name, slug, category_id, unit_price, sale_price, preview_image_name, preview_image_path, views, description)
            VALUES (5080457885, 'SP07012', 'Quần Kaki Ngắn Crybaby', 'quan-kaki-ngan-crybaby', 7, 320000, 340000, 'SP_5080457885_0.jpg', 'images/products/7/SP_5080457885_0.jpg', 422, 'Quần ngắn CRYBABY WHENIMNASTY, sản phẩm được thiết kế phù hợp cho cả nam và nữ
Chất liệu: Kaki
Size: M, L
 -Size M: cân nặng 40kg - 50kg; chiều cao 1m50 - 1m63;
 -Size L: cân nặng 50kg - 58kg; chiều cao 1m63 - 1m66');
            
            INSERT INTO product_images (product_id, name, path) 
            VALUES (5080457885, 'SP_5080457885_1.jpg', 'images/products/7/SP_5080457885_1.jpg');
            
            INSERT INTO product_images (product_id, name, path) 
            VALUES (5080457885, 'SP_5080457885_2.jpg', 'images/products/7/SP_5080457885_2.jpg');
            
            INSERT INTO product_images (product_id, name, path) 
            VALUES (5080457885, 'SP_5080457885_3.jpg', 'images/products/7/SP_5080457885_3.jpg');
            
            INSERT INTO product_images (product_id, name, path) 
            VALUES (5080457885, 'SP_5080457885_4.jpg', 'images/products/7/SP_5080457885_4.jpg');
            
            INSERT INTO product_details (id, product_id, size, color, unique_search_id, quantity)
            VALUES (24712210958, 5080457885, 'M', 'Hồng', 'ghmno', 0);
            
            INSERT INTO product_details (id, product_id, size, color, unique_search_id, quantity)
            VALUES (34126229348, 5080457885, 'L', 'Hồng', 'ghlno', 0);
            
            INSERT INTO product_details (id, product_id, size, color, unique_search_id, quantity)
            VALUES (63894359274, 5080457885, 'M', 'Nâu', 'amnu', 4);
            
            INSERT INTO product_details (id, product_id, size, color, unique_search_id, quantity)
            VALUES (63894359275, 5080457885, 'L', 'Nâu', 'alnu', 4);
            
            INSERT INTO product_details (id, product_id, size, color, unique_search_id, quantity)
            VALUES (63894359276, 5080457885, 'M', 'Đen', 'demn', 2);
            
            INSERT INTO product_details (id, product_id, size, color, unique_search_id, quantity)
            VALUES (63894359277, 5080457885, 'L', 'Đen', 'deln', 6);
            
            INSERT INTO products (id, sku, name, slug, category_id, unit_price, sale_price, preview_image_name, preview_image_path, views, description)
            VALUES (7683556024, 'SP07013', 'Váy quần kaki Lovi', 'vay-quan-kaki-lovi', 7, 225000, 250000, 'SP_7683556024_0.jpg', 'images/products/7/SP_7683556024_0.jpg', 11, 'QUẦN KAKI GIẢ VÁY
👌Thiết kế dáng chữ A, mặc lên vô cùng gọn gàng, năng động, trẻ trung mà tiện lợi.
👌Quần váy có ưu điểm giúp chị em vận động thoải mái, tự nhiên, mà không lo lộ hàng.
👌Chất kaki mịn mát vận động thoải mái hơn jean nhiều nhé
✔️ Có 2 màu: trắng và nâu
✔️ Size: S và M thôi nha.








LOVI SHOP - ĐƠN GIẢN LÀ XINH

➖237 Hồng Lạc, P10, Q.Tân Bình, Tp.Hcm.
( Mở cửa: 9h00 - 21h00)
(Check tin nhắn trong giờ làm việc)
➖Instagram: lovishop2017
➖Fanpage: https://www.facebook.com/lovishop2017
➖Shopee.vn/lovishop');
            
            INSERT INTO product_images (product_id, name, path) 
            VALUES (7683556024, 'SP_7683556024_1.jpg', 'images/products/7/SP_7683556024_1.jpg');
            
            INSERT INTO product_images (product_id, name, path) 
            VALUES (7683556024, 'SP_7683556024_2.jpg', 'images/products/7/SP_7683556024_2.jpg');
            
            INSERT INTO product_images (product_id, name, path) 
            VALUES (7683556024, 'SP_7683556024_3.jpg', 'images/products/7/SP_7683556024_3.jpg');
            
            INSERT INTO product_details (id, product_id, size, color, unique_search_id, quantity)
            VALUES (24998384940, 7683556024, 'm', 'kem', 'ekmm', 5);
            
            INSERT INTO product_details (id, product_id, size, color, unique_search_id, quantity)
            VALUES (24998384941, 7683556024, 's', 'nâu', 'ansu', 5);
            
            INSERT INTO product_details (id, product_id, size, color, unique_search_id, quantity)
            VALUES (24998384942, 7683556024, 'm', 'nâu', 'amnu', 5);
            
            INSERT INTO product_details (id, product_id, size, color, unique_search_id, quantity)
            VALUES (24998384943, 7683556024, 's', 'đen', 'dens', 5);
            
            INSERT INTO product_details (id, product_id, size, color, unique_search_id, quantity)
            VALUES (24998384944, 7683556024, 'm', 'đen', 'demn', 5);
            
            INSERT INTO product_details (id, product_id, size, color, unique_search_id, quantity)
            VALUES (24998384945, 7683556024, 's', 'kem', 'ekms', 5);
            
            INSERT INTO products (id, sku, name, slug, category_id, unit_price, sale_price, preview_image_name, preview_image_path, views, description)
            VALUES (5677009595, 'SP08001', '[ Cao Cấp] Quần Jean Nữ  BAGGY - Rách 1 bên Gối - Tua Rua - Phong Cách Trẻ Trung Mạnh Mẽ286 rách ô 1 bên gối', 'cao-cap-quan-jean-nu-baggy-rach-1-ben-goi-tua-rua-phong-cach-tre-trung-manh-me286-rach-o-1-ben-goi', 8, 84500, 169000, 'SP_5677009595_0.jpg', 'images/products/8/SP_5677009595_0.jpg', 11147, '✴️✴️✴️  Quyền Lợi Khi Mua Hàng Tại Shop  ✴️✴️✴️

✅Chất lượng tốt giá rẻ - vì shop trực tiếp gia công lên mẫu.
✅  Yên tâm khi mua vì sản phẩm luôn kèm video+ ảnh chụp thật 100%- Do mẫu chụp+Ảnh trải sàn
✅  Được kiểm tra hàng (Gọi điện lại cho shop để được kiểm tra khi vận chuyển đến)
✅   ĐỔI MỚI HOÀN TOÀN ngay lập tức và HỖ TRỢ PHÍ SHIP nếu sản phẩm có lỗi do Sản xuất, đóng gói.
✅  ĐỔI MẪU ĐỔI SIZE với Sản phẩm khách hàng chưa ưng ý, mặc không vừa, chưa phù hợp.
✅  ĐỘI NGŨ NHÂN VIÊN NHIỆT TÌNH-LUÔN SẴN SÀNG HỖ TRỢ KHÁCH TỪ A-Z, ĐẾN KHI KHÁCH HÀI LÒNG

✅ Thông tin sản phẩm: 
✅  Tên SP : Quần Jean Baggy -rách 1 gối tua rua
✅ Dáng quần: baggy dài
✅ Kiểu lưng Quần jean nữ baggy: Cao
✅ Size: S - M - L
✅ Màu sắc: xanh
✅ Chất liệu: 98% cotton, 
✅ Xuất xứ: Việt Nam
✅ Hướng dẫn giặt sản phẩm Quần jean nữ baggy
✅  Không giặt chung với quần áo trắng
✅ Lộn trái sản phẩm trước khi giặt
✅ Không dùng thuốc tẩy
✅ Giặt với nước ấm khi cần thiết
✅ Không giặt khô 

✅✅✅ TƯ VẤN SIZE THAM KHẢO:
💟  40kg đến45kg    --  S eo 62-66
💟  46kg đến 49kg   --  M eo 65-69
💟  50kg đến 52kg   --  L eo 68-72

#quần_nữ
#quần_jean_nữ
#quần_jean
#quần_bò_nữ
#quần_nữ_đẹp
#quan_nu
#quan_jean_nu
#quần_rách_gối
#quần_jean_rách
#jean_rách
#quần_jean_nữ_rách_gối
#quần_bò_rách_gối
#quần_jean_dài
#quần
#jean_buông
#quần_jean_đẹp
#freeship
#quần_jean_rẻ');
            
            INSERT INTO product_images (product_id, name, path) 
            VALUES (5677009595, 'SP_5677009595_1.jpg', 'images/products/8/SP_5677009595_1.jpg');
            
            INSERT INTO product_images (product_id, name, path) 
            VALUES (5677009595, 'SP_5677009595_2.jpg', 'images/products/8/SP_5677009595_2.jpg');
            
            INSERT INTO product_images (product_id, name, path) 
            VALUES (5677009595, 'SP_5677009595_3.jpg', 'images/products/8/SP_5677009595_3.jpg');
            
            INSERT INTO product_images (product_id, name, path) 
            VALUES (5677009595, 'SP_5677009595_4.jpg', 'images/products/8/SP_5677009595_4.jpg');
            
            INSERT INTO product_images (product_id, name, path) 
            VALUES (5677009595, 'SP_5677009595_5.jpg', 'images/products/8/SP_5677009595_5.jpg');
            
            INSERT INTO product_details (id, product_id, size, color, unique_search_id, quantity)
            VALUES (33452076847, 5677009595, 'S', 'xanh đậm', ' aadhmnsx', 76);
            
            INSERT INTO product_details (id, product_id, size, color, unique_search_id, quantity)
            VALUES (33452076848, 5677009595, 'M', 'xanh đậm', ' aadhmmnx', 65);
            
            INSERT INTO product_details (id, product_id, size, color, unique_search_id, quantity)
            VALUES (33452076849, 5677009595, 'L', 'xanh đậm', ' aadhlmnx', 73);
            
            INSERT INTO products (id, sku, name, slug, category_id, unit_price, sale_price, preview_image_name, preview_image_path, views, description)
            VALUES (4573339658, 'SP08002', 'Quần jean nữ baggy tua lai ống nhỏ', 'quan-jean-nu-baggy-tua-lai-ong-nho', 8, 103090, 169000, 'SP_4573339658_0.jpg', 'images/products/8/SP_4573339658_0.jpg', 5525, 'Quần jean nữ baggy King168, quần nữ co dãn nhẹ mẫu THU77
Thông tin sản phẩm: 
Đây là tập hợp các sản phẩm quần baggy nữ lưng cao bán chạy nhất của King168 Store. Chúng tôi nhóm các sản phẩm này để giúp khách hàng thuận tiện hơn trong việc lựa chọn sản phẩm.
- Dáng quần: baggy dài
- Kiểu lưng Quần jean nữ baggy: Cao
- Size: S-M-L
- Màu sắc: xanh
- Chất liệu: 98% cotton, 2% spandex
- Xuất xứ: Việt Nam
Hướng dẫn giặt sản phẩm Quần jean nữ baggy
- Không giặt chung với quần áo trắng
các bạn tham khảo thông tin sơ về sản phẩm
- Lộn trái sản phẩm trước khi giặt
- Không dùng thuốc tẩy
- Giặt với nước ấm khi cần thiết
- Không giặt khô 

Vì Shop giao dịch bán hàng qua hình thức online với khách nên tiêu chí Shop luôn đặt lên hàng đầu :
1. Hàng bảo đảm đúng chất lượng ( sản phẩm giống hình mẫu 100% )
2. Hàng nhập tận xưởng Giá tốt nhất cho khách hàng lựa chọn 
3.Bao đổi trả nếu như sản phẩm ko giống hình,hàng bị lỗi kỹ thuật.
4.Không hài lòng về sản phẩm liên hệ shop trực tiếp để đổi trả
5.Shop luôn ưu tiên và đặt khách hàng là trên hết.
* Sản phẩm vẫn còn hiển thị ở trên shop nghĩa là vẫn còn hàng nên quý khách cứ yên tâm đặt mua hàng tại shop. Shop sẽ giao  ĐÚNG MÀU ĐÚNG MẪU  khi khách yêu cầu.
---->TƯ VẤN SIZE THAM KHẢO:
Size s;40kg đến 45kg--s
Size m; 46kg đến 49kg--m
Size l; 50kg đến 52kg--l

#quan #jean #nu  #quanjeannu #jeannu #codan #tot #quanjean #baggy');
            
            INSERT INTO product_images (product_id, name, path) 
            VALUES (4573339658, 'SP_4573339658_1.jpg', 'images/products/8/SP_4573339658_1.jpg');
            
            INSERT INTO product_images (product_id, name, path) 
            VALUES (4573339658, 'SP_4573339658_2.jpg', 'images/products/8/SP_4573339658_2.jpg');
            
            INSERT INTO product_images (product_id, name, path) 
            VALUES (4573339658, 'SP_4573339658_3.jpg', 'images/products/8/SP_4573339658_3.jpg');
            
            INSERT INTO product_images (product_id, name, path) 
            VALUES (4573339658, 'SP_4573339658_4.jpg', 'images/products/8/SP_4573339658_4.jpg');
            
            INSERT INTO product_details (id, product_id, size, color, unique_search_id, quantity)
            VALUES (43064613684, 4573339658, 'S', 'xanh đậm', ' aadhmnsx', 969);
            
            INSERT INTO product_details (id, product_id, size, color, unique_search_id, quantity)
            VALUES (43064613685, 4573339658, 'M', 'xanh đậm', ' aadhmmnx', 956);
            
            INSERT INTO product_details (id, product_id, size, color, unique_search_id, quantity)
            VALUES (43064613686, 4573339658, 'L', 'xanh đậm', ' aadhlmnx', 986);
            
            INSERT INTO products (id, sku, name, slug, category_id, unit_price, sale_price, preview_image_name, preview_image_path, views, description)
            VALUES (8223397030, 'SP08003', 'sooc jean sắn gấu Thái lan', 'sooc-jean-san-gau-thai-lan', 8, 320000, 340000, 'SP_8223397030_0.jpg', 'images/products/8/SP_8223397030_0.jpg', 4536, 'Sooc Katun bn năm vẫn hot ạ. Jean sắn line Thái chuẩn mặc form nó hơi bị sịn lun này. Mix đủ thứ á o trên đời đều perfect nha. Ce lo mùa hè đến đâu ròi 🤣 chuẩn jean Thái mướt mềm nhaaa NOT KAKI OK
Nguyễnn Tháii Liinh
#Nguyenthailinh');
            
            INSERT INTO product_images (product_id, name, path) 
            VALUES (8223397030, 'SP_8223397030_1.jpg', 'images/products/8/SP_8223397030_1.jpg');
            
            INSERT INTO product_images (product_id, name, path) 
            VALUES (8223397030, 'SP_8223397030_2.jpg', 'images/products/8/SP_8223397030_2.jpg');
            
            INSERT INTO product_images (product_id, name, path) 
            VALUES (8223397030, 'SP_8223397030_3.jpg', 'images/products/8/SP_8223397030_3.jpg');
            
            INSERT INTO product_images (product_id, name, path) 
            VALUES (8223397030, 'SP_8223397030_4.jpg', 'images/products/8/SP_8223397030_4.jpg');
            
            INSERT INTO product_images (product_id, name, path) 
            VALUES (8223397030, 'SP_8223397030_5.jpg', 'images/products/8/SP_8223397030_5.jpg');
            
            INSERT INTO product_images (product_id, name, path) 
            VALUES (8223397030, 'SP_8223397030_6.jpg', 'images/products/8/SP_8223397030_6.jpg');
            
            INSERT INTO product_images (product_id, name, path) 
            VALUES (8223397030, 'SP_8223397030_7.jpg', 'images/products/8/SP_8223397030_7.jpg');
            
            INSERT INTO product_images (product_id, name, path) 
            VALUES (8223397030, 'SP_8223397030_8.jpg', 'images/products/8/SP_8223397030_8.jpg');
            
            INSERT INTO product_details (id, product_id, size, color, unique_search_id, quantity)
            VALUES (24643250789, 8223397030, 'S', 'Đen', 'dens', 0);
            
            INSERT INTO product_details (id, product_id, size, color, unique_search_id, quantity)
            VALUES (24643250790, 8223397030, 'M', 'Đen', 'demn', 53);
            
            INSERT INTO product_details (id, product_id, size, color, unique_search_id, quantity)
            VALUES (24643250791, 8223397030, 'L', 'Đen', 'deln', 51);
            
            INSERT INTO product_details (id, product_id, size, color, unique_search_id, quantity)
            VALUES (24643250792, 8223397030, 'S', 'Trắng', 'agnrst', 51);
            
            INSERT INTO product_details (id, product_id, size, color, unique_search_id, quantity)
            VALUES (24643250793, 8223397030, 'L', 'Xanh nhạt', ' aahhlnntx', 52);
            
            INSERT INTO product_details (id, product_id, size, color, unique_search_id, quantity)
            VALUES (24643250794, 8223397030, 'M', 'Trắng', 'agmnrt', 52);
            
            INSERT INTO product_details (id, product_id, size, color, unique_search_id, quantity)
            VALUES (24643250795, 8223397030, 'L', 'Trắng', 'aglnrt', 52);
            
            INSERT INTO product_details (id, product_id, size, color, unique_search_id, quantity)
            VALUES (24643250796, 8223397030, 'S', 'Xanh nhạt', ' aahhnnstx', 51);
            
            INSERT INTO product_details (id, product_id, size, color, unique_search_id, quantity)
            VALUES (24643250797, 8223397030, 'M', 'Xanh nhạt', ' aahhmnntx', 52);
            
            INSERT INTO product_details (id, product_id, size, color, unique_search_id, quantity)
            VALUES (24643250798, 8223397030, 'S', 'Xanh đậm', ' aadhmnsx', 51);
            
            INSERT INTO product_details (id, product_id, size, color, unique_search_id, quantity)
            VALUES (24643250799, 8223397030, 'M', 'Xanh đậm', ' aadhmmnx', 53);
            
            INSERT INTO product_details (id, product_id, size, color, unique_search_id, quantity)
            VALUES (24643250800, 8223397030, 'L', 'Xanh đậm', ' aadhlmnx', 52);
            
            INSERT INTO products (id, sku, name, slug, category_id, unit_price, sale_price, preview_image_name, preview_image_path, views, description)
            VALUES (9700460729, 'SP08004', 'Quần baggy nữ / Quần bò nữ baggy cạp cao', 'quan-baggy-nu-/-quan-bo-nu-baggy-cap-cao', 8, 109000, 180000, 'SP_9700460729_0.jpg', 'images/products/8/SP_9700460729_0.jpg', 11793, 'Cam kết ảnh thật trải sàn + video chính chủ
sản phẩm uy tín - chất lượng , đổi trả dễ dàng , hỗ trợ nhanh chóng

THÔNG TIN SẢN PHẨM

kiểu dáng : quần jeans nữ
xuất xứ : hàng việt nam
chất liệu .vải bò denim
họa tiết : trơn
màu sắc : xám - đen - xanh dương
form  : sz S - L


S  38 - 45 kg ,  eo ~ 64 , mông 85
M  45 -  50 kg , eo ~ 66  ,  mông 90
L 50 - 55 kg , eo ~ 68 , mông 95

Lưu ý : quần dáng baggy vải k giãn ,  Thông số shop đưa ra chỉ mang tính tương đổi không cam kết vừa với với cả mọi người nhé
-------------------------------
chi tiết : quần jeans nữ trơn dáng baggy ống côn cạp cao 4 túi vải không giãn 
chiều dài quần : 87-90 cm
cạp cạo qua rốn 30cm
loại trang phục thanh lịch ,công sở phù hợp cho học sinh sinh viên hoặc dân văn phòng mặc đi học đi chơi đi làm kín đáo lịch sự 
---------------------------------------------------
(*) Quý khách hàng vui lòng đặt hàng theo đúng phân loại k ghi chú vì shop in 1 loạt sẽ k thấy được ghi chú của khách đâu ạ. Chúng mình chưa biết cách đặt nhiều màu có thể ib Shyn để được hỗ trợ nha !
(*) ƯU ĐÃI HOT CHO KHÁCH HÀNG:
✸ Miễn phí vận chuyển cho đơn hàng từ 50k trở lên ( Hỗ trợ tối đa 30k )
✸ Nhận ngay ưu đãi giảm 10k cho lần mua tiếp theo khi Khách đã mua hàng và có đánh giá tốt cho sản phẩm
----------------------------------------------------
(*) CAM KẾT & QUY ĐỊNH KHI MUA HÀNG TẠI SHOP

+ Cam kết về chất lượng sản phẩm mới 100%
+ Cam kết hàng hóa y ảnh và đúng mô tả có ảnh thật và video từng mẫu các bạn gạt sang xem giúp shop ạ
+ Lỗi đổi mới (Đổi trả hàng, hoàn tiền theo quy định của shopee)
+ THỜI GIAN GIAO NHẬN HÀNG : Ship COD toàn quốc từ 2-4 ngày, Thời gian ship có thể nhanh hơn với những khách hàng ở Hà Nội
----------------------------------------------------
#quanjean #quanbo #baggy #quanbaggy #baggynu #baggyjean #jeannu #jeans #jean #quanjeans #quanjeansnu #quanjeannu #quanbaggybo #quanbaggyjeannu #quanbaggynu #jeanbaggy #quan #jeans #quanbonu');
            
            INSERT INTO product_images (product_id, name, path) 
            VALUES (9700460729, 'SP_9700460729_1.jpg', 'images/products/8/SP_9700460729_1.jpg');
            
            INSERT INTO product_images (product_id, name, path) 
            VALUES (9700460729, 'SP_9700460729_2.jpg', 'images/products/8/SP_9700460729_2.jpg');
            
            INSERT INTO product_images (product_id, name, path) 
            VALUES (9700460729, 'SP_9700460729_3.jpg', 'images/products/8/SP_9700460729_3.jpg');
            
            INSERT INTO product_images (product_id, name, path) 
            VALUES (9700460729, 'SP_9700460729_4.jpg', 'images/products/8/SP_9700460729_4.jpg');
            
            INSERT INTO product_images (product_id, name, path) 
            VALUES (9700460729, 'SP_9700460729_5.jpg', 'images/products/8/SP_9700460729_5.jpg');
            
            INSERT INTO product_images (product_id, name, path) 
            VALUES (9700460729, 'SP_9700460729_6.jpg', 'images/products/8/SP_9700460729_6.jpg');
            
            INSERT INTO product_images (product_id, name, path) 
            VALUES (9700460729, 'SP_9700460729_7.jpg', 'images/products/8/SP_9700460729_7.jpg');
            
            INSERT INTO product_images (product_id, name, path) 
            VALUES (9700460729, 'SP_9700460729_8.jpg', 'images/products/8/SP_9700460729_8.jpg');
            
            INSERT INTO product_images (product_id, name, path) 
            VALUES (9700460729, 'SP_9700460729_9.jpg', 'images/products/8/SP_9700460729_9.jpg');
            
            INSERT INTO product_details (id, product_id, size, color, unique_search_id, quantity)
            VALUES (42054526386, 9700460729, 'S 38-45kg', 'trơn Xám', '  -3458agkmnorstx', 9870);
            
            INSERT INTO product_details (id, product_id, size, color, unique_search_id, quantity)
            VALUES (42054526387, 9700460729, 'M 45-50kg', 'trơn Đen', '  -0455degkmnnort', 9948);
            
            INSERT INTO product_details (id, product_id, size, color, unique_search_id, quantity)
            VALUES (42054526388, 9700460729, 'L 50-55kg', 'trơn Xám', '  -0555agklmnortx', 9936);
            
            INSERT INTO product_details (id, product_id, size, color, unique_search_id, quantity)
            VALUES (42054526389, 9700460729, 'L 50-55kg', 'trơn Xanh nhạt', '   -0555aaghhklnnnorttx', 9909);
            
            INSERT INTO product_details (id, product_id, size, color, unique_search_id, quantity)
            VALUES (42054526390, 9700460729, 'L 50-55kg', 'trơn Đen', '  -0555degklnnort', 9946);
            
            INSERT INTO product_details (id, product_id, size, color, unique_search_id, quantity)
            VALUES (42054526391, 9700460729, 'M 45-50kg', 'trơn Xám', '  -0455agkmmnortx', 9844);
            
            INSERT INTO product_details (id, product_id, size, color, unique_search_id, quantity)
            VALUES (42054526392, 9700460729, 'S 38-45kg', 'trơn Xanh nhạt', '   -3458aaghhknnnorsttx', 9742);
            
            INSERT INTO product_details (id, product_id, size, color, unique_search_id, quantity)
            VALUES (42054526393, 9700460729, 'M 45-50kg', 'trơn Xanh nhạt', '   -0455aaghhkmnnnorttx', 9804);
            
            INSERT INTO product_details (id, product_id, size, color, unique_search_id, quantity)
            VALUES (42054526394, 9700460729, 'S 38-45kg', 'trơn Đen', '  -3458degknnorst', 9913);
            
            INSERT INTO products (id, sku, name, slug, category_id, unit_price, sale_price, preview_image_name, preview_image_path, views, description)
            VALUES (9523962736, 'SP08005', 'Quần Jean ống rộng lưng cao - Co giãn hàng cao cấp', 'quan-jean-ong-rong-lung-cao-co-gian-hang-cao-cap', 8, 125000, 145000, 'SP_9523962736_0.jpg', 'images/products/8/SP_9523962736_0.jpg', 2658, 'Quần Jeans Nữ Ống suông Cạp Cao Co Giãn
• Chất liệu: jeans co giãn.
• Màu sắc: xanh nhạt,xanh đậm
• Kích thước: size S M L
Chi tiết size:
+ Size S: 40-48kg
+ Size M: 48- 54kg
+ Size L : 54- 60kg
( tuỳ vào chiều cao cân nặg, vòng eo mà khách chon size hợp lí)
- chiều dài quần 98cm, có chênh lệch
- Màu sắc có thể chênh lệch 5% bởi yếu tố ánh sáng và thiết bị chụp. 
- Cam kết hoàn tiền 100% nếu nhận không đúng sản phẩm.
Địa chỉ : 78B/3 Hùng Vương, Khu 8, TT Gia Ray, Xuân Lộc , Đồng Nai 
Zalo: 0969520271');
            
            INSERT INTO product_images (product_id, name, path) 
            VALUES (9523962736, 'SP_9523962736_1.jpg', 'images/products/8/SP_9523962736_1.jpg');
            
            INSERT INTO product_images (product_id, name, path) 
            VALUES (9523962736, 'SP_9523962736_2.jpg', 'images/products/8/SP_9523962736_2.jpg');
            
            INSERT INTO product_details (id, product_id, size, color, unique_search_id, quantity)
            VALUES (34072882386, 9523962736, 'S', 'Xanh đậm', ' aadhmnsx', 0);
            
            INSERT INTO product_details (id, product_id, size, color, unique_search_id, quantity)
            VALUES (34072882387, 9523962736, 'M', 'Xanh đậm', ' aadhmmnx', 0);
            
            INSERT INTO product_details (id, product_id, size, color, unique_search_id, quantity)
            VALUES (34072882388, 9523962736, 'L', 'Xanh đậm', ' aadhlmnx', 997);
            
            INSERT INTO product_details (id, product_id, size, color, unique_search_id, quantity)
            VALUES (34072882389, 9523962736, 'S', 'Xanh nhạt', ' aahhnnstx', 7);
            
            INSERT INTO product_details (id, product_id, size, color, unique_search_id, quantity)
            VALUES (34072882390, 9523962736, 'M', 'Xanh nhạt', ' aahhmnntx', 8);
            
            INSERT INTO product_details (id, product_id, size, color, unique_search_id, quantity)
            VALUES (34072882391, 9523962736, 'L', 'Xanh nhạt', ' aahhlnntx', 997);
            
            INSERT INTO product_details (id, product_id, size, color, unique_search_id, quantity)
            VALUES (91086547964, 9523962736, 'S', 'Đùi', 'disu', 1);
            
            INSERT INTO product_details (id, product_id, size, color, unique_search_id, quantity)
            VALUES (91086547965, 9523962736, 'M', 'Đùi', 'dimu', 1);
            
            INSERT INTO product_details (id, product_id, size, color, unique_search_id, quantity)
            VALUES (91086547966, 9523962736, 'L', 'Đùi', 'dilu', 1);
            
            INSERT INTO products (id, sku, name, slug, category_id, unit_price, sale_price, preview_image_name, preview_image_path, views, description)
            VALUES (8218208006, 'SP08006', '[Mã WASKT304 giảm 15% tối đa 30K đơn 99K] Quần jean dài ống suông HOYI - 2643 - Jem Closet -', 'ma-waskt304-giam-15percent-toi-da-30k-don-99k-quan-jean-dai-ong-suong-hoyi-2643-jem-closet-', 8, 280000, 300000, 'SP_8218208006_0.jpg', 'images/products/8/SP_8218208006_0.jpg', 5295, 'Jem Closet xin chào.🙋🏻‍♂️
Sản phẩm #quần_jean_HOYI được thiết kế dáng suông dài, dễ dàng phối đồ, trẻ trung, năng động 

👖Chất liệu sản phẩm: Vải bò, được dệt từ Cotton Duck và bông thô, bền bỉ, mang đến sự trẻ trung, năng động và thoải mái cho người mặc.
📐Thông tin size #quần_jean_ống_suông :
Size S dài 101 eo 66 đùi 60 mông 102
Size M dài 103 eo 70 đùi 62 mông 104
Size L dài 105 eo 74 đùi 64 mông 106
Size XL dài 107 eo 78 đùi 66 mông 108

✋Jem closet cam kết tất cả hình ảnh đều là sản phẩm #quần_jean_ống_rộng chụp thật của shop! Chat ngay cùng shop để biết thêm thông tin và khuyến mại của sản phẩm nhé.

🏠Địa chỉ store: CH1:329 Huỳnh Văn Bánh, P11, Phú Nhuận, TPHCM
                            CH2:107 Võ Oanh ( đường D3 cũ ), P25, Bình Thạnh, TPHCM
💌Thông tin liên lạc:
SDT: 01639736637 / 0903519006
Facebook: Jem closet (https://www.facebook.com/22.Jemcloset/)
Instagram: Jem.closet (https://www.instagram.com/jem.closet/)

# quần_jeans # jeans  # jean # ống_suông # suông # bò # quần_bò # quần_jeans_ống_suông # quần_ống_rộng # quần_jean_ống_rộng # quần jean nữ # quần lưng cao ông rộng nữ');
            
            INSERT INTO product_images (product_id, name, path) 
            VALUES (8218208006, 'SP_8218208006_1.jpg', 'images/products/8/SP_8218208006_1.jpg');
            
            INSERT INTO product_images (product_id, name, path) 
            VALUES (8218208006, 'SP_8218208006_2.jpg', 'images/products/8/SP_8218208006_2.jpg');
            
            INSERT INTO product_images (product_id, name, path) 
            VALUES (8218208006, 'SP_8218208006_3.jpg', 'images/products/8/SP_8218208006_3.jpg');
            
            INSERT INTO product_images (product_id, name, path) 
            VALUES (8218208006, 'SP_8218208006_4.jpg', 'images/products/8/SP_8218208006_4.jpg');
            
            INSERT INTO product_images (product_id, name, path) 
            VALUES (8218208006, 'SP_8218208006_5.jpg', 'images/products/8/SP_8218208006_5.jpg');
            
            INSERT INTO product_images (product_id, name, path) 
            VALUES (8218208006, 'SP_8218208006_6.jpg', 'images/products/8/SP_8218208006_6.jpg');
            
            INSERT INTO product_details (id, product_id, size, color, unique_search_id, quantity)
            VALUES (33814905165, 8218208006, 'l', 'trắng', 'aglnrt', 0);
            
            INSERT INTO product_details (id, product_id, size, color, unique_search_id, quantity)
            VALUES (33814905166, 8218208006, 'xl', 'trắng', 'aglnrtx', 3);
            
            INSERT INTO product_details (id, product_id, size, color, unique_search_id, quantity)
            VALUES (33814905167, 8218208006, 's', 'đen', 'dens', 8);
            
            INSERT INTO product_details (id, product_id, size, color, unique_search_id, quantity)
            VALUES (33814905168, 8218208006, 'm', 'đen', 'demn', 10);
            
            INSERT INTO product_details (id, product_id, size, color, unique_search_id, quantity)
            VALUES (33814905169, 8218208006, 'l', 'đen', 'deln', 0);
            
            INSERT INTO product_details (id, product_id, size, color, unique_search_id, quantity)
            VALUES (33814905170, 8218208006, 'xl', 'đen', 'delnx', 0);
            
            INSERT INTO product_details (id, product_id, size, color, unique_search_id, quantity)
            VALUES (33814905171, 8218208006, 's', 'trắng', 'agnrst', 6);
            
            INSERT INTO product_details (id, product_id, size, color, unique_search_id, quantity)
            VALUES (33814905172, 8218208006, 'm', 'trắng', 'agmnrt', 14);
            
            INSERT INTO products (id, sku, name, slug, category_id, unit_price, sale_price, preview_image_name, preview_image_path, views, description)
            VALUES (2378004955, 'SP08007', 'Quần jeans ngắn cạp cao ôm dáng thiết kế rách cá tính cho nữ', 'quan-jeans-ngan-cap-cao-om-dang-thiet-ke-rach-ca-tinh-cho-nu', 8, 159000, 221000, 'SP_2378004955_0.jpg', 'images/products/8/SP_2378004955_0.jpg', 1184, 'Thời gian giao hàng dự kiến cho sản phẩm này là từ 7-9 ngày
 
 Chào mừng đến với cửa hàng của chúng tôi !!!!
 
 * Khách hàng lưu ý ：
 1. Vui lòng liên hệ chúng tôi để được giải đáp toàn bộ thắc mắc về kích thước và những vấn đề khác trước khi đặt hàng. Chúng tôi hoan nghênh bạn trò chuyện với chúng tôi.
 2. Các sản phẩm quần áo đều có sẵn, được gửi đi trong thời gian ngắn nhất sau khi bạn đặt hàng.3. Sau khi nhận gói hàng, nếu sản phẩm có vấn đề, thiếu sản phẩm, vận chuyển chậm, chất lượng kém, sản phẩm lỗi hoặc có đề xuất gì xin liên hệ với chúng tôi trước. Vui lòng không đánh giá sản phẩm trước khi khiếu nại với cửa hàng. Chúng tôi sẽ hỗ trợ bạn giải quyết vấn đề tốt nhất có thể.
 4. Toàn bộ đơn hàng sẽ được sắp xếp để vận chuyển trong thời gian ngắn nhất theo trình tự thời gian đặt hàng. Xin cảm ơn bạn đã kiên nhẫn chờ đợi.
 
 *Kích thước
 S Chiều dài quần: 31 Vòng eo: 68 Vòng hông: 92 Vòng đùi: 62
 M Chiều dài quần: 31.5 Vòng eo: 71 Vòng hông: 96 Vòng đùi: 64
 L Chiều dài quần: 32 Vòng eo: 74 Vòng hông: 100 Vòng đùi: 66
 XL Chiều dài quần: 32.5 Vòng eo: 77 Vòng hông: 104 Vòng đùi: 68
 2XL Chiều dài quần: 33 Vòng eo: 80 Vòng hông: 108 Vòng đùi: 70
 3XL Chiều dài quần: 33.5 Vòng eo: 83 Vòng hông: 112 Vòng đùi: 72
 4XL Chiều dài quần: 34 Vòng eo: 86 Vòng hông: 116 Vòng đùi: 74
 5XL Chiều dài quần: 34.5 Vòng eo: 89 Vòng hông: 120 Vòng đùi: 76
 
 
 ● Đơn vị tính: cm 【Chuyển đổi đơn vị: 1 cm = 0.3937008 inch】
 
 *Lưu ý:
 ● Do ánh sáng chụp và màn hình khác nhau, sản phẩm nhận được có thể không giống với hình ảnh. Vui lòng ưu tiên sản phẩm thật!
 ● Kích thước chỉ mang tính chất tham khảo, có thể tồn tại sai số 2-3cm, trước khi mua hàng vui lòng kiểm tra xem kích thước sản phẩm có phù hợp với kích thước của bạn hay không.
 #denim #koreanshorts #straight #koreanfashion #shorts #womenshorts #girlsclothing #Womenclothing');
            
            INSERT INTO product_images (product_id, name, path) 
            VALUES (2378004955, 'SP_2378004955_1.jpg', 'images/products/8/SP_2378004955_1.jpg');
            
            INSERT INTO product_images (product_id, name, path) 
            VALUES (2378004955, 'SP_2378004955_2.jpg', 'images/products/8/SP_2378004955_2.jpg');
            
            INSERT INTO product_images (product_id, name, path) 
            VALUES (2378004955, 'SP_2378004955_3.jpg', 'images/products/8/SP_2378004955_3.jpg');
            
            INSERT INTO product_images (product_id, name, path) 
            VALUES (2378004955, 'SP_2378004955_4.jpg', 'images/products/8/SP_2378004955_4.jpg');
            
            INSERT INTO product_images (product_id, name, path) 
            VALUES (2378004955, 'SP_2378004955_5.jpg', 'images/products/8/SP_2378004955_5.jpg');
            
            INSERT INTO product_images (product_id, name, path) 
            VALUES (2378004955, 'SP_2378004955_6.jpg', 'images/products/8/SP_2378004955_6.jpg');
            
            INSERT INTO product_images (product_id, name, path) 
            VALUES (2378004955, 'SP_2378004955_7.jpg', 'images/products/8/SP_2378004955_7.jpg');
            
            INSERT INTO product_details (id, product_id, size, color, unique_search_id, quantity)
            VALUES (4841267843, 2378004955, 'M', 'Màu xanh nhạt', '  aaahhmmnntux', 499);
            
            INSERT INTO product_details (id, product_id, size, color, unique_search_id, quantity)
            VALUES (4841267844, 2378004955, '4XL', 'Màu xanh nhạt', '  4aaahhlmnntuxx', 500);
            
            INSERT INTO product_details (id, product_id, size, color, unique_search_id, quantity)
            VALUES (4841267845, 2378004955, 'S', 'Màu xanh nhạt', '  aaahhmnnstux', 499);
            
            INSERT INTO product_details (id, product_id, size, color, unique_search_id, quantity)
            VALUES (4841267846, 2378004955, '3XL', 'Màu xanh nhạt', '  3aaahhlmnntuxx', 500);
            
            INSERT INTO product_details (id, product_id, size, color, unique_search_id, quantity)
            VALUES (4841267847, 2378004955, '2XL', 'Màu xanh nhạt', '  2aaahhlmnntuxx', 500);
            
            INSERT INTO product_details (id, product_id, size, color, unique_search_id, quantity)
            VALUES (4841267848, 2378004955, 'XL', 'Màu xanh nhạt', '  aaahhlmnntuxx', 500);
            
            INSERT INTO product_details (id, product_id, size, color, unique_search_id, quantity)
            VALUES (4841267849, 2378004955, 'L', 'Màu xanh nhạt', '  aaahhlmnntux', 498);
            
            INSERT INTO product_details (id, product_id, size, color, unique_search_id, quantity)
            VALUES (4841267850, 2378004955, '5XL', 'Màu xanh nhạt', '  5aaahhlmnntuxx', 499);
            
            INSERT INTO products (id, sku, name, slug, category_id, unit_price, sale_price, preview_image_name, preview_image_path, views, description)
            VALUES (5866706812, 'SP08008', 'Quần Jean Ngắn Ống Rộng Lưng Cao Thời Trang Cho Bạn Nữ', 'quan-jean-ngan-ong-rong-lung-cao-thoi-trang-cho-ban-nu', 8, 132600, 221000, 'SP_5866706812_0.jpg', 'images/products/8/SP_5866706812_0.jpg', 1483, 'Thời gian giao hàng dự kiến cho sản phẩm này là từ 7-9 ngày
 
 😊Chào mừng đến với nhà Bellamy😊
 
 🌹Size Chiều dài bên ngoài Vòng hông Vòng eo
  S 32 94 64 
  M 32 98 68 
  L 33 102 72 
  XL 33 106 76 
 
 🌹Lưu ý:
 1, Màu sắc thực tế của sản phẩm có thể hơi khác so với trong hình ảnh hiển thị trên trang web gây ra bởi nhiều yếu tố như độ sáng của màn hình của bạn và độ sáng của đèn.
 2, Vui lòng cho phép sai số kích thước nhỏ (± 2cm).
 
 Chúc một ngày tốt lành!');
            
            INSERT INTO product_images (product_id, name, path) 
            VALUES (5866706812, 'SP_5866706812_1.jpg', 'images/products/8/SP_5866706812_1.jpg');
            
            INSERT INTO product_images (product_id, name, path) 
            VALUES (5866706812, 'SP_5866706812_2.jpg', 'images/products/8/SP_5866706812_2.jpg');
            
            INSERT INTO product_images (product_id, name, path) 
            VALUES (5866706812, 'SP_5866706812_3.jpg', 'images/products/8/SP_5866706812_3.jpg');
            
            INSERT INTO product_images (product_id, name, path) 
            VALUES (5866706812, 'SP_5866706812_4.jpg', 'images/products/8/SP_5866706812_4.jpg');
            
            INSERT INTO product_images (product_id, name, path) 
            VALUES (5866706812, 'SP_5866706812_5.jpg', 'images/products/8/SP_5866706812_5.jpg');
            
            INSERT INTO product_images (product_id, name, path) 
            VALUES (5866706812, 'SP_5866706812_6.jpg', 'images/products/8/SP_5866706812_6.jpg');
            
            INSERT INTO product_images (product_id, name, path) 
            VALUES (5866706812, 'SP_5866706812_7.jpg', 'images/products/8/SP_5866706812_7.jpg');
            
            INSERT INTO product_images (product_id, name, path) 
            VALUES (5866706812, 'SP_5866706812_8.jpg', 'images/products/8/SP_5866706812_8.jpg');
            
            INSERT INTO product_images (product_id, name, path) 
            VALUES (5866706812, 'SP_5866706812_9.jpg', 'images/products/8/SP_5866706812_9.jpg');
            
            INSERT INTO product_details (id, product_id, size, color, unique_search_id, quantity)
            VALUES (52178616817, 5866706812, 'M', 'wathet', 'aehmttw', 82);
            
            INSERT INTO product_details (id, product_id, size, color, unique_search_id, quantity)
            VALUES (52178616818, 5866706812, 'L', 'black', 'abckll', 76);
            
            INSERT INTO product_details (id, product_id, size, color, unique_search_id, quantity)
            VALUES (52178616819, 5866706812, 'S', 'wathet', 'aehsttw', 82);
            
            INSERT INTO product_details (id, product_id, size, color, unique_search_id, quantity)
            VALUES (52178616820, 5866706812, 'S', 'black', 'abckls', 80);
            
            INSERT INTO product_details (id, product_id, size, color, unique_search_id, quantity)
            VALUES (52178616821, 5866706812, 'XL', 'wathet', 'aehlttwx', 83);
            
            INSERT INTO product_details (id, product_id, size, color, unique_search_id, quantity)
            VALUES (52178616822, 5866706812, 'M', 'black', 'abcklm', 82);
            
            INSERT INTO product_details (id, product_id, size, color, unique_search_id, quantity)
            VALUES (52178616823, 5866706812, 'XL', 'black', 'abckllx', 79);
            
            INSERT INTO product_details (id, product_id, size, color, unique_search_id, quantity)
            VALUES (52178616824, 5866706812, 'L', 'wathet', 'aehlttw', 77);
            
            INSERT INTO products (id, sku, name, slug, category_id, unit_price, sale_price, preview_image_name, preview_image_path, views, description)
            VALUES (9925820183, 'SP08009', 'Quần jean giả váy vạt chéo hàng QCL1', 'quan-jean-gia-vay-vat-cheo-hang-qcl1', 8, 255000, 275000, 'SP_9925820183_0.jpg', 'images/products/8/SP_9925820183_0.jpg', 2100, 'Tuyệt phẩm dành cho cả nhà mình đây ạ!
Shop Gà Con Hầm Nấm 
-👉 Bán Hàng chuẩn ảnh 
👍Còn ảnh còn hàng.hàng hết sẽ về thêm liên tục ạ
👉Shop cam kết rẻ nhất và chất lượng nhất
👉Cập nhật nhanh nhất các sản phẩm hot nhất, đẹp nhất trên thị trường
🐣Đôi lúc shop trả lời chậm trễ mong khách hàng thông cảm giúp shop
🐤Shop chỉ hỗ trợ đổi size(với những mẫu có size)không đổi kiểu,không trả hàng
🐤:Sản phẩm đổi lỗi(do sản xuất) trong 3 ngày
👍 F...b: Trần Nhung(Gà Con Hầm Nấm)
👍 Đ/c:Thanh Xuân-Hà Nội
💃UY TÍN - CHẤT LƯỢNG - GIÁ RẺ 💃
🎀 Cảm ơn các bạn đã ủng hộ shop🎀
#Aoxinh #aore #bodo #vaysangchanh #bodoxinh #aobomber #aokhoac #aolentam #aocadigan #thoitrangcongai #s #thoitranghotteen #hotteen #hotgirl #dam #quanbo #quanbaggy #aosomi');
            
            INSERT INTO product_images (product_id, name, path) 
            VALUES (9925820183, 'SP_9925820183_1.jpg', 'images/products/8/SP_9925820183_1.jpg');
            
            INSERT INTO product_images (product_id, name, path) 
            VALUES (9925820183, 'SP_9925820183_2.jpg', 'images/products/8/SP_9925820183_2.jpg');
            
            INSERT INTO product_images (product_id, name, path) 
            VALUES (9925820183, 'SP_9925820183_3.jpg', 'images/products/8/SP_9925820183_3.jpg');
            
            INSERT INTO product_images (product_id, name, path) 
            VALUES (9925820183, 'SP_9925820183_4.jpg', 'images/products/8/SP_9925820183_4.jpg');
            
            INSERT INTO product_images (product_id, name, path) 
            VALUES (9925820183, 'SP_9925820183_5.jpg', 'images/products/8/SP_9925820183_5.jpg');
            
            INSERT INTO product_images (product_id, name, path) 
            VALUES (9925820183, 'SP_9925820183_6.jpg', 'images/products/8/SP_9925820183_6.jpg');
            
            INSERT INTO product_images (product_id, name, path) 
            VALUES (9925820183, 'SP_9925820183_7.jpg', 'images/products/8/SP_9925820183_7.jpg');
            
            INSERT INTO product_images (product_id, name, path) 
            VALUES (9925820183, 'SP_9925820183_8.jpg', 'images/products/8/SP_9925820183_8.jpg');
            
            INSERT INTO product_images (product_id, name, path) 
            VALUES (9925820183, 'SP_9925820183_9.jpg', 'images/products/8/SP_9925820183_9.jpg');
            
            INSERT INTO product_details (id, product_id, size, color, unique_search_id, quantity)
            VALUES (81114672733, 9925820183, 'S', 'Xanh', 'ahnsx', 16);
            
            INSERT INTO product_details (id, product_id, size, color, unique_search_id, quantity)
            VALUES (81114672734, 9925820183, 'M', 'Xanh', 'ahmnx', 11);
            
            INSERT INTO product_details (id, product_id, size, color, unique_search_id, quantity)
            VALUES (81114672735, 9925820183, 'S', 'Trắng', 'agnrst', 18);
            
            INSERT INTO product_details (id, product_id, size, color, unique_search_id, quantity)
            VALUES (81114672736, 9925820183, 'M', 'Trắng', 'agmnrt', 19);
            
            INSERT INTO product_details (id, product_id, size, color, unique_search_id, quantity)
            VALUES (81114672737, 9925820183, 'L', 'Trắng', 'aglnrt', 20);
            
            INSERT INTO product_details (id, product_id, size, color, unique_search_id, quantity)
            VALUES (81114672738, 9925820183, 'L', 'Xanh', 'ahlnx', 16);
            
            INSERT INTO product_details (id, product_id, size, color, unique_search_id, quantity)
            VALUES (81114672739, 9925820183, 'S', 'Đen', 'dens', 19);
            
            INSERT INTO product_details (id, product_id, size, color, unique_search_id, quantity)
            VALUES (81114672740, 9925820183, 'M', 'Đen', 'demn', 20);
            
            INSERT INTO product_details (id, product_id, size, color, unique_search_id, quantity)
            VALUES (81114672741, 9925820183, 'L', 'Đen', 'deln', 16);
            
            INSERT INTO products (id, sku, name, slug, category_id, unit_price, sale_price, preview_image_name, preview_image_path, views, description)
            VALUES (4419534923, 'SP08010', 'FS50K_Quần Jeans Nữ Ống Rộng SIMPLE JEANS Cao Cấp OHS3010', 'fs50k_quan-jeans-nu-ong-rong-simple-jeans-cao-cap-ohs3010', 8, 114000, 200000, 'SP_4419534923_0.jpg', 'images/products/8/SP_4419534923_0.jpg', 120909, '🔰  CHÍNH SÁCH: 
Là khách hàng của OhBataVN, bạn sẽ được: 
👉 FREESHIP hoặc hỗ trợ 40K cho đơn hàng từ 99K.
👉 Cam kết chất lượng và mẫu mã sản phẩm giống với hình ảnh.
👉 Hoàn tiền nếu sản phẩm không giống với mô tả.
👉 Cam kết được đổi trả hàng trong vòng 2 ngày.

🔰  THÔNG TIN CHI TIẾT
🎗 Xuất xứ: Việt Nam
🎗 Màu sắc: Xanh Denim
🎗 Chất liệu: Vải Jeans đẹp và dày dặn - không ra màu khi giặt
🎗 Đường chỉ may tinh tế và tỉ mỉ 🏆
🎗 Kích thước: 3 Size S,M,L tương ứng: (Chiều dài khoảng 87-90 cm)
+ S (Từ 38 đến 43kg): vòng 2 60-64 vòng 3 75-82
+ M (Từ 44 đến 47kg): vòng 2 65-69 vòng 3 83-86
+ L (Từ 48 đến 52kg): vòng 2 70-73 vòng 3 87-90
=> Cân nặng và chiều cao chỉ mang tính chất tham khảo, các bạn nên đo theo số vòng cho chính xác nhất
#Quầnjeansốngrộng #quanjeanongrong #quanjeanongloe #quanjeanongsuong #quanbaggy #quanbaggyjeans #jeans #ohbata #quanjeans');
            
            INSERT INTO product_images (product_id, name, path) 
            VALUES (4419534923, 'SP_4419534923_1.jpg', 'images/products/8/SP_4419534923_1.jpg');
            
            INSERT INTO product_images (product_id, name, path) 
            VALUES (4419534923, 'SP_4419534923_2.jpg', 'images/products/8/SP_4419534923_2.jpg');
            
            INSERT INTO product_images (product_id, name, path) 
            VALUES (4419534923, 'SP_4419534923_3.jpg', 'images/products/8/SP_4419534923_3.jpg');
            
            INSERT INTO product_images (product_id, name, path) 
            VALUES (4419534923, 'SP_4419534923_4.jpg', 'images/products/8/SP_4419534923_4.jpg');
            
            INSERT INTO product_images (product_id, name, path) 
            VALUES (4419534923, 'SP_4419534923_5.jpg', 'images/products/8/SP_4419534923_5.jpg');
            
            INSERT INTO product_images (product_id, name, path) 
            VALUES (4419534923, 'SP_4419534923_6.jpg', 'images/products/8/SP_4419534923_6.jpg');
            
            INSERT INTO product_images (product_id, name, path) 
            VALUES (4419534923, 'SP_4419534923_7.jpg', 'images/products/8/SP_4419534923_7.jpg');
            
            INSERT INTO product_images (product_id, name, path) 
            VALUES (4419534923, 'SP_4419534923_8.jpg', 'images/products/8/SP_4419534923_8.jpg');
            
            INSERT INTO product_images (product_id, name, path) 
            VALUES (4419534923, 'SP_4419534923_9.jpg', 'images/products/8/SP_4419534923_9.jpg');
            
            INSERT INTO product_details (id, product_id, size, color, unique_search_id, quantity)
            VALUES (14481316856, 4419534923, 'Size S', 'Xanh Nhạt', '  aaehhinnsstxz', 122);
            
            INSERT INTO product_details (id, product_id, size, color, unique_search_id, quantity)
            VALUES (14481316857, 4419534923, 'Size M', 'Xanh Nhạt', '  aaehhimnnstxz', 142);
            
            INSERT INTO product_details (id, product_id, size, color, unique_search_id, quantity)
            VALUES (14481316858, 4419534923, 'Size L', 'Xanh Nhạt', '  aaehhilnnstxz', 241);
            
            INSERT INTO product_details (id, product_id, size, color, unique_search_id, quantity)
            VALUES (14481316859, 4419534923, 'Size S', 'Xanh Đậm', '  aadehimnssxz', 379);
            
            INSERT INTO product_details (id, product_id, size, color, unique_search_id, quantity)
            VALUES (14481316860, 4419534923, 'Size M', 'Xanh Đậm', '  aadehimmnsxz', 370);
            
            INSERT INTO product_details (id, product_id, size, color, unique_search_id, quantity)
            VALUES (14481316861, 4419534923, 'Size L', 'Xanh Đậm', '  aadehilmnsxz', 392);
            
            INSERT INTO products (id, sku, name, slug, category_id, unit_price, sale_price, preview_image_name, preview_image_path, views, description)
            VALUES (2568024703, 'SP08011', 'Quần jeans túi hộp ống rộng style ulzzang J53', 'quan-jeans-tui-hop-ong-rong-style-ulzzang-j53', 8, 290000, 325000, 'SP_2568024703_0.jpg', 'images/products/8/SP_2568024703_0.jpg', 3656, '_________________
CHAIKO STUDIO
📮Direct để được tư vấn và đặt hàng
📮 Order 5-7 ngày
📮 Tuyển CTV và sỉ
📮 Có ship hàng qua shopee');
            
            INSERT INTO product_images (product_id, name, path) 
            VALUES (2568024703, 'SP_2568024703_1.jpg', 'images/products/8/SP_2568024703_1.jpg');
            
            INSERT INTO product_images (product_id, name, path) 
            VALUES (2568024703, 'SP_2568024703_2.jpg', 'images/products/8/SP_2568024703_2.jpg');
            
            INSERT INTO product_images (product_id, name, path) 
            VALUES (2568024703, 'SP_2568024703_3.jpg', 'images/products/8/SP_2568024703_3.jpg');
            
            INSERT INTO product_images (product_id, name, path) 
            VALUES (2568024703, 'SP_2568024703_4.jpg', 'images/products/8/SP_2568024703_4.jpg');
            
            INSERT INTO product_details (id, product_id, size, color, unique_search_id, quantity)
            VALUES (5711029656, 2568024703, 'S', 'Xanh', 'ahnsx', 17);
            
            INSERT INTO product_details (id, product_id, size, color, unique_search_id, quantity)
            VALUES (5711029657, 2568024703, 'M', 'Xanh', 'ahmnx', 17);
            
            INSERT INTO product_details (id, product_id, size, color, unique_search_id, quantity)
            VALUES (5711029658, 2568024703, 'L', 'Xanh', 'ahlnx', 17);
            
            INSERT INTO products (id, sku, name, slug, category_id, unit_price, sale_price, preview_image_name, preview_image_path, views, description)
            VALUES (7380271296, 'SP08012', 'Quần jean nữ Choobe lưng cao baggy bò trơn rách gối phong cách thời trang - QJ08', 'quan-jean-nu-choobe-lung-cao-baggy-bo-tron-rach-goi-phong-cach-thoi-trang-qj08', 8, 195000, 300000, 'SP_7380271296_0.jpg', 'images/products/8/SP_7380271296_0.jpg', 5751, 'Quần jean nữ Choobe lưng cao baggy bò trơn rách gối phong cách thời trang
Choobe chuyên cung cấp quần áo, phụ kiện thời trang nữ. 
Cam kết giá tốt nhất thị trường, chất lượng đảm bảo. 
Uy tín được đảm bảo qua hàng vạn đơn hàng trên khắp cả nước
Đổi trả trong vòng 7 ngày nếu hàng lỗi, sai mẫu cho quý khách.
Hàng sản xuất tại Việt Nam, trên dây chuyền xuất khẩu cao cấp
👑 Choobe - 𝓒𝓗𝓞𝓞se us to 𝓑𝓔 your signature 
-------------------------------
THÔNG TIN SẢN PHẨM
- Quần jeans nữ với thiết kế mới thời trang hơn, mang lại sự tự tin tối đa cho người mặc trước những người xung quanh 
- Quần may bằng vải cao cấp, ít co giãn
- Dáng quần bò nữ  trẻ trung form cực chuẩn cho người mặc 
- Màu sắc chuẩn được nhuộm kỹ đến hai lần giúp hạn chế tối đa việc phai màu khi sử dụng. 
* Hàng có đủ size S, M, L: Ống 16, cạp 30cm
- Size S: Eo 68 , Mông 96, Dài 92, Đùi 54 cm
- Size M: Eo 70 , Mông 99, Dài 92, Đùi 55 cm
- Size L: Eo 72 , Mông 102, Dài 92, Đùi 56 cm
* Bảng size chỉ mang tính chất tham khảo, tùy thuộc vào số đo cơ thể và chất liệu vải khác nhau sẽ có sự chênh lệch nhất định. 
* Màu sắc vải sản phẩm có thể sẽ chênh lệch thực tế một phần nhỏ, do ảnh hưởng về độ lệch màu của ánh sáng nhưng vẫn đảm bảo chất lượng.
-------------------------------
* HƯỚNG DẪN SỬ DỤNG QUẦN JEAN NỮ CHOOBE
- Trước khi sử dụng nên ngâm với nước lạnh pha muối loãng, giấm ăn hoặc phèn chua ít nhất 12 tiếng.
- Tốt nhất nên giặt tay và không nên chà mạnh bằng bàn chải có sợi cứng. 
- Nếu giặt máy, nên chọn chế độ giặt nhẹ và sản phẩm có chất vải phù hợp để bảo quản được lâu. 
- Không nên sử dụng chất giặt tẩy. 
- Không nên ngâm chung với trang phục ra bị màu. 
- Không nên giặt quá thường xuyên và hạn chế dùng bột giặt
- Tránh phơi với ánh nắng trực tiếp. 
- Ủi (là) sản phẩm nếu cần và cài đặt nhiệt độ bàn ủi (là) phù hợp với từng loại vải.
-------------------------------
* CHOOBE CAM KẾT: 
- Choobe không bán hàng giả, hàng nhái, chất lượng luôn là hàng đầu để shop có thể phát triển thương hiệu và vươn xa. 
- Quần jean nữ 100% giống mô tả
- Tư vấn nhiệt tình, chu đáo luôn lắng nghe khách hàng để phục vụ tốt. 
- Giao hàng nhanh đúng tiến độ không phải để quý khách chờ đợi lâu để nhận hàng. 
-------------------------------
 Đổi trả theo đúng quy định của Shopee 
1. Điều kiện áp dụng (trong vòng 07 ngày kể từ khi nhận sản phẩm): 
- Hàng hoá vẫn còn mới, chưa qua sử dụng 
- Hàng hóa hư hỏng do vận chuyển hoặc do nhà sản xuất. 
2. Trường hợp được chấp nhận: 
- Hàng không đúng size, kiểu dáng như quý khách đặt hàng 
- Không đủ số lượng, không đủ bộ như trong đơn hàng
3. Trường hợp không đủ điều kiện áp dụng chính sách:
 - Quá 07 ngày kể từ khi Quý khách nhận hàng 
 - Gửi lại hàng không đúng mẫu mã, không phải hàng của Choobe
 - Đặt nhầm sản phẩm, chủng loại, không thích, không hợp,...
-------------------------------
Ấn Like và theo dõi để ủng hộ shop và tham khảo các sản phẩm mới của shop, Choobe rất hân hạnh được phục vụ quý khách
#choobe #quan #jean #jeans #bo #thoi #trang #nu #rin #quanjean #quanjeannu #jeannu #lung #cao #baggy #baggyjean #jeanbaggy ');
            
            INSERT INTO product_images (product_id, name, path) 
            VALUES (7380271296, 'SP_7380271296_1.jpg', 'images/products/8/SP_7380271296_1.jpg');
            
            INSERT INTO product_images (product_id, name, path) 
            VALUES (7380271296, 'SP_7380271296_2.jpg', 'images/products/8/SP_7380271296_2.jpg');
            
            INSERT INTO product_images (product_id, name, path) 
            VALUES (7380271296, 'SP_7380271296_3.jpg', 'images/products/8/SP_7380271296_3.jpg');
            
            INSERT INTO product_images (product_id, name, path) 
            VALUES (7380271296, 'SP_7380271296_4.jpg', 'images/products/8/SP_7380271296_4.jpg');
            
            INSERT INTO product_images (product_id, name, path) 
            VALUES (7380271296, 'SP_7380271296_5.jpg', 'images/products/8/SP_7380271296_5.jpg');
            
            INSERT INTO product_images (product_id, name, path) 
            VALUES (7380271296, 'SP_7380271296_6.jpg', 'images/products/8/SP_7380271296_6.jpg');
            
            INSERT INTO product_images (product_id, name, path) 
            VALUES (7380271296, 'SP_7380271296_7.jpg', 'images/products/8/SP_7380271296_7.jpg');
            
            INSERT INTO product_images (product_id, name, path) 
            VALUES (7380271296, 'SP_7380271296_8.jpg', 'images/products/8/SP_7380271296_8.jpg');
            
            INSERT INTO product_images (product_id, name, path) 
            VALUES (7380271296, 'SP_7380271296_9.jpg', 'images/products/8/SP_7380271296_9.jpg');
            
            INSERT INTO product_details (id, product_id, size, color, unique_search_id, quantity)
            VALUES (73857814947, 7380271296, 'S', 'XANH ĐẬM', ' aadhmnsx', 8);
            
            INSERT INTO product_details (id, product_id, size, color, unique_search_id, quantity)
            VALUES (73857814948, 7380271296, 'M', 'XANH ĐẬM', ' aadhmmnx', 7);
            
            INSERT INTO product_details (id, product_id, size, color, unique_search_id, quantity)
            VALUES (73857814949, 7380271296, 'L', 'XANH ĐẬM', ' aadhlmnx', 6);
            
            INSERT INTO product_details (id, product_id, size, color, unique_search_id, quantity)
            VALUES (73857814950, 7380271296, 'S', 'XANH NHẠT', ' aahhnnstx', 5);
            
            INSERT INTO product_details (id, product_id, size, color, unique_search_id, quantity)
            VALUES (73857814951, 7380271296, 'M', 'XANH NHẠT', ' aahhmnntx', 9);
            
            INSERT INTO product_details (id, product_id, size, color, unique_search_id, quantity)
            VALUES (73857814952, 7380271296, 'L', 'XANH NHẠT', ' aahhlnntx', 9);
            
            INSERT INTO products (id, sku, name, slug, category_id, unit_price, sale_price, preview_image_name, preview_image_path, views, description)
            VALUES (7455188574, 'SP08013', 'Quần jean baggy nữ ulzzang trơn thời trang FMstyle Saigon 21QJB04AS0201- 21QJB03AS0901', 'quan-jean-baggy-nu-ulzzang-tron-thoi-trang-fmstyle-saigon-21qjb04as0201-21qjb03as0901', 8, 145000, 189000, 'SP_7455188574_0.jpg', 'images/products/8/SP_7455188574_0.jpg', 6880, 'Sản phẩm: Quần jean baggy nữ ulzzang trơn thời trang FMstyle Saigon 
Mã sản phẩm: 20QJB12TD1403
- Màu sắc sản phẩm: xanh 
- Quần jean có 3 size : 
+Size S: 40 - 45kg , Cao dưới 1m70 (EO tối đa 66cm, DÀI 89cm)  
+Size M: dưới 50kg, Cao dưới 1m70 (EO tối đa 70cm, DÀI 91cm)
+Size L: dưới 53kg, Cao dưới 1m70 (EO tối đa 74cm, DÀI 93cm)
- Xuất xứ: Sản xuất ở Việt Nam              
     
Sản phẩm quần jean baggy nữ, một chiếc quần hội tụ sự yêu thích vì sao?
- Chất vải dày dặn, đứng form, màu sắc bụi bặm để bạn có thể tha hồ mix&match với nhiều phong cách khác nhau
- Với thiết kế lưng siêu cao, form ngố suôn nhẹ từ đùi xuống chân hoặc trên mắt cá để ăn gian chiều cao, là 1 lựa chọn hoàn hảo với cô nàng tự ti về đôi chân của mình đó

Mua đồ tại Fmstyle Saigon có yên tâm không? 
- Fmstyle Saigon cam kết 100% hình ảnh sản phẩm là ảnh thật do shop tự chụp và giữ bản quyền hình ảnh
- Sản phẩm được kiểm tra kĩ càng, cẩn thận và tư vấn nhiệt tình trước khi gói hàng giao cho Quý Khách
- Hàng có sẵn, giao hàng ngay khi nhận được đơn
- Cam kết 100% đổi Size nếu sản phẩm khách đặt không vừa 
- Shop hỗ trợ đổi sang sản phẩm khác cùng giá hoặc cao hơn nếu khách có nhu cầu đổi mẫu khác.

Hướng dẫn sử dụng sản phẩm 
- Lần đầu đem về chỉ xả nước lạnh rồi phơi khô để đảm bảo chất và màu của sản phẩm nhé 
- Nhớ lộn trái sản phẩm khi giặt và không giặt ngâm 
- Không giặt máy trong 2 tuần đầu
- Không sử dụng thuốc tẩy 
- Khi phơi lộn trái và không phơi trực tiếp dưới ánh nắng mặt trời
Lưu ý:
1.Điều kiện áp dụng đổi hàng
-Thời gian đổi hàng trong vòng 03 ngày kể từ khi nhận hàng.
-Hàng đổi phải còn nguyên tem, nhãn mác, chưa qua sử dụng
-Khách hàng được đổi sản phẩm theo yêu cầu kích cỡ hoặc kiểu dáng hoặc do lỗi sản xuất, lỗi kỹ thuật.
-Sản phẩm đổi phải có giá trị tương đương hoặc cao hơn giá trị hàng đã mua trước đó.
2.Những trường hợp không đủ điều kiện đổi hàng
-Không đáp ứng các điều kiện đổi hàng như đã nêu trên
-Hàng nhìn còn mới, còn nguyên tem mác nhưng có dấu hiệu bị bẩn, bị trầy xước, các phụ kiện của hàng không còn đầy đủ hoặc bị hư hại do các tác nhân bên ngoài cửa hàng sau khi mua.
-Sản phẩm bị hỏng do lỗi phía khách hàng: Không tuân thủ đúng hướng dẫn sử dụng sản phẩm, phai màu do giặt chung với các sản phẩm khác, sản phẩm bị hỏng do sửa chữa tại nơi khác….
-Khách hàng không được đổi lại sản phẩm khi sản phẩm không có bất kì lỗi kĩ thuật nào, đúng size, đúng mẫu…
3.Do màn hình và điều kiện ánh sáng khác nhau, màu sắc thực tế của sản phẩm có thể chênh lệch khoảng 3-5%
4.Nếu có bất kì khiếu nại cần Shop hỗ trợ về sản phẩm, khi mở sản phẩm các Chị vui lòng quay lại video quá trình mở sản phẩm để được đảm bảo 100% đổi lại sản phẩm mới nếu Shop giao bị lỗi.
#quan #unisex #re #dai #simple  #nu #ong #baggy #fmstyle  #rách  #trơn #zin #jean #jeans #rin #jin #jeannu #quanbonu #quanbo #quanrin #quandenim #quạneanongrongnu  #quanjockernu #quanjeanongrongnu #quannuongrong #quan_bo');
            
            INSERT INTO product_images (product_id, name, path) 
            VALUES (7455188574, 'SP_7455188574_1.jpg', 'images/products/8/SP_7455188574_1.jpg');
            
            INSERT INTO product_images (product_id, name, path) 
            VALUES (7455188574, 'SP_7455188574_2.jpg', 'images/products/8/SP_7455188574_2.jpg');
            
            INSERT INTO product_images (product_id, name, path) 
            VALUES (7455188574, 'SP_7455188574_3.jpg', 'images/products/8/SP_7455188574_3.jpg');
            
            INSERT INTO product_images (product_id, name, path) 
            VALUES (7455188574, 'SP_7455188574_4.jpg', 'images/products/8/SP_7455188574_4.jpg');
            
            INSERT INTO product_images (product_id, name, path) 
            VALUES (7455188574, 'SP_7455188574_5.jpg', 'images/products/8/SP_7455188574_5.jpg');
            
            INSERT INTO product_images (product_id, name, path) 
            VALUES (7455188574, 'SP_7455188574_6.jpg', 'images/products/8/SP_7455188574_6.jpg');
            
            INSERT INTO product_images (product_id, name, path) 
            VALUES (7455188574, 'SP_7455188574_7.jpg', 'images/products/8/SP_7455188574_7.jpg');
            
            INSERT INTO product_details (id, product_id, size, color, unique_search_id, quantity)
            VALUES (80948849932, 7455188574, 'M', 'Nhạt', 'ahmnt', 0);
            
            INSERT INTO product_details (id, product_id, size, color, unique_search_id, quantity)
            VALUES (80948849933, 7455188574, 'L', 'Nhạt', 'ahlnt', 0);
            
            INSERT INTO product_details (id, product_id, size, color, unique_search_id, quantity)
            VALUES (80948849934, 7455188574, 'L', 'Đậm ', ' adlm', 3);
            
            INSERT INTO product_details (id, product_id, size, color, unique_search_id, quantity)
            VALUES (80948849935, 7455188574, 'S', 'Nhạt', 'ahnst', 0);
            
            INSERT INTO product_details (id, product_id, size, color, unique_search_id, quantity)
            VALUES (80948849936, 7455188574, 'S', 'Đậm ', ' adms', 0);
            
            INSERT INTO product_details (id, product_id, size, color, unique_search_id, quantity)
            VALUES (80948849937, 7455188574, 'M', 'Đậm ', ' admm', 6);
            
            INSERT INTO products (id, sku, name, slug, category_id, unit_price, sale_price, preview_image_name, preview_image_path, views, description)
            VALUES (8038603929, 'SP09001', '[Mã WABRWA8 giảm 15% đơn 99k] Quần Jogger Hisexy Nữ Dài Ống Rộng Có Bo Simple Ulzzang', 'ma-wabrwa8-giam-15percent-don-99k-quan-jogger-hisexy-nu-dai-ong-rong-co-bo-simple-ulzzang', 9, 89000, 139000, 'SP_8038603929_0.jpg', 'images/products/9/SP_8038603929_0.jpg', 8960, 'Quần jogger simple  - chất thun dày dặn form rộng siêu xinh, thấm hút mồ hôi cực tốt. Hè đến chỉ có mặc croptop với jogger vừa năng động lại thoải mái thôi.
Hướng dẫn chọn size:
-Size M: Dưới 55kg ~ Cao dưới 1m60
-Size L: từ 56-65kg ~ Cao 1m61-1m70
-Size XL: từ 66kg-77kg ~ Cao 1m71-1m8
-----------------------------
Lưu ý: 
+ Bảng size chart chỉ mang tính chất tham khảo, tùy thuộc vào số đo cơ thể và chất liệu vải khác nhau sẽ có sự chênh lệch nhất định.
+ Màu sắc vải/ sản phẩm có thể sẽ chênh lệch thực tế một phần nhỏ, do ảnh hưởng về độ lệch màu của ánh sáng nhưng vẫn đảm bảo chất lượng.
+ Cam kết 100% đổi Size nếu sản phẩm khách đặt không vừa (hỗ trợ đổi size trong vòng 7 ngày)
+ Shop hỗ trợ đổi sang sản phẩm khác cùng giá hoặc cao hơn nếu khách có nhu cầu đổi mẫu khác.
+ Nếu có bất kì khiếu nại cần Shop hỗ trợ về sản phẩm, khi mở sản phẩm các Chị vui lòng quay lại video quá trình mở sản phẩm để được đảm bảo 100% đổi lại sản phẩm mới nếu Shop giao bị lỗi.
+ Các Chị nhận được sản phẩm, vui lòng đánh giá giúp Shop để hưởng thêm nhiều ưu đãi hơn nhé.
#tunistore #aothun #aokhoac #sethoodie #simplejean #hoodie #ulzzang ');
            
            INSERT INTO product_images (product_id, name, path) 
            VALUES (8038603929, 'SP_8038603929_1.jpg', 'images/products/9/SP_8038603929_1.jpg');
            
            INSERT INTO product_images (product_id, name, path) 
            VALUES (8038603929, 'SP_8038603929_2.jpg', 'images/products/9/SP_8038603929_2.jpg');
            
            INSERT INTO product_images (product_id, name, path) 
            VALUES (8038603929, 'SP_8038603929_3.jpg', 'images/products/9/SP_8038603929_3.jpg');
            
            INSERT INTO product_images (product_id, name, path) 
            VALUES (8038603929, 'SP_8038603929_4.jpg', 'images/products/9/SP_8038603929_4.jpg');
            
            INSERT INTO product_images (product_id, name, path) 
            VALUES (8038603929, 'SP_8038603929_5.jpg', 'images/products/9/SP_8038603929_5.jpg');
            
            INSERT INTO product_images (product_id, name, path) 
            VALUES (8038603929, 'SP_8038603929_6.jpg', 'images/products/9/SP_8038603929_6.jpg');
            
            INSERT INTO product_images (product_id, name, path) 
            VALUES (8038603929, 'SP_8038603929_7.jpg', 'images/products/9/SP_8038603929_7.jpg');
            
            INSERT INTO product_images (product_id, name, path) 
            VALUES (8038603929, 'SP_8038603929_8.jpg', 'images/products/9/SP_8038603929_8.jpg');
            
            INSERT INTO product_images (product_id, name, path) 
            VALUES (8038603929, 'SP_8038603929_9.jpg', 'images/products/9/SP_8038603929_9.jpg');
            
            INSERT INTO product_details (id, product_id, size, color, unique_search_id, quantity)
            VALUES (25223339519, 8038603929, 'M (<55kg', 'Xám', ' (55<agkmmx', 57);
            
            INSERT INTO product_details (id, product_id, size, color, unique_search_id, quantity)
            VALUES (25223339520, 8038603929, 'XL (<77kg', 'Xám', ' (77<agklmxx', 97);
            
            INSERT INTO product_details (id, product_id, size, color, unique_search_id, quantity)
            VALUES (25223339521, 8038603929, 'M (<55kg', 'Trắng', ' (55<aggkmnrt', 86);
            
            INSERT INTO product_details (id, product_id, size, color, unique_search_id, quantity)
            VALUES (25223339522, 8038603929, 'L (<65kg', 'Trắng', ' (56<aggklnrt', 91);
            
            INSERT INTO product_details (id, product_id, size, color, unique_search_id, quantity)
            VALUES (25223339523, 8038603929, 'L (<65kg', 'Tan', ' (56<agklnt', 0);
            
            INSERT INTO product_details (id, product_id, size, color, unique_search_id, quantity)
            VALUES (25223339524, 8038603929, 'L (<65kg', 'Hồng', ' (56<gghklno', 98);
            
            INSERT INTO product_details (id, product_id, size, color, unique_search_id, quantity)
            VALUES (25223339525, 8038603929, 'M (<55kg', 'Đen', ' (55<degkmn', 73);
            
            INSERT INTO product_details (id, product_id, size, color, unique_search_id, quantity)
            VALUES (25223339526, 8038603929, 'XL (<77kg', 'Trắng', ' (77<aggklnrtx', 97);
            
            INSERT INTO product_details (id, product_id, size, color, unique_search_id, quantity)
            VALUES (25223339527, 8038603929, 'XL (<77kg', 'Tan', ' (77<agklntx', 0);
            
            INSERT INTO product_details (id, product_id, size, color, unique_search_id, quantity)
            VALUES (25223339528, 8038603929, 'L (<65kg', 'Xanh Đậu', '  (56<aadghklnux', 0);
            
            INSERT INTO product_details (id, product_id, size, color, unique_search_id, quantity)
            VALUES (25223339529, 8038603929, 'XL (<77kg', 'Xanh Đậu', '  (77<aadghklnuxx', 98);
            
            INSERT INTO product_details (id, product_id, size, color, unique_search_id, quantity)
            VALUES (34695180887, 8038603929, 'XL (<77kg', 'Xanh Dương', '  (77<adgghklnnouxx', 92);
            
            INSERT INTO product_details (id, product_id, size, color, unique_search_id, quantity)
            VALUES (34695180888, 8038603929, 'XL (<77kg', 'Hồng', ' (77<gghklnox', 97);
            
            INSERT INTO product_details (id, product_id, size, color, unique_search_id, quantity)
            VALUES (34695180889, 8038603929, 'L (<65kg', 'Xám', ' (56<agklmx', 84);
            
            INSERT INTO product_details (id, product_id, size, color, unique_search_id, quantity)
            VALUES (34695180890, 8038603929, 'L (<65kg', 'Đen', ' (56<degkln', 74);
            
            INSERT INTO product_details (id, product_id, size, color, unique_search_id, quantity)
            VALUES (34695180891, 8038603929, 'XL (<77kg', 'Đen', ' (77<degklnx', 93);
            
            INSERT INTO product_details (id, product_id, size, color, unique_search_id, quantity)
            VALUES (34695180892, 8038603929, 'M (<55kg', 'Tan', ' (55<agkmnt', 0);
            
            INSERT INTO product_details (id, product_id, size, color, unique_search_id, quantity)
            VALUES (34695180893, 8038603929, 'M (<55kg', 'Xanh Dương', '  (55<adgghkmnnoux', 97);
            
            INSERT INTO product_details (id, product_id, size, color, unique_search_id, quantity)
            VALUES (34695180894, 8038603929, 'L (<65kg', 'Xanh Dương', '  (56<adgghklnnoux', 0);
            
            INSERT INTO product_details (id, product_id, size, color, unique_search_id, quantity)
            VALUES (34695180895, 8038603929, 'M (<55kg', 'Xanh Đậu', '  (55<aadghkmnux', 92);
            
            INSERT INTO product_details (id, product_id, size, color, unique_search_id, quantity)
            VALUES (34695180896, 8038603929, 'M (<55kg', 'Hồng', ' (55<gghkmno', 96);
            
            INSERT INTO products (id, sku, name, slug, category_id, unit_price, sale_price, preview_image_name, preview_image_path, views, description)
            VALUES (4772129155, 'SP09002', 'Quần thun caro co dãn 4 chiều', 'quan-thun-caro-co-dan-4-chieu', 9, 35000, 55000, 'SP_4772129155_0.jpg', 'images/products/9/SP_4772129155_0.jpg', 128, 'QUẦN THUN CARO CO DÃN 4 CHIỀU
 * sai S từ 40-60kg
* sai M từ 55-70kg
cam kết không phai, không xù theo thời gian');
            
            INSERT INTO product_images (product_id, name, path) 
            VALUES (4772129155, 'SP_4772129155_1.jpg', 'images/products/9/SP_4772129155_1.jpg');
            
            INSERT INTO product_images (product_id, name, path) 
            VALUES (4772129155, 'SP_4772129155_2.jpg', 'images/products/9/SP_4772129155_2.jpg');
            
            INSERT INTO product_images (product_id, name, path) 
            VALUES (4772129155, 'SP_4772129155_3.jpg', 'images/products/9/SP_4772129155_3.jpg');
            
            INSERT INTO product_images (product_id, name, path) 
            VALUES (4772129155, 'SP_4772129155_4.jpg', 'images/products/9/SP_4772129155_4.jpg');
            
            INSERT INTO product_images (product_id, name, path) 
            VALUES (4772129155, 'SP_4772129155_5.jpg', 'images/products/9/SP_4772129155_5.jpg');
            
            INSERT INTO product_images (product_id, name, path) 
            VALUES (4772129155, 'SP_4772129155_6.jpg', 'images/products/9/SP_4772129155_6.jpg');
            
            INSERT INTO product_details (id, product_id, size, color, unique_search_id, quantity)
            VALUES (42955566328, 4772129155, 'M', 'Đen', 'demn', 0);
            
            INSERT INTO product_details (id, product_id, size, color, unique_search_id, quantity)
            VALUES (42955566329, 4772129155, 'S', 'Xanh dương', ' adghnnosux', 0);
            
            INSERT INTO product_details (id, product_id, size, color, unique_search_id, quantity)
            VALUES (42955566330, 4772129155, 'S', 'Xanh lá', ' aahlnsx', 1);
            
            INSERT INTO product_details (id, product_id, size, color, unique_search_id, quantity)
            VALUES (42955566331, 4772129155, 'M', 'Đỏ', 'dmo', 0);
            
            INSERT INTO product_details (id, product_id, size, color, unique_search_id, quantity)
            VALUES (42955566332, 4772129155, 'M', 'Vàng', 'agmnv', 2);
            
            INSERT INTO product_details (id, product_id, size, color, unique_search_id, quantity)
            VALUES (42955566333, 4772129155, 'S', 'Đen', 'dens', 0);
            
            INSERT INTO product_details (id, product_id, size, color, unique_search_id, quantity)
            VALUES (42955566334, 4772129155, 'M', 'Xanh lá', ' aahlmnx', 1);
            
            INSERT INTO product_details (id, product_id, size, color, unique_search_id, quantity)
            VALUES (42955566335, 4772129155, 'S', 'Đỏ', 'dos', 0);
            
            INSERT INTO product_details (id, product_id, size, color, unique_search_id, quantity)
            VALUES (42955566336, 4772129155, 'S', 'Vàng', 'agnsv', 1);
            
            INSERT INTO product_details (id, product_id, size, color, unique_search_id, quantity)
            VALUES (42955566337, 4772129155, 'M', 'Xanh dương', ' adghmnnoux', 0);
            
            INSERT INTO products (id, sku, name, slug, category_id, unit_price, sale_price, preview_image_name, preview_image_path, views, description)
            VALUES (5584334748, 'SP09003', 'QUẦN THUN LẠNH LY NHỎ', 'quan-thun-lanh-ly-nho', 9, 83000, 83000, 'SP_5584334748_0.jpg', 'images/products/9/SP_5584334748_0.jpg', 31528, 'Nhìn chất phê phê là 
Thun lạnh cao cấp quảng châu đó ạ 
Hiếm lắm nó mới sale chứ bt toàn 5xx
Giờ còn có ~ 1/4 có phải hời k cơ chứ 👍👍👍

Fullsize S M L nha ce
❌ Hàng chuẩn vải QC full  màu nhé ce ơi');
            
            INSERT INTO product_images (product_id, name, path) 
            VALUES (5584334748, 'SP_5584334748_1.jpg', 'images/products/9/SP_5584334748_1.jpg');
            
            INSERT INTO product_images (product_id, name, path) 
            VALUES (5584334748, 'SP_5584334748_2.jpg', 'images/products/9/SP_5584334748_2.jpg');
            
            INSERT INTO product_images (product_id, name, path) 
            VALUES (5584334748, 'SP_5584334748_3.jpg', 'images/products/9/SP_5584334748_3.jpg');
            
            INSERT INTO product_images (product_id, name, path) 
            VALUES (5584334748, 'SP_5584334748_4.jpg', 'images/products/9/SP_5584334748_4.jpg');
            
            INSERT INTO product_images (product_id, name, path) 
            VALUES (5584334748, 'SP_5584334748_5.jpg', 'images/products/9/SP_5584334748_5.jpg');
            
            INSERT INTO product_images (product_id, name, path) 
            VALUES (5584334748, 'SP_5584334748_6.jpg', 'images/products/9/SP_5584334748_6.jpg');
            
            INSERT INTO product_images (product_id, name, path) 
            VALUES (5584334748, 'SP_5584334748_7.jpg', 'images/products/9/SP_5584334748_7.jpg');
            
            INSERT INTO product_images (product_id, name, path) 
            VALUES (5584334748, 'SP_5584334748_8.jpg', 'images/products/9/SP_5584334748_8.jpg');
            
            INSERT INTO product_images (product_id, name, path) 
            VALUES (5584334748, 'SP_5584334748_9.jpg', 'images/products/9/SP_5584334748_9.jpg');
            
            INSERT INTO product_details (id, product_id, size, color, unique_search_id, quantity)
            VALUES (44598879087, 5584334748, 'sz S', 'Đen', ' denssz', 0);
            
            INSERT INTO product_details (id, product_id, size, color, unique_search_id, quantity)
            VALUES (44598879088, 5584334748, 'sz S', 'Be', ' bessz', 0);
            
            INSERT INTO product_details (id, product_id, size, color, unique_search_id, quantity)
            VALUES (44598879089, 5584334748, 'sz M', 'Be', ' bemsz', 0);
            
            INSERT INTO product_details (id, product_id, size, color, unique_search_id, quantity)
            VALUES (44598879090, 5584334748, 'sz L', 'Be', ' belsz', 0);
            
            INSERT INTO product_details (id, product_id, size, color, unique_search_id, quantity)
            VALUES (44598879091, 5584334748, 'sz M', 'Nâu', ' amnsuz', 0);
            
            INSERT INTO product_details (id, product_id, size, color, unique_search_id, quantity)
            VALUES (44598879092, 5584334748, 'sz L', 'Xanh rêu', '  aehlnrsuxz', 0);
            
            INSERT INTO product_details (id, product_id, size, color, unique_search_id, quantity)
            VALUES (44598879093, 5584334748, 'sz M', 'Đen', ' demnsz', 0);
            
            INSERT INTO product_details (id, product_id, size, color, unique_search_id, quantity)
            VALUES (44598879094, 5584334748, 'sz S', 'Nâu', ' anssuz', 0);
            
            INSERT INTO product_details (id, product_id, size, color, unique_search_id, quantity)
            VALUES (44598879095, 5584334748, 'sz M', 'Xanh rêu', '  aehmnrsuxz', 0);
            
            INSERT INTO product_details (id, product_id, size, color, unique_search_id, quantity)
            VALUES (44598879096, 5584334748, 'sz L', 'Đen', ' delnsz', 0);
            
            INSERT INTO product_details (id, product_id, size, color, unique_search_id, quantity)
            VALUES (44598879097, 5584334748, 'sz L', 'Nâu', ' alnsuz', 0);
            
            INSERT INTO product_details (id, product_id, size, color, unique_search_id, quantity)
            VALUES (44598879098, 5584334748, 'sz S', 'Xanh rêu', '  aehnrssuxz', 0);
            
            INSERT INTO product_details (id, product_id, size, color, unique_search_id, quantity)
            VALUES (74723061430, 5584334748, 'sz S', 'Đen', ' denssz', 67);
            
            INSERT INTO product_details (id, product_id, size, color, unique_search_id, quantity)
            VALUES (74723061431, 5584334748, 'SZ M.', 'Đen', ' .demnsz', 58);
            
            INSERT INTO product_details (id, product_id, size, color, unique_search_id, quantity)
            VALUES (74723061432, 5584334748, 'SZ M.', 'Xanh rêu', '  .aehmnrsuxz', 86);
            
            INSERT INTO product_details (id, product_id, size, color, unique_search_id, quantity)
            VALUES (74723061433, 5584334748, 'SZ M.', 'Be', ' .bemsz', 71);
            
            INSERT INTO product_details (id, product_id, size, color, unique_search_id, quantity)
            VALUES (74723061434, 5584334748, 'SZ L.', 'Nâu', ' .alnsuz', 87);
            
            INSERT INTO product_details (id, product_id, size, color, unique_search_id, quantity)
            VALUES (74723061435, 5584334748, 'sz S', 'Xanh rêu', '  aehnrssuxz', 90);
            
            INSERT INTO product_details (id, product_id, size, color, unique_search_id, quantity)
            VALUES (74723061436, 5584334748, 'SZ L.', 'Đen', ' .delnsz', 20);
            
            INSERT INTO product_details (id, product_id, size, color, unique_search_id, quantity)
            VALUES (74723061437, 5584334748, 'sz S', 'Be', ' bessz', 81);
            
            INSERT INTO product_details (id, product_id, size, color, unique_search_id, quantity)
            VALUES (74723061438, 5584334748, 'SZ L.', 'Xanh rêu', '  .aehlnrsuxz', 78);
            
            INSERT INTO product_details (id, product_id, size, color, unique_search_id, quantity)
            VALUES (74723061439, 5584334748, 'SZ L.', 'Be', ' .belsz', 68);
            
            INSERT INTO product_details (id, product_id, size, color, unique_search_id, quantity)
            VALUES (74723061440, 5584334748, 'sz S', 'Nâu', ' anssuz', 93);
            
            INSERT INTO product_details (id, product_id, size, color, unique_search_id, quantity)
            VALUES (74723061441, 5584334748, 'SZ M.', 'Nâu', ' .amnsuz', 89);
            
            INSERT INTO products (id, sku, name, slug, category_id, unit_price, sale_price, preview_image_name, preview_image_path, views, description)
            VALUES (5438368890, 'SP09004', '[Mã WASKT304 giảm 15% tối đa 30K đơn 99K] Quần thun dài nữ rách gối ulzzang IRU -ẢNH THẬT-', 'ma-waskt304-giam-15percent-toi-da-30k-don-99k-quan-thun-dai-nu-rach-goi-ulzzang-iru-anh-that-', 9, 77000, 130000, 'SP_5438368890_0.jpg', 'images/products/9/SP_5438368890_0.jpg', 5881, 'Chiếc quần suông rách gối siêu hack dáng với chất thun da cá mịn,mix cùng croptop hay tee là đã có ngay outfit ra ngoài cực đẹp rồi đó.
Size: M L XL.
🎈 Hướng dẫn chọn size:
-Size M: Dưới 55kg ~ Cao dưới 1m60
-Size L: từ 56-65kg ~ Cao 1m61-1m70
-Size XL: từ 66kg-77kg ~ Cao 1m71-1m8
*Lưu ý: Bảng size mang tính chất tham khảo tương đối, phù hợp với 90% khách hàng khi mua hàng tại Tuni.

Hiện nay trên thị trường có rất nhiều Shop khác sử dụng hình ảnh sản phẩm của SHOP TUNI để bán các sản phẩm không đảm bảo chất lượng. Cùng 1 sản phẩm, cùng 1 màu, ảnh giống nhau nhưng chất lượng sản phẩm, chất lượng dịch vụ sẽ khác nhau.
Do vậy các bạn hãy CỰC KÌ cân nhắc khi mua để tránh trường hợp sản phẩm không chất lượng nhé. TUNI STORE tự tin là nhà bán hàng tận tâm để Quý shop gửi gắm niềm tin:
➊ 100% hình ảnh là chụp thật do shop tự chụp.
➋ Giá luôn tốt nhất, xứng tiền. Tư vấn tận tâm chi tiết nhất.
➌ Đổi trả miễn phí nếu khách hàng không hài lòng với sản phẩm & dịch vụ tại Tuni.
➍ Tất cả sản phẩm tại shop đều được bảo hành 365 ngày.
➎ Nhận gia công/thiết kế theo mẫu riêng biệt.

✔️✔️✔️ Đội ngũ TUNI STORE luôn muốn mang tới cho các shop các sản phẩm chất lượng nhất, đáng tiền nhất.
#tunistore #aothun #aokhoac #sethoodie #simplejean #hoodie #ulzzang 
');
            
            INSERT INTO product_images (product_id, name, path) 
            VALUES (5438368890, 'SP_5438368890_1.jpg', 'images/products/9/SP_5438368890_1.jpg');
            
            INSERT INTO product_images (product_id, name, path) 
            VALUES (5438368890, 'SP_5438368890_2.jpg', 'images/products/9/SP_5438368890_2.jpg');
            
            INSERT INTO product_images (product_id, name, path) 
            VALUES (5438368890, 'SP_5438368890_3.jpg', 'images/products/9/SP_5438368890_3.jpg');
            
            INSERT INTO product_images (product_id, name, path) 
            VALUES (5438368890, 'SP_5438368890_4.jpg', 'images/products/9/SP_5438368890_4.jpg');
            
            INSERT INTO product_images (product_id, name, path) 
            VALUES (5438368890, 'SP_5438368890_5.jpg', 'images/products/9/SP_5438368890_5.jpg');
            
            INSERT INTO product_images (product_id, name, path) 
            VALUES (5438368890, 'SP_5438368890_6.jpg', 'images/products/9/SP_5438368890_6.jpg');
            
            INSERT INTO product_images (product_id, name, path) 
            VALUES (5438368890, 'SP_5438368890_7.jpg', 'images/products/9/SP_5438368890_7.jpg');
            
            INSERT INTO product_images (product_id, name, path) 
            VALUES (5438368890, 'SP_5438368890_8.jpg', 'images/products/9/SP_5438368890_8.jpg');
            
            INSERT INTO product_images (product_id, name, path) 
            VALUES (5438368890, 'SP_5438368890_9.jpg', 'images/products/9/SP_5438368890_9.jpg');
            
            INSERT INTO product_details (id, product_id, size, color, unique_search_id, quantity)
            VALUES (21010208581, 5438368890, 'M', 'Đen', 'demn', 0);
            
            INSERT INTO product_details (id, product_id, size, color, unique_search_id, quantity)
            VALUES (21010208582, 5438368890, 'L', 'Đen', 'deln', 0);
            
            INSERT INTO product_details (id, product_id, size, color, unique_search_id, quantity)
            VALUES (21010208583, 5438368890, 'XL', 'Đen', 'delnx', 14);
            
            INSERT INTO product_details (id, product_id, size, color, unique_search_id, quantity)
            VALUES (21010208584, 5438368890, 'M', 'Xám', 'ammx', 0);
            
            INSERT INTO product_details (id, product_id, size, color, unique_search_id, quantity)
            VALUES (21010208585, 5438368890, 'L', 'Xám', 'almx', 0);
            
            INSERT INTO product_details (id, product_id, size, color, unique_search_id, quantity)
            VALUES (21010208586, 5438368890, 'XL', 'Xám', 'almxx', 1);
            
            INSERT INTO products (id, sku, name, slug, category_id, unit_price, sale_price, preview_image_name, preview_image_path, views, description)
            VALUES (3783767373, 'SP09005', 'QUẦN THUN BIKER HÀNG XUẤT XỊN - CHẤT THUN DÀY MỊN - BẢNG LƯNG THUN TO - LYSTORE', 'quan-thun-biker-hang-xuat-xin-chat-thun-day-min-bang-lung-thun-to-lystore', 9, 145000, 165000, 'SP_3783767373_0.jpg', 'images/products/9/SP_3783767373_0.jpg', 76, '💌 𝗡𝗛𝗔̆́𝗡 𝗧𝗜𝗡 𝐜𝐡𝐨 𝐬𝐡𝐨𝐩 đ𝐞̂̉ đ𝐮̛𝐨̛̣𝐜 𝐭𝐮̛ 𝐯𝐚̂́𝐧 𝐯𝐚̀ đ𝐚̣̆𝐭 𝐡𝐚̀𝐧𝐠 𝐧𝐡𝐚𝐧𝐡 𝐧𝐡𝐚̂́𝐭
📍 Đ𝐈̣𝐀 𝐂𝐇𝐈̉: 𝟏𝟐𝟖 𝐍𝐆𝐔𝐘𝐄̂̃𝐍 𝐆𝐈𝐀 𝐓𝐑𝐈́ ( 𝐃𝟐 𝐂𝐔̃ ), 𝐏𝟐𝟓, 𝐁𝐈̀𝐍𝐇 𝐓𝐇𝐀̣𝐍𝐇
📞 𝟎𝟑𝟐 𝟗𝟎𝟓 𝟑𝟔𝟑𝟕 - 𝟎𝟑𝟓 𝟕𝟗𝟓 𝟎𝟎𝟓𝟔 ( 𝟗𝐡 -𝟐𝟐𝐡 )

🍀 Fanpage: Ly Store
https://www.facebook.com/lystorevn
🍀 Instagram: lystore_vnxk
https://www.instagram.com/ailie.official
🍀 Shopee: Ly Store
https://shopee.vn/lystore120

❌❌ QUY ĐỊNH ĐỔI HÀNG TẠI #LYSTORE
- Shop hỗ trợ đổi miễn phí với những sản phẩm bị lỗi do nhà sản xuất, giao sai mẫu,v.v , quý khách vui lòng báo shop trong vòng 24h kể từ khi nhận hàng.
- Shop chỉ hỗ trợ đổi size đối với sp có size, không đổi màu và mẫu
Nếu hết size, khách đổi sang màu khác cùng mẫu hoặc mẫu khác, tiền ship khách hàng phải chịu 2 chiều.
- Chỉ nhận đổi với những sp chưa qua sử dụng , còn đầy đủ tag.

📸HÌNH SẢN PHẨM THẬT DO SHOP TỰ CHỤP
Khách vui lòng ko hỏi ảnh thật nữa ạ! Màu sắc sp có thể đậm hoặc nhạt hơn ảnh do ánh sáng và độ phân giải màn hình.
Màu sắc chênh lệch ko đáng kể, shop ko nhận đổi trả hàng vì lí do màu sắc đậm, nhạt hơn ảnh.
CẢM ƠN KHÁCH IU ĐÃ ỦNG HỘ SHOP Ạ <3 ');
            
            INSERT INTO product_images (product_id, name, path) 
            VALUES (3783767373, 'SP_3783767373_1.jpg', 'images/products/9/SP_3783767373_1.jpg');
            
            INSERT INTO product_images (product_id, name, path) 
            VALUES (3783767373, 'SP_3783767373_2.jpg', 'images/products/9/SP_3783767373_2.jpg');
            
            INSERT INTO product_images (product_id, name, path) 
            VALUES (3783767373, 'SP_3783767373_3.jpg', 'images/products/9/SP_3783767373_3.jpg');
            
            INSERT INTO product_images (product_id, name, path) 
            VALUES (3783767373, 'SP_3783767373_4.jpg', 'images/products/9/SP_3783767373_4.jpg');
            
            INSERT INTO product_images (product_id, name, path) 
            VALUES (3783767373, 'SP_3783767373_5.jpg', 'images/products/9/SP_3783767373_5.jpg');
            
            INSERT INTO product_images (product_id, name, path) 
            VALUES (3783767373, 'SP_3783767373_6.jpg', 'images/products/9/SP_3783767373_6.jpg');
            
            INSERT INTO product_images (product_id, name, path) 
            VALUES (3783767373, 'SP_3783767373_7.jpg', 'images/products/9/SP_3783767373_7.jpg');
            
            INSERT INTO product_images (product_id, name, path) 
            VALUES (3783767373, 'SP_3783767373_8.jpg', 'images/products/9/SP_3783767373_8.jpg');
            
            INSERT INTO product_images (product_id, name, path) 
            VALUES (3783767373, 'SP_3783767373_9.jpg', 'images/products/9/SP_3783767373_9.jpg');
            
            INSERT INTO product_details (id, product_id, size, color, unique_search_id, quantity)
            VALUES (54466119452, 3783767373, 'L', 'XÁM', 'almx', 2);
            
            INSERT INTO product_details (id, product_id, size, color, unique_search_id, quantity)
            VALUES (54466119453, 3783767373, 'XL', 'XÁM', 'almxx', 0);
            
            INSERT INTO product_details (id, product_id, size, color, unique_search_id, quantity)
            VALUES (54466119454, 3783767373, 'S', 'DEN', 'dens', 4);
            
            INSERT INTO product_details (id, product_id, size, color, unique_search_id, quantity)
            VALUES (54466119455, 3783767373, 'M', 'DEN', 'demn', 4);
            
            INSERT INTO product_details (id, product_id, size, color, unique_search_id, quantity)
            VALUES (54466119456, 3783767373, 'L', 'DEN', 'deln', 2);
            
            INSERT INTO product_details (id, product_id, size, color, unique_search_id, quantity)
            VALUES (54466119457, 3783767373, 'XL', 'DEN', 'delnx', 0);
            
            INSERT INTO product_details (id, product_id, size, color, unique_search_id, quantity)
            VALUES (54466119458, 3783767373, 'S', 'XÁM', 'amsx', 5);
            
            INSERT INTO product_details (id, product_id, size, color, unique_search_id, quantity)
            VALUES (54466119459, 3783767373, 'M', 'XÁM', 'ammx', 4);
            
            INSERT INTO products (id, sku, name, slug, category_id, unit_price, sale_price, preview_image_name, preview_image_path, views, description)
            VALUES (4950412665, 'SP09006', 'Quần Short Nữ 3 Sọc Phối Màu Thun Unisex Gam Màu Pastel - Quần Short Đùi Sooc Thun 3 Line Color Leevin Store', 'quan-short-nu-3-soc-phoi-mau-thun-unisex-gam-mau-pastel-quan-short-dui-sooc-thun-3-line-color-leevin-store', 9, 79000, 138000, 'SP_4950412665_0.jpg', 'images/products/9/SP_4950412665_0.jpg', 16482, 'Quần Short Nữ 3 Sọc Phối Màu Thun Unisex Gam Màu Pastel - Quần Short Đùi Sooc Thun 3 Line Color Leevin Store

💯 Sản phẩm có kèm HÌNH THẬT nhé ạ 💯
🌈 CHAT NGAY với Shop để nhận thông tin KHUYẾN MẠI và FREE SHIP nhé ạ

✔️ Shop luôn kiểm tra lại sản phẩm cẩn thận trước khi đóng gói (Trường hợp bạn nhận được sản phẩm lỗi rất rất ít ạ, Nếu sản phẩm bị lỗi shop sẽ gửi ngay sản phẩm mới MIỄN PHÍ cho bạn ạ)

🌈 BẢNG SIZE
Size M: từ 40 - 49kg, Cao dưới 1m55
Size L: từ 50 - 55kg , Cao 1m55 - 1m60
Size XL: từ 56 - 65 kg, Cao : 1m60 – 1m70
Ngoài cân nặng và chiều cao, Bạn tham khảo thêm các số đo quần trong phần hình ảnh để lựa size chuẩn nhất ạ.
(CHAT NGAY với Shop để Shop tư vấn size cho bạn nhé)

✈ Quần Short 3 Sọc Phối Màu Unisex Nam Nữ
🍭 Chất liệu: Cotton thun dệt dày dặn, thấm hút mồ hôi, mặt vải mịn
🇰🇷 Quần dáng suông mềm mại được phối 3 sọc ở 2 bên, phối các màu cá tính
🌸 Mặt vải co dãn nên thoải mái vận động, thấm hút mồ hôi, thoáng mát
- Đường kim mũi chỉ cẩn thận, chắc chắn
- Sản phẩm cắt chỉ rất tỉ mỉ, gần như không có chỉ thừa
🥑 Shop luôn bỏ sản phẩm ra kiểm tra lại trước khi đóng gói (gần như rất rất ít đơn vị khác làm công đoạn này)
Nên sản phẩm bạn nhận được gần như không có lỗi
🌼 Hình chi tiết sản phẩm Shop tự chụp.
🌸 Shop đặt SX và bán tại KHO nên có giá cả tốt nhất và ưu đãi nhất ạ 😘

️🏅 Shop luôn đặt Chất Lượng Sản Phẩm và Dịch Vụ Khách Hàng làm ƯU TIÊN HÀNG ĐẦU
💯 Nếu nhận sản phẩm về bạn mặc không vừa, Shop hỗ trợ đổi size / đổi màu thoải mái ạ!
💯 Nếu Bạn không ưng Bạn được Trả lại sản phẩm, Shop hoàn lại tiền 100% ạ. Mọi chi phí trả lại shop sẽ chi trả ạ. (Bạn nhớ Inbox ngay cho shop nếu không ưng ý ạ)
💯 Dạ nếu như bạn nhận được sản phẩm lỗi, Shop luôn sẵn sàng gửi sản phẩm mới đổi lại cho bạn!
💯 Nếu shop giao nhầm sản phẩm, hoặc giao thiếu sản phẩm Bạn Inbox Ngay cho shop để shop giao sản phẩm đổi lại, hoặc shop giao bù sản phẩm mới hoặc Hoàn Tiền cho bạn Ngay ạ (Bạn nhớ quay lại video hoặc chụp hình đơn hàng trước khi khui gói hàng ạ)
💯Nếu cần hỗ trợ bất kì điều gì bạn hãy Inbox Ngay hoặc Gọi Ngay vào số Hotline của shop ạ! Shop luôn sẵn sàng hỗ trợ tối đa nhất khi có thể!

🏪 Leevin Store
☎️ Hotline: 0328.625.928
🛒 Shopee: leevin.store
--------------------------------------------
Quần Short Nữ 3 Sọc Phối Màu Thun Unisex Gam Màu Pastel - Quần Short Đùi Sooc Thun 3 Line Color Leevin Store
#leevin #leevinstore #unisex #streetstyle #streetwear #thoitrangunisex #quanaosunisex #quanshortunisex #quanshortheyyou #quanshortnam #quanduiunisex #quanduinam #quanduihinhthu #quanduinuunisex #quansoocnu #quansoocnam #quanlungnu');
            
            INSERT INTO product_images (product_id, name, path) 
            VALUES (4950412665, 'SP_4950412665_1.jpg', 'images/products/9/SP_4950412665_1.jpg');
            
            INSERT INTO product_images (product_id, name, path) 
            VALUES (4950412665, 'SP_4950412665_2.jpg', 'images/products/9/SP_4950412665_2.jpg');
            
            INSERT INTO product_images (product_id, name, path) 
            VALUES (4950412665, 'SP_4950412665_3.jpg', 'images/products/9/SP_4950412665_3.jpg');
            
            INSERT INTO product_images (product_id, name, path) 
            VALUES (4950412665, 'SP_4950412665_4.jpg', 'images/products/9/SP_4950412665_4.jpg');
            
            INSERT INTO product_images (product_id, name, path) 
            VALUES (4950412665, 'SP_4950412665_5.jpg', 'images/products/9/SP_4950412665_5.jpg');
            
            INSERT INTO product_images (product_id, name, path) 
            VALUES (4950412665, 'SP_4950412665_6.jpg', 'images/products/9/SP_4950412665_6.jpg');
            
            INSERT INTO product_images (product_id, name, path) 
            VALUES (4950412665, 'SP_4950412665_7.jpg', 'images/products/9/SP_4950412665_7.jpg');
            
            INSERT INTO product_images (product_id, name, path) 
            VALUES (4950412665, 'SP_4950412665_8.jpg', 'images/products/9/SP_4950412665_8.jpg');
            
            INSERT INTO product_images (product_id, name, path) 
            VALUES (4950412665, 'SP_4950412665_9.jpg', 'images/products/9/SP_4950412665_9.jpg');
            
            INSERT INTO product_details (id, product_id, size, color, unique_search_id, quantity)
            VALUES (21774436735, 4950412665, 'XL', 'Đen 3 Sọc Trắng', '   3acdeglnnorstx', 73);
            
            INSERT INTO product_details (id, product_id, size, color, unique_search_id, quantity)
            VALUES (21774436736, 4950412665, 'M', 'Đen 3 Sọc Trắng', '   3acdegmnnorst', 86);
            
            INSERT INTO product_details (id, product_id, size, color, unique_search_id, quantity)
            VALUES (21774436737, 4950412665, 'L', 'Đen 3 Sọc Trắng', '   3acdeglnnorst', 42);
            
            INSERT INTO product_details (id, product_id, size, color, unique_search_id, quantity)
            VALUES (21774436738, 4950412665, 'M', 'Trắng 3 Sọc NhiềuMàu', '   3aaceghimmnnorstuu', 122);
            
            INSERT INTO product_details (id, product_id, size, color, unique_search_id, quantity)
            VALUES (21774436739, 4950412665, 'L', 'Trắng 3 Sọc NhiềuMàu', '   3aaceghilmnnorstuu', 123);
            
            INSERT INTO product_details (id, product_id, size, color, unique_search_id, quantity)
            VALUES (21774436740, 4950412665, 'M', 'Đen 3 Sọc Nhiều Màu', '    3acdeehimmnnosuu', 85);
            
            INSERT INTO product_details (id, product_id, size, color, unique_search_id, quantity)
            VALUES (21774436741, 4950412665, 'L', 'Hồng 3 Sọc Trắng', '   3acgghlnnoorst', 0);
            
            INSERT INTO product_details (id, product_id, size, color, unique_search_id, quantity)
            VALUES (21774436742, 4950412665, 'XL', 'Hồng 3 Sọc Trắng', '   3acgghlnnoorstx', 0);
            
            INSERT INTO product_details (id, product_id, size, color, unique_search_id, quantity)
            VALUES (21774436743, 4950412665, 'M', 'Hồng 3 Sọc Nhiều Màu', '    3aceghhimmnnoosuu', 105);
            
            INSERT INTO product_details (id, product_id, size, color, unique_search_id, quantity)
            VALUES (21774436744, 4950412665, 'L', 'Hồng 3 Sọc Nhiều Màu', '    3aceghhilmnnoosuu', 109);
            
            INSERT INTO product_details (id, product_id, size, color, unique_search_id, quantity)
            VALUES (70859510580, 4950412665, 'L', 'Đen 3 Sọc Nhiều Màu', '    3acdeehilmnnosuu', 88);
            
            INSERT INTO product_details (id, product_id, size, color, unique_search_id, quantity)
            VALUES (70859510581, 4950412665, 'M', 'Hồng 3 Sọc Trắng', '   3acgghmnnoorst', 0);
            
            INSERT INTO product_details (id, product_id, size, color, unique_search_id, quantity)
            VALUES (70859510582, 4950412665, 'XL', 'Hồng 3 Sọc Nhiều Màu', '    3aceghhilmnnoosuux', 102);
            
            INSERT INTO product_details (id, product_id, size, color, unique_search_id, quantity)
            VALUES (70859510583, 4950412665, 'XL', 'Trắng 3 Sọc NhiềuMàu', '   3aaceghilmnnorstuux', 139);
            
            INSERT INTO product_details (id, product_id, size, color, unique_search_id, quantity)
            VALUES (70859510584, 4950412665, 'XL', 'Đen 3 Sọc Nhiều Màu', '    3acdeehilmnnosuux', 82);
            
            INSERT INTO products (id, sku, name, slug, category_id, unit_price, sale_price, preview_image_name, preview_image_path, views, description)
            VALUES (1800557145, 'SP09007', 'Quần Jogger Thun Gân AGE2X hàng VNXK chất lượng cao hàng xuất đi 3 miền nhiều năm liền với chất lượng 3 KHÔNG', 'quan-jogger-thun-gan-age2x-hang-vnxk-chat-luong-cao-hang-xuat-di-3-mien-nhieu-nam-lien-voi-chat-luong-3-khong', 9, 127500, 159000, 'SP_1800557145_0.jpg', 'images/products/9/SP_1800557145_0.jpg', 1632, 'QUẦN JOGGER THUN GÂN AGE2X
HÀNG #AGE2X khách yên tâm về chất lượng, hàng xuất đi 3 miền nhiều năm liền với chất lượng 3 không: 
(không độc hại, không ra màu, không mất phom khi giặt máy)

✔️Tên sản phẩm:  QUẦN JOGGER THUN GÂN AGE2X
✔️Chất liệu: 83% cotton, 10% spendex, 7% polyester
✔️Form: Unisex Chung cho cả Nam & Nữ
✔️Size: M<55kg, L<65kg, XL<75kg
✔️Màu sắc: 3 màu cơ bản Đen, Xám Đốm, Lính

KIỂU DÁNG NĂNG ĐỘNG CHO MỌI CÔ GÁI
(Về quần jogger bo gân AGE2X)
✔️QUẦN JOGGER THUN GÂN là sản phẩm với chất liệu bo gân co giãn nên luôn đem lại sự thoải mái, phong cách sport, năng động và tràn đầy sinh lực cho người mặc.
✔️Đường may chỉnh chu tệp màu chỉ , giúp người mặc tự tin hơn 
✔️2 túi xéo đựng được kha khá thứ lỉnh kỉnh 
✔️Mặc cùng áo Thun trơn , áo thun phom rộng , phối cùng giày sneaker , converse sẽ là gợi ý tốt nhất
✔️Chất thun BO GÂN với thành phần là đa phần sợi COTTON giúp tản nhiệt mồ hôi tốt
✔️Co giãn thoải mái nhưng chẳng làm mất phom khi giặt tay hay GIẶT MÁY.

CHẤT LIỆU MỀM, THOẢI MÁI KHI HOẠT ĐỘNG
✔️Vài dầy, mềm, co giãn và thấm hút mồ hội tốt.
✔️Chất liệu Vải Thun Bo Gân 
✔️Thoáng mát với (83% cotton)
✔️Co giãn tốt với (10% spendex)
✔️Bền vật lý cao với (7% polyester)

THÔNG SỐ NGƯỜI MẪU
✔️Chiều cao: 1m70
✔️Cân nặng: 60kg
✔️Mặc Quần Size: L<55KG

HƯỚNG DẪN CHỌN SIZE  NỮ
                             CHIỀU CAO    VÒNG MÔNG

✔️Size M<55kg     1,50-1,65m       80-94cm
✔️Size L<65kg      1,60-1,68m       85-98cm
✔️Size XL<75kg    1,65-1,73m       89-102cm

CHÍNH SÁCH HOÀN/TRẢ HÀNG:
✔️100% hàng chính hãng.
✔️Miễn phí ô trả hàng trong vòng 7 ngày.
✔️Màu sắc vải/ sản phẩm có thể sẽ chênh lệch thực tế một phần nhỏ, do ảnh hưởng về độ lệch màu của ánh sáng nhưng vẫn đảm bảo chất lượng.
✔️Cam kết 100% đổi Size nếu sản phẩm khách đặt không vừa.
✔️Shop hỗ trợ đổi sang sản phẩm khác cùng giá hoặc cao hơn nếu khách có nhu cầu đổi mẫu khác.

CÁCH THỨC MUA HÀNG:
✔️Ship COD > nhận hàng > Hài lòng > Giao tiền$
✔️Mua hàng trực tiếp:
112/47 Bùi Quang Là, P.12, Q.Gò Vấp,TPHCM
SĐT: (0944 673 446 có Zalo, Viber)

HƯỚNG DẪN SỬ DỤNG
✔️Giặt máy ở nhiệt độ thường.
✔️Không sử dụng hóa chất tẩy có chứa clo.
✔️Nên Phơi ở nơi có ánh nắng nhẹ hoặc trong bóng mát.
✔️Sấy khô, nhẹ nhàng.
✔️Là ủi ở nhiệt độ thấp 110 độ c.
✔️Giặt với sản phẩm cùng màu.

THÔNG TIN THƯƠNG HIỆU
✔️Sau hơn 10 năm có mặt tại Việt Nam, Sản phẩm mang thương hiệu AGE2X đã được nhiều thế hệ người Việt tin dùng. Với tiêu chuẩn nghiêm ngặt theo chuẩn hàng VNXK từ xơ sợi tới may và xử lý hoàn thiện.
✔️100% sản phẩm được chứng nhận bởi viện dệt may Việt Nam KHÔNG CHỨA FORMALDEHYDE gây hại cho da ,ảnh hưởng đến sức khỏe người dùng
✔️Với hệ thống cửa hàng và đại lý phân phối khắp toàn quốc, chúng tôi luôn mong muốn đem lại những sản phẩm, dịch vụ chất lượng nhất tới khách hàng.
✔️Sản phẩm được thiết kế, sản xuất và phân phối độc quyền bởi:
VELVET FASHION CO.,LTD
MST: 0313192973
112/47 Bùi Quang Là, P.12,Gò vấp, TPHCM');
            
            INSERT INTO product_images (product_id, name, path) 
            VALUES (1800557145, 'SP_1800557145_1.jpg', 'images/products/9/SP_1800557145_1.jpg');
            
            INSERT INTO product_images (product_id, name, path) 
            VALUES (1800557145, 'SP_1800557145_2.jpg', 'images/products/9/SP_1800557145_2.jpg');
            
            INSERT INTO product_images (product_id, name, path) 
            VALUES (1800557145, 'SP_1800557145_3.jpg', 'images/products/9/SP_1800557145_3.jpg');
            
            INSERT INTO product_images (product_id, name, path) 
            VALUES (1800557145, 'SP_1800557145_4.jpg', 'images/products/9/SP_1800557145_4.jpg');
            
            INSERT INTO product_images (product_id, name, path) 
            VALUES (1800557145, 'SP_1800557145_5.jpg', 'images/products/9/SP_1800557145_5.jpg');
            
            INSERT INTO product_images (product_id, name, path) 
            VALUES (1800557145, 'SP_1800557145_6.jpg', 'images/products/9/SP_1800557145_6.jpg');
            
            INSERT INTO product_images (product_id, name, path) 
            VALUES (1800557145, 'SP_1800557145_7.jpg', 'images/products/9/SP_1800557145_7.jpg');
            
            INSERT INTO product_images (product_id, name, path) 
            VALUES (1800557145, 'SP_1800557145_8.jpg', 'images/products/9/SP_1800557145_8.jpg');
            
            INSERT INTO product_images (product_id, name, path) 
            VALUES (1800557145, 'SP_1800557145_9.jpg', 'images/products/9/SP_1800557145_9.jpg');
            
            INSERT INTO product_details (id, product_id, size, color, unique_search_id, quantity)
            VALUES (16733557401, 1800557145, 'M', 'Đen', 'demn', 115);
            
            INSERT INTO product_details (id, product_id, size, color, unique_search_id, quantity)
            VALUES (16733557402, 1800557145, 'L', 'Đen', 'deln', 39);
            
            INSERT INTO product_details (id, product_id, size, color, unique_search_id, quantity)
            VALUES (16733557403, 1800557145, 'XL', 'Đen', 'delnx', 16);
            
            INSERT INTO product_details (id, product_id, size, color, unique_search_id, quantity)
            VALUES (16733557404, 1800557145, 'M', 'Xám Đốm', ' admmmox', 90);
            
            INSERT INTO product_details (id, product_id, size, color, unique_search_id, quantity)
            VALUES (16733557405, 1800557145, 'L', 'Xám Đốm', ' adlmmox', 45);
            
            INSERT INTO product_details (id, product_id, size, color, unique_search_id, quantity)
            VALUES (16733557406, 1800557145, 'XL', 'Xám Đốm', ' adlmmoxx', 8);
            
            INSERT INTO product_details (id, product_id, size, color, unique_search_id, quantity)
            VALUES (16733557407, 1800557145, 'M', 'Xanh Lính', ' ahhilmnnx', 0);
            
            INSERT INTO product_details (id, product_id, size, color, unique_search_id, quantity)
            VALUES (16733557408, 1800557145, 'L', 'Xanh Lính', ' ahhillnnx', 0);
            
            INSERT INTO product_details (id, product_id, size, color, unique_search_id, quantity)
            VALUES (16733557409, 1800557145, 'XL', 'Xanh Lính', ' ahhillnnxx', 0);
            
            INSERT INTO product_details (id, product_id, size, color, unique_search_id, quantity)
            VALUES (33555034276, 1800557145, 'L', 'Borip đen sọc trắng', '   abcdegilnnooprrst', 46);
            
            INSERT INTO product_details (id, product_id, size, color, unique_search_id, quantity)
            VALUES (33555034277, 1800557145, 'XL', 'Borip đen sọc trắng', '   abcdegilnnooprrstx', 0);
            
            INSERT INTO product_details (id, product_id, size, color, unique_search_id, quantity)
            VALUES (33555034278, 1800557145, 'M', 'Borip đen sọc trắng', '   abcdegimnnooprrst', 50);
            
            INSERT INTO products (id, sku, name, slug, category_id, unit_price, sale_price, preview_image_name, preview_image_path, views, description)
            VALUES (9802432291, 'SP09008', 'Quần short thun Unisex, quần đùi nam nữ cá tính QS24', 'quan-short-thun-unisex,-quan-dui-nam-nu-ca-tinh-qs24', 9, 79000, 100000, 'SP_9802432291_0.jpg', 'images/products/9/SP_9802432291_0.jpg', 25812, '
THÔNG TIN SẢN PHẨM :
-Tên sản phẩm: Quần short thun nam nữ unisex
-Xuất xứ: Việt Nam 
-Chất liệu: Thun cotton da cá DÀY MỀM MỊN MÁT không xù lông. Form chuẩn UNISEX cực đẹp.
-Size: 
+Size M: Lưng: 53cm - Dài: 45cm - Ống quần: 50cm (Dưới 1m60 - 50kg)
+Size L: Lưng: 60cm - Dài: 50cm - Ống quần: 58cm (Dưới 1m75 - 70kg)
Chú ý: Đây chỉ là thông số tham khảo mà khách shop hay chọn size. Shop đã cung cấp số đo chính xác của quần, bạn có thể tự do số đo bản thân để lựa chọn size dài ngắn vừa ý nhé.


Thời trang Unisex đang trở thành một phong cách thời trang được ưa chuộng bậc nhất trong làng thời trang.
Quần Áo Unisex là những loại trang phục, quần áo, phụ kiện - mà cả nam và nữ đều có thể mặc, chung 1 bộ size, các loại trang phục unisex thường có form rộng, chẳng hạn như áo thun unisex, quần short unisex, áo hoodie, sweater unisex…
Bạn nào thích phong cách unisex thì không thể bỏ qua quần short unisex. Quần short unisex thường là kiểu quần ống rộng và được trang trí thêm một số chi tiết như túi, khoá kéo, hoạ tiết,...
Kết hợp chúng với một chiếc áo thun tay lỡ unisex, áo thun tay dài sweater,... thì quả là một sự kết hợp tuyệt vời.
Vậy bạn đã có một chiếc quần short thun unisex trong tủ quần áo của mình chưa ? Nếu chưa thì mời bạn tham khảo sản phẩm của Yinxx - Xưởng thời trang unisex nhé!


Không phải bất cứ loại quần short thun unisex giá rẻ nào cũng có chất lượng kém. 
Yinxx kiểm soát chất lượng và sản xuất trực tiếp, không qua trung gian môi giới cùng với đó là sự nâng cao năng suất và những công nghệ dệt may hiện đại như Công nghệ Nhật Bản sẽ giúp giảm chi phí sản xuất, dẫn đến giá thành giảm. 
Do đó, trước khi quyết định lựa chọn phong cách unisex hãy tìm hiểu thật kĩ từng thương hiệu trên thị trường và lựa chọn cho mình một thương hiệu uy tín để đặt niềm tin của bạn.

Khách hàng có thể an tâm khi mua Quần áo Unisex tại Yinxx bởi:
+ Cam kết về chất lượng sản phẩm, Shop cam kết cả về CHẤT LIỆU cũng như HÌNH ẢNH (đúng với những gì được nêu bật trong phần mô tả sản phẩm).
+ Giá thời trang unisex cạnh tranh, thấp nhất thị trường và được bảo hành theo quy định với từng sản phẩm, được đổi trả hàng lỗi trong vòng 14 ngày kể từ khi mua hàng.
+ Yinxx - Xưởng thời trang unisex tại HCM và trên cả nước với các chính sách ưu đãi cực tốt.

#quan #short #soc #sot #nam #nu #quanshort #quanlung #quandui #quanshortthun #yinxx #quanshortnam #quanshortnu #quansoc #quansot #quansocnu #quansotnu

');
            
            INSERT INTO product_images (product_id, name, path) 
            VALUES (9802432291, 'SP_9802432291_1.jpg', 'images/products/9/SP_9802432291_1.jpg');
            
            INSERT INTO product_images (product_id, name, path) 
            VALUES (9802432291, 'SP_9802432291_2.jpg', 'images/products/9/SP_9802432291_2.jpg');
            
            INSERT INTO product_images (product_id, name, path) 
            VALUES (9802432291, 'SP_9802432291_3.jpg', 'images/products/9/SP_9802432291_3.jpg');
            
            INSERT INTO product_images (product_id, name, path) 
            VALUES (9802432291, 'SP_9802432291_4.jpg', 'images/products/9/SP_9802432291_4.jpg');
            
            INSERT INTO product_images (product_id, name, path) 
            VALUES (9802432291, 'SP_9802432291_5.jpg', 'images/products/9/SP_9802432291_5.jpg');
            
            INSERT INTO product_images (product_id, name, path) 
            VALUES (9802432291, 'SP_9802432291_6.jpg', 'images/products/9/SP_9802432291_6.jpg');
            
            INSERT INTO product_images (product_id, name, path) 
            VALUES (9802432291, 'SP_9802432291_7.jpg', 'images/products/9/SP_9802432291_7.jpg');
            
            INSERT INTO product_images (product_id, name, path) 
            VALUES (9802432291, 'SP_9802432291_8.jpg', 'images/products/9/SP_9802432291_8.jpg');
            
            INSERT INTO product_images (product_id, name, path) 
            VALUES (9802432291, 'SP_9802432291_9.jpg', 'images/products/9/SP_9802432291_9.jpg');
            
            INSERT INTO product_details (id, product_id, size, color, unique_search_id, quantity)
            VALUES (52312489924, 9802432291, 'M', 'Xám', 'ammx', 9995);
            
            INSERT INTO product_details (id, product_id, size, color, unique_search_id, quantity)
            VALUES (52312489925, 9802432291, 'L', 'Xám', 'almx', 9991);
            
            INSERT INTO product_details (id, product_id, size, color, unique_search_id, quantity)
            VALUES (52312489926, 9802432291, 'M', 'Đen', 'demn', 9955);
            
            INSERT INTO product_details (id, product_id, size, color, unique_search_id, quantity)
            VALUES (52312489927, 9802432291, 'L', 'Đen', 'deln', 9958);
            
            INSERT INTO products (id, sku, name, slug, category_id, unit_price, sale_price, preview_image_name, preview_image_path, views, description)
            VALUES (4844626160, 'SP09009', 'Quần Ống Suông Dáng Dài Hách Chân chất thun cotton - From to- có size,4 màu', 'quan-ong-suong-dang-dai-hach-chan-chat-thun-cotton-from-to-co-size,4-mau', 9, 100000, 200000, 'SP_4844626160_0.jpg', 'images/products/9/SP_4844626160_0.jpg', 77653, 'THÔNG TIN SẢN PHẨM : QUẦN ỐNG SUÔNG DÁNG DÀI HÁCH CHÂN FORM TO
+ Vải : thun da cá( tùy màu chất vải khác nhau)
+ Size: M L XL
Size M: dài 96cm, mông dưới 95 cm, đùi <56cm, eo từ 60cm trở lên, cao trên 1m6
Size L dài 98cm, mông dưới 100cm, đùi<58cm, eo từ 65cm trở lên, cao trên 1m65
Size XL: dài 100cm, mông chưa giãn 105cm, đùi < 60cm, eo từ 70cm trở lên, Cao 1m7 
=> LƯU Ý QUẦN TO VÀ DÀI
ẢNH THẬT CỦA SHOP CÓ TÊN BC08 SHOP

+ Màu: ĐEN - XÁM TRẮNG - TRẮNG - TÍM
Đường may tinh tế, sắc xảo.
+ Nam Nữ Couple đều mặc được.
+ Hàng lấy tận xưởng, không trung gian, nên giá rất sinh viên.
+ Giao hàng tận nơi. Nhận hàng rồi thanh toán.
+ Cam kết: Chất lượng và Mẫu mã Sản phẩm giống với hình ảnh như shop chụp.
+ Đổi hàng, Trả hàng/Hoàn tiền trong 24h nếu sản phẩm bị lỗi.
❌BC08 SHOP CAM KẾT ĐEM LẠI 💯
•TRẢI NGHIỆM TỐT NHẤT
•SỰ UY TÍN
•CHẤT LƯỢNG
•GIÁ RẺ
#quan #quannu #lungcao #quanthun #rach #quanrach #quanthethao #quanongsuong #quanrong #quannu #ongsuong #rong #quanongrong #quanlungcao #quanthethao #quanthun#quantron #quandai');
            
            INSERT INTO product_images (product_id, name, path) 
            VALUES (4844626160, 'SP_4844626160_1.jpg', 'images/products/9/SP_4844626160_1.jpg');
            
            INSERT INTO product_images (product_id, name, path) 
            VALUES (4844626160, 'SP_4844626160_2.jpg', 'images/products/9/SP_4844626160_2.jpg');
            
            INSERT INTO product_images (product_id, name, path) 
            VALUES (4844626160, 'SP_4844626160_3.jpg', 'images/products/9/SP_4844626160_3.jpg');
            
            INSERT INTO product_images (product_id, name, path) 
            VALUES (4844626160, 'SP_4844626160_4.jpg', 'images/products/9/SP_4844626160_4.jpg');
            
            INSERT INTO product_images (product_id, name, path) 
            VALUES (4844626160, 'SP_4844626160_5.jpg', 'images/products/9/SP_4844626160_5.jpg');
            
            INSERT INTO product_images (product_id, name, path) 
            VALUES (4844626160, 'SP_4844626160_6.jpg', 'images/products/9/SP_4844626160_6.jpg');
            
            INSERT INTO product_images (product_id, name, path) 
            VALUES (4844626160, 'SP_4844626160_7.jpg', 'images/products/9/SP_4844626160_7.jpg');
            
            INSERT INTO product_images (product_id, name, path) 
            VALUES (4844626160, 'SP_4844626160_8.jpg', 'images/products/9/SP_4844626160_8.jpg');
            
            INSERT INTO product_images (product_id, name, path) 
            VALUES (4844626160, 'SP_4844626160_9.jpg', 'images/products/9/SP_4844626160_9.jpg');
            
            INSERT INTO product_details (id, product_id, size, color, unique_search_id, quantity)
            VALUES (30474677225, 4844626160, 'XL', 'ĐEN', 'delnx', 0);
            
            INSERT INTO product_details (id, product_id, size, color, unique_search_id, quantity)
            VALUES (30474677226, 4844626160, 'M', 'TÍM', 'immt', 0);
            
            INSERT INTO product_details (id, product_id, size, color, unique_search_id, quantity)
            VALUES (30474677227, 4844626160, 'XL', 'TÍM', 'ilmtx', 0);
            
            INSERT INTO product_details (id, product_id, size, color, unique_search_id, quantity)
            VALUES (30474677228, 4844626160, 'M', 'TRẮNG', 'agmnrt', 7);
            
            INSERT INTO product_details (id, product_id, size, color, unique_search_id, quantity)
            VALUES (30474677229, 4844626160, 'XL', 'TRẮNG', 'aglnrtx', 42);
            
            INSERT INTO product_details (id, product_id, size, color, unique_search_id, quantity)
            VALUES (30474677230, 4844626160, 'M', 'XÁM', 'ammx', 7);
            
            INSERT INTO product_details (id, product_id, size, color, unique_search_id, quantity)
            VALUES (30474677231, 4844626160, 'M', 'ĐEN', 'demn', 0);
            
            INSERT INTO product_details (id, product_id, size, color, unique_search_id, quantity)
            VALUES (30474677232, 4844626160, 'L', 'ĐEN', 'deln', 0);
            
            INSERT INTO product_details (id, product_id, size, color, unique_search_id, quantity)
            VALUES (30474677233, 4844626160, 'L', 'XÁM', 'almx', 32);
            
            INSERT INTO product_details (id, product_id, size, color, unique_search_id, quantity)
            VALUES (30474677234, 4844626160, 'XL', 'XÁM', 'almxx', 30);
            
            INSERT INTO product_details (id, product_id, size, color, unique_search_id, quantity)
            VALUES (30474677235, 4844626160, 'L', 'TÍM', 'ilmt', 0);
            
            INSERT INTO product_details (id, product_id, size, color, unique_search_id, quantity)
            VALUES (30474677236, 4844626160, 'L', 'TRẮNG', 'aglnrt', 7);
            
            INSERT INTO products (id, sku, name, slug, category_id, unit_price, sale_price, preview_image_name, preview_image_path, views, description)
            VALUES (2673340484, 'SP09010', 'Quần thun suông Pradies', 'quan-thun-suong-pradies', 9, 300000, 320000, 'SP_2673340484_0.jpg', 'images/products/9/SP_2673340484_0.jpg', 5511, '🔥ITEM BEST-SELLER của Pradies nhen các cậu ơi! <3
PRADIES PANTS được thiết kế form suông xiu xinh, chất vải xịn xò. Mục đích cuối cùng của sản phẩm là HACK chân và mang lại cảm giác thoải mái nhất khi ra đường nè!!! Pradies Pants có 4 phối màu: đen/xám/tím/hồng tiện lợi cho các cậu MIxn Match nhen!!!


💎 Thông tin sản phẩm:
▫️Chất thun chân cua cotton (dày dặn, mềm mịn, thoáng mát chứ không nóng như nỉ, rất phù hợp khí hậu Việt Nam ạ)
▫️Size S / M 
▫️Form suông
▫️LOGO thêu

✅ Bảng size:
▫️Size S: dài 97cm, fit 40 - 54kg
▫️Size M: dài 98cm fit  54kg - 65kg

* Lưu ý: số đo phù hợp 90% khách hàng của Pradies. Các cậu nhắn tin để được tư vấn size chuẩn hơn hơn nhé! ❤️

Facebook.com/pradies.saigon
Instagram.com/pradies.sg

Add: 104 Trần Quang Diệu, phường 14, quận 3, TPHCM
Open daily: 10am - 10pm

#quanongsuong #quanongrong #culottes #quanthunongrong #quanthunsuong #quanbaggy #baggykaki #pradies #pradiespants

');
            
            INSERT INTO product_images (product_id, name, path) 
            VALUES (2673340484, 'SP_2673340484_1.jpg', 'images/products/9/SP_2673340484_1.jpg');
            
            INSERT INTO product_images (product_id, name, path) 
            VALUES (2673340484, 'SP_2673340484_2.jpg', 'images/products/9/SP_2673340484_2.jpg');
            
            INSERT INTO product_images (product_id, name, path) 
            VALUES (2673340484, 'SP_2673340484_3.jpg', 'images/products/9/SP_2673340484_3.jpg');
            
            INSERT INTO product_images (product_id, name, path) 
            VALUES (2673340484, 'SP_2673340484_4.jpg', 'images/products/9/SP_2673340484_4.jpg');
            
            INSERT INTO product_images (product_id, name, path) 
            VALUES (2673340484, 'SP_2673340484_5.jpg', 'images/products/9/SP_2673340484_5.jpg');
            
            INSERT INTO product_images (product_id, name, path) 
            VALUES (2673340484, 'SP_2673340484_6.jpg', 'images/products/9/SP_2673340484_6.jpg');
            
            INSERT INTO product_images (product_id, name, path) 
            VALUES (2673340484, 'SP_2673340484_7.jpg', 'images/products/9/SP_2673340484_7.jpg');
            
            INSERT INTO product_images (product_id, name, path) 
            VALUES (2673340484, 'SP_2673340484_8.jpg', 'images/products/9/SP_2673340484_8.jpg');
            
            INSERT INTO product_images (product_id, name, path) 
            VALUES (2673340484, 'SP_2673340484_9.jpg', 'images/products/9/SP_2673340484_9.jpg');
            
            INSERT INTO product_details (id, product_id, size, color, unique_search_id, quantity)
            VALUES (6237227553, 2673340484, 'S', 'Đen', 'dens', 0);
            
            INSERT INTO product_details (id, product_id, size, color, unique_search_id, quantity)
            VALUES (6237227554, 2673340484, 'M', 'Đen', 'demn', 0);
            
            INSERT INTO product_details (id, product_id, size, color, unique_search_id, quantity)
            VALUES (21999232976, 2673340484, 'S', 'Xám', 'amsx', 13);
            
            INSERT INTO product_details (id, product_id, size, color, unique_search_id, quantity)
            VALUES (21999232977, 2673340484, 'M', 'Xám', 'ammx', 0);
            
            INSERT INTO product_details (id, product_id, size, color, unique_search_id, quantity)
            VALUES (71765193608, 2673340484, 'S', 'Tím', 'imst', 14);
            
            INSERT INTO product_details (id, product_id, size, color, unique_search_id, quantity)
            VALUES (71765193609, 2673340484, 'M', 'Tím', 'immt', 0);
            
            INSERT INTO products (id, sku, name, slug, category_id, unit_price, sale_price, preview_image_name, preview_image_path, views, description)
            VALUES (3100382795, 'SP09011', 'Quần thun dài ống rộng in họa tiết phong cách năng động dành cho nữ', 'quan-thun-dai-ong-rong-in-hoa-tiet-phong-cach-nang-dong-danh-cho-nu', 9, 102680, 151000, 'SP_3100382795_0.jpg', 'images/products/9/SP_3100382795_0.jpg', 33, 'Features：
Style:Sports
Suitable age:18-24 years old
Thickness:Thin section
Length:Nine pants
Fit Type:Fit true to size
Pant Style:Pencil pants / feet pants
Suitable age:18-24 years old
Clothing style:Japan and South Korea

Size chart：
Size--------Length------------Waist---------------Hips
S-----35.83/91CM---23.62/60CM---39.37/100CM
M-----36.22/92CM---24.80/63CM---40.94/104CM
L-----36.61/93CM---25.98/66CM---42.52/108CM
XL----37.01/94CM---27.56/70CM---44.09/112CM
2XL---37.40/95CM---29.13/74CM---45.67/116CM

Package included：1*Pants');
            
            INSERT INTO product_images (product_id, name, path) 
            VALUES (3100382795, 'SP_3100382795_1.jpg', 'images/products/9/SP_3100382795_1.jpg');
            
            INSERT INTO product_images (product_id, name, path) 
            VALUES (3100382795, 'SP_3100382795_2.jpg', 'images/products/9/SP_3100382795_2.jpg');
            
            INSERT INTO product_images (product_id, name, path) 
            VALUES (3100382795, 'SP_3100382795_3.jpg', 'images/products/9/SP_3100382795_3.jpg');
            
            INSERT INTO product_images (product_id, name, path) 
            VALUES (3100382795, 'SP_3100382795_4.jpg', 'images/products/9/SP_3100382795_4.jpg');
            
            INSERT INTO product_images (product_id, name, path) 
            VALUES (3100382795, 'SP_3100382795_5.jpg', 'images/products/9/SP_3100382795_5.jpg');
            
            INSERT INTO product_images (product_id, name, path) 
            VALUES (3100382795, 'SP_3100382795_6.jpg', 'images/products/9/SP_3100382795_6.jpg');
            
            INSERT INTO product_images (product_id, name, path) 
            VALUES (3100382795, 'SP_3100382795_7.jpg', 'images/products/9/SP_3100382795_7.jpg');
            
            INSERT INTO product_images (product_id, name, path) 
            VALUES (3100382795, 'SP_3100382795_8.jpg', 'images/products/9/SP_3100382795_8.jpg');
            
            INSERT INTO product_images (product_id, name, path) 
            VALUES (3100382795, 'SP_3100382795_9.jpg', 'images/products/9/SP_3100382795_9.jpg');
            
            INSERT INTO product_details (id, product_id, size, color, unique_search_id, quantity)
            VALUES (7527871914, 3100382795, 'XL', 'black', 'abckllx', 999);
            
            INSERT INTO product_details (id, product_id, size, color, unique_search_id, quantity)
            VALUES (7527871915, 3100382795, 'L', 'blue', 'bellu', 998);
            
            INSERT INTO product_details (id, product_id, size, color, unique_search_id, quantity)
            VALUES (7527871916, 3100382795, '2XL', 'black', '2abckllx', 999);
            
            INSERT INTO product_details (id, product_id, size, color, unique_search_id, quantity)
            VALUES (7527871917, 3100382795, 'M', 'blue', 'belmu', 1000);
            
            INSERT INTO product_details (id, product_id, size, color, unique_search_id, quantity)
            VALUES (7527871918, 3100382795, 'S', 'black', 'abckls', 999);
            
            INSERT INTO product_details (id, product_id, size, color, unique_search_id, quantity)
            VALUES (7527871919, 3100382795, '2XL', 'blue', '2bellux', 997);
            
            INSERT INTO product_details (id, product_id, size, color, unique_search_id, quantity)
            VALUES (7527871920, 3100382795, 'M', 'black', 'abcklm', 1000);
            
            INSERT INTO product_details (id, product_id, size, color, unique_search_id, quantity)
            VALUES (7527871921, 3100382795, 'L', 'black', 'abckll', 998);
            
            INSERT INTO product_details (id, product_id, size, color, unique_search_id, quantity)
            VALUES (7527871922, 3100382795, 'S', 'blue', 'belsu', 0);
            
            INSERT INTO product_details (id, product_id, size, color, unique_search_id, quantity)
            VALUES (7527871923, 3100382795, 'XL', 'blue', 'bellux', 0);
            
            INSERT INTO products (id, sku, name, slug, category_id, unit_price, sale_price, preview_image_name, preview_image_path, views, description)
            VALUES (7981959212, 'SP09012', 'Quần Thể Thao Ống Rộng Phong Cách Hàn Quốc Nữ Tính', 'quan-the-thao-ong-rong-phong-cach-han-quoc-nu-tinh', 9, 168000, 336000, 'SP_7981959212_0.jpg', 'images/products/9/SP_7981959212_0.jpg', 126, '🌸All Are In Stock.
🚀Shipping time normally takes 7-12 days.
❤️#miao03.vn☜ ☜ Click here to have more nice same items❤.

Recommendation Weight  (This recomended weight is calculated at the height of 160cm）

M=40-50kg
L=50-57.5kg
XL = 57.5-65kg
2XL =65-72.5kg

●Unit: cm【 1 cm =  0.3937008 inch 】

M ：Length: 91          Hip: 94            Thigh ：58           Calf ：36       Foot mouth：26

L: Length: 92.5          Hip: 98             Thigh ：60          Calf ：37       Foot mouth：27.5

XL: Length: 94          Hip: 103           Thigh ：62           Calf ：38       Foot mouth:28

2XL: Length: 95.5     Hip: 107           Thigh ：64           Calf ：40        Foot mouth：29.5

🌹Note:
● Due to shooting light, the monitor is different，may be different from the picture.Please prevail in kind!
● The size is just for reference, there maybe exist a measurement error of 1-3cm, please check whether it fits your size before you buy it. 
● Hint for choosing proper size: Use similar clothing to compare with the size. 

Package included：
1*Pants#

#Women #Fashion #pants #Lady #Casual #Korean #formalwear #Trousers #highwaist #clothing #Widelegpants #sports shorts  #Summer #loose #running #Comfortable #Long Pants#');
            
            INSERT INTO product_images (product_id, name, path) 
            VALUES (7981959212, 'SP_7981959212_1.jpg', 'images/products/9/SP_7981959212_1.jpg');
            
            INSERT INTO product_images (product_id, name, path) 
            VALUES (7981959212, 'SP_7981959212_2.jpg', 'images/products/9/SP_7981959212_2.jpg');
            
            INSERT INTO product_images (product_id, name, path) 
            VALUES (7981959212, 'SP_7981959212_3.jpg', 'images/products/9/SP_7981959212_3.jpg');
            
            INSERT INTO product_images (product_id, name, path) 
            VALUES (7981959212, 'SP_7981959212_4.jpg', 'images/products/9/SP_7981959212_4.jpg');
            
            INSERT INTO product_images (product_id, name, path) 
            VALUES (7981959212, 'SP_7981959212_5.jpg', 'images/products/9/SP_7981959212_5.jpg');
            
            INSERT INTO product_details (id, product_id, size, color, unique_search_id, quantity)
            VALUES (54169411892, 7981959212, 'M', 'Black', 'abcklm', 999);
            
            INSERT INTO product_details (id, product_id, size, color, unique_search_id, quantity)
            VALUES (54169411893, 7981959212, 'L', 'White', 'ehiltw', 999);
            
            INSERT INTO product_details (id, product_id, size, color, unique_search_id, quantity)
            VALUES (54169411894, 7981959212, 'XL', 'Light gray', ' agghillrtxy', 999);
            
            INSERT INTO product_details (id, product_id, size, color, unique_search_id, quantity)
            VALUES (54169411895, 7981959212, 'L', 'Light gray', ' agghillrty', 999);
            
            INSERT INTO product_details (id, product_id, size, color, unique_search_id, quantity)
            VALUES (54169411896, 7981959212, 'XL', 'Black', 'abckllx', 998);
            
            INSERT INTO product_details (id, product_id, size, color, unique_search_id, quantity)
            VALUES (54169411897, 7981959212, 'M', 'White', 'ehimtw', 999);
            
            INSERT INTO product_details (id, product_id, size, color, unique_search_id, quantity)
            VALUES (54169411898, 7981959212, '2XL', 'Light gray', ' 2agghillrtxy', 999);
            
            INSERT INTO product_details (id, product_id, size, color, unique_search_id, quantity)
            VALUES (54169411899, 7981959212, '2XL', 'White', '2ehiltwx', 999);
            
            INSERT INTO product_details (id, product_id, size, color, unique_search_id, quantity)
            VALUES (54169411900, 7981959212, 'XL', 'White', 'ehiltwx', 999);
            
            INSERT INTO product_details (id, product_id, size, color, unique_search_id, quantity)
            VALUES (54169411901, 7981959212, 'M', 'Light gray', ' agghilmrty', 999);
            
            INSERT INTO product_details (id, product_id, size, color, unique_search_id, quantity)
            VALUES (54169411902, 7981959212, 'L', 'Black', 'abckll', 998);
            
            INSERT INTO product_details (id, product_id, size, color, unique_search_id, quantity)
            VALUES (54169411903, 7981959212, '2XL', 'Black', '2abckllx', 999);
            
            INSERT INTO products (id, sku, name, slug, category_id, unit_price, sale_price, preview_image_name, preview_image_path, views, description)
            VALUES (7648245309, 'SP09013', 'Quần dài, quần thun cotton,quần ống rộng  ZIZI trắng/đen/xám/tím/xanh neon- kèm hình thật-', 'quan-dai,-quan-thun-cotton,quan-ong-rong-zizi-trang/den/xam/tim/xanh-neon-kem-hinh-that-', 9, 129000, 149000, 'SP_7648245309_0.jpg', 'images/products/9/SP_7648245309_0.jpg', 4295, ' chuyển sỉ và lẻ tất cả các mặt hàng unisex
 
xin cam kết:
- Tất cả các sản phẩm bên shop đều đảm bảo như hình 
- Chất lượng sản phẩm tốt 100%
- Hoàn tiền ngay nếu như sản phẩm không giống mô tả
- Giao hàng toàn quốc, nhận hàng rồi mới thanh toán
- Sản phẩm luôn luôn có sẳn 

* Thông tin sản phẩm: áo thun , áo croptop, áo khoác, áo khoác dù,quần short thun, quần short kaki, áo thun trơn, áo thun tay lỡ, quần tây âu, quần baggy, quần culot v.v.v.......

Tất cả đều có 3 size ( inbox shop để được tư vấn cụ thể hơn)
-Size M: Dưới 55kg ~ Cao dưới 1m60
-Size L: từ 56-65kg ~ Cao 1m61-1m70
[*Lưu ý: Bảng size mang tính chất tham khảo tương đối, phù hợp với 90% khách hàng khi mua hàng tại shop]

-  Các sản phẩm áo thun , áo croptop, áo khoác, áo khoác dù,quần short thun, quần short kaki, áo thun trơn, áo thun tay lỡ, quần tây âu, quần baggy, quần culot v.v.v....... bên shop nam nữ đều mặc được


ĐT/zalo :0964505965 hotline 0901865222');
            
            INSERT INTO product_images (product_id, name, path) 
            VALUES (7648245309, 'SP_7648245309_1.jpg', 'images/products/9/SP_7648245309_1.jpg');
            
            INSERT INTO product_images (product_id, name, path) 
            VALUES (7648245309, 'SP_7648245309_2.jpg', 'images/products/9/SP_7648245309_2.jpg');
            
            INSERT INTO product_images (product_id, name, path) 
            VALUES (7648245309, 'SP_7648245309_3.jpg', 'images/products/9/SP_7648245309_3.jpg');
            
            INSERT INTO product_images (product_id, name, path) 
            VALUES (7648245309, 'SP_7648245309_4.jpg', 'images/products/9/SP_7648245309_4.jpg');
            
            INSERT INTO product_images (product_id, name, path) 
            VALUES (7648245309, 'SP_7648245309_5.jpg', 'images/products/9/SP_7648245309_5.jpg');
            
            INSERT INTO product_images (product_id, name, path) 
            VALUES (7648245309, 'SP_7648245309_6.jpg', 'images/products/9/SP_7648245309_6.jpg');
            
            INSERT INTO product_images (product_id, name, path) 
            VALUES (7648245309, 'SP_7648245309_7.jpg', 'images/products/9/SP_7648245309_7.jpg');
            
            INSERT INTO product_details (id, product_id, size, color, unique_search_id, quantity)
            VALUES (60718793848, 7648245309, 'L', 'Xanh Neon', ' aehlnnnox', 0);
            
            INSERT INTO product_details (id, product_id, size, color, unique_search_id, quantity)
            VALUES (60718793849, 7648245309, 'M', 'Xám', 'ammx', 10);
            
            INSERT INTO product_details (id, product_id, size, color, unique_search_id, quantity)
            VALUES (60718793850, 7648245309, 'L', 'Đen', 'deln', 0);
            
            INSERT INTO product_details (id, product_id, size, color, unique_search_id, quantity)
            VALUES (60718793851, 7648245309, 'L', 'Xám', 'almx', 10);
            
            INSERT INTO product_details (id, product_id, size, color, unique_search_id, quantity)
            VALUES (60718793852, 7648245309, 'L', 'Trằng', 'aglnrt', 0);
            
            INSERT INTO product_details (id, product_id, size, color, unique_search_id, quantity)
            VALUES (60718793853, 7648245309, 'M', 'Xanh Neon', ' aehmnnnox', 0);
            
            INSERT INTO product_details (id, product_id, size, color, unique_search_id, quantity)
            VALUES (60718793854, 7648245309, 'M', 'Trằng', 'agmnrt', 0);
            
            INSERT INTO product_details (id, product_id, size, color, unique_search_id, quantity)
            VALUES (60718793855, 7648245309, 'L', 'Tím', 'ilmt', 0);
            
            INSERT INTO product_details (id, product_id, size, color, unique_search_id, quantity)
            VALUES (60718793856, 7648245309, 'M', 'Tím', 'immt', 0);
            
            INSERT INTO product_details (id, product_id, size, color, unique_search_id, quantity)
            VALUES (60718793857, 7648245309, 'M', 'Đen', 'demn', 1);
            
            INSERT INTO products (id, sku, name, slug, category_id, unit_price, sale_price, preview_image_name, preview_image_path, views, description)
            VALUES (4550916526, 'SP09014', 'Quần Thun da cá dáng ống suông, ống rộng thiết kế basic chun co giãn, -QDC-', 'quan-thun-da-ca-dang-ong-suong,-ong-rong-thiet-ke-basic-chun-co-gian,-qdc-', 9, 109000, 159000, 'SP_4550916526_0.jpg', 'images/products/9/SP_4550916526_0.jpg', 10537, 'HÀNG BÊN EM ĐANG TIẾP TỤC BỔ SUNG SIZE THIẾU! CÁC CHỊ HẾT SIZE CÓ THỂ NHẮN TIN CHO EM , HÀNG VỀ EM BÁO CÁC CHỊ NHÉ
Chào Thu đông #2020 GIÁ 
Mẫu quần ống rộng #cuchot, quần ống suông thiết kế trẻ trung năng động
đi học đi chơi ở nhà đều thoải mái
----------------------------------------------------------
Quần có 4 màu:: xanh rêu, đen, xám, hồng
Fullsize : 40-75 cân
S : 40-47 M: 48-53 L: 54-59 XL: 60-65 2xl : 65-70 3xL : 70-75
Chất liệu: Vải thun da cá loại 1, dày dặn, co giãn thoải mái, không bai không xù, CO GIÃN TỐT
------------------------------------------------------------
🔷 HƯỚNG DẪN CÁCH ĐẶT HÀNG:
- Cách chọn Size: Shop đã phân bảng Size, bảng Màu. Bạn nên Inbox Shop, cung cấp Chiều cao và Cân nặng để shop tư vấn cho phù hợp!
- Cách đặt hàng qua Shopee: Nếu mua 1 sản phẩm thì bạn chọn Màu rồi ấn MUA HÀNG. Nếu bạn muốn mua 2-3 Sản phẩm khác nhau hoặc 2-3 màu khác nhau 
+ Bạn chọn từng Sản phẩm rồi thêm vào Giỏ hàng.
+ Khi Giỏ Hàng đã có đầy đủ các Sản phẩm cần Mua, bạn mới tiến hành Thanh toán.

🛑 LƯU Ý:
♦️ Quý Khách vui lòng đọc kỹ Thông Tin Sản Phẩm trước khi đặt hàng, tránh đặt rồi hủy hàng nhé, hoặc có hủy thì hủy sớm trước khi đơn hàng đưa vận chuyển nhé. Vì sau khi đặt hàng, hàng sẽ được Shop gói và gửi đi liền trong ngày hoặc ngày hôm sau. Vì thế việc hủy hàng sẽ gây nhiều khó khăn cho Shop. Rất mong Quý Khách cảm thông và đắn đo giúp Shop!!!
♦️ Theo quy định của Shopee Khách hàng sẽ KHÔNG ĐƯỢC XEM HÀNG trước khi thanh toán nhưng được đổi trả sau 24h nếu sản phẩm bị lỗi tính từ thời điểm nhận được hàng. Hãy chắc chắn nhận hàng và để thông tin chính xác khi ấn Mua hàng tránh trường hợp giao đi rồi lại quay về.

#quanthundaca #quanongrong #quanongsuong # quandai #quanthudong');
            
            INSERT INTO product_images (product_id, name, path) 
            VALUES (4550916526, 'SP_4550916526_1.jpg', 'images/products/9/SP_4550916526_1.jpg');
            
            INSERT INTO product_images (product_id, name, path) 
            VALUES (4550916526, 'SP_4550916526_2.jpg', 'images/products/9/SP_4550916526_2.jpg');
            
            INSERT INTO product_images (product_id, name, path) 
            VALUES (4550916526, 'SP_4550916526_3.jpg', 'images/products/9/SP_4550916526_3.jpg');
            
            INSERT INTO product_images (product_id, name, path) 
            VALUES (4550916526, 'SP_4550916526_4.jpg', 'images/products/9/SP_4550916526_4.jpg');
            
            INSERT INTO product_images (product_id, name, path) 
            VALUES (4550916526, 'SP_4550916526_5.jpg', 'images/products/9/SP_4550916526_5.jpg');
            
            INSERT INTO product_images (product_id, name, path) 
            VALUES (4550916526, 'SP_4550916526_6.jpg', 'images/products/9/SP_4550916526_6.jpg');
            
            INSERT INTO product_images (product_id, name, path) 
            VALUES (4550916526, 'SP_4550916526_7.jpg', 'images/products/9/SP_4550916526_7.jpg');
            
            INSERT INTO product_images (product_id, name, path) 
            VALUES (4550916526, 'SP_4550916526_8.jpg', 'images/products/9/SP_4550916526_8.jpg');
            
            INSERT INTO product_details (id, product_id, size, color, unique_search_id, quantity)
            VALUES (30893034857, 4550916526, 'L', 'Đen', 'deln', 0);
            
            INSERT INTO product_details (id, product_id, size, color, unique_search_id, quantity)
            VALUES (30893034858, 4550916526, 'XL', 'Xám', 'almxx', 15);
            
            INSERT INTO product_details (id, product_id, size, color, unique_search_id, quantity)
            VALUES (30893034859, 4550916526, '3Xl', 'Rêu', '3elrux', 0);
            
            INSERT INTO product_details (id, product_id, size, color, unique_search_id, quantity)
            VALUES (30893034860, 4550916526, '2XL', 'Hồng', '2ghlnox', 0);
            
            INSERT INTO product_details (id, product_id, size, color, unique_search_id, quantity)
            VALUES (30893034861, 4550916526, 'XL', 'Đen', 'delnx', 0);
            
            INSERT INTO product_details (id, product_id, size, color, unique_search_id, quantity)
            VALUES (30893034862, 4550916526, 'M', 'Xám', 'ammx', 5);
            
            INSERT INTO product_details (id, product_id, size, color, unique_search_id, quantity)
            VALUES (30893034863, 4550916526, '3Xl', 'Xám', '3almxx', 7);
            
            INSERT INTO product_details (id, product_id, size, color, unique_search_id, quantity)
            VALUES (30893034864, 4550916526, '3Xl', 'Đen', '3delnx', 7);
            
            INSERT INTO product_details (id, product_id, size, color, unique_search_id, quantity)
            VALUES (30893034865, 4550916526, 'S', 'Rêu', 'ersu', 0);
            
            INSERT INTO product_details (id, product_id, size, color, unique_search_id, quantity)
            VALUES (30893034866, 4550916526, 'L', 'Rêu', 'elru', 1);
            
            INSERT INTO product_details (id, product_id, size, color, unique_search_id, quantity)
            VALUES (30893034867, 4550916526, 'XL', 'Rêu', 'elrux', 1);
            
            INSERT INTO product_details (id, product_id, size, color, unique_search_id, quantity)
            VALUES (30893034868, 4550916526, '2XL', 'Rêu', '2elrux', 0);
            
            INSERT INTO product_details (id, product_id, size, color, unique_search_id, quantity)
            VALUES (30893034869, 4550916526, 'S', 'Đen', 'dens', 0);
            
            INSERT INTO product_details (id, product_id, size, color, unique_search_id, quantity)
            VALUES (30893034870, 4550916526, 'M', 'Đen', 'demn', 0);
            
            INSERT INTO product_details (id, product_id, size, color, unique_search_id, quantity)
            VALUES (30893034871, 4550916526, '2XL', 'Đen', '2delnx', 0);
            
            INSERT INTO product_details (id, product_id, size, color, unique_search_id, quantity)
            VALUES (30893034872, 4550916526, 'S', 'Hồng', 'ghnos', 0);
            
            INSERT INTO product_details (id, product_id, size, color, unique_search_id, quantity)
            VALUES (30893034873, 4550916526, 'M', 'Hồng', 'ghmno', 0);
            
            INSERT INTO product_details (id, product_id, size, color, unique_search_id, quantity)
            VALUES (30893034874, 4550916526, 'L', 'Hồng', 'ghlno', 1);
            
            INSERT INTO product_details (id, product_id, size, color, unique_search_id, quantity)
            VALUES (30893034875, 4550916526, 'M', 'Rêu', 'emru', 0);
            
            INSERT INTO product_details (id, product_id, size, color, unique_search_id, quantity)
            VALUES (40893034775, 4550916526, 'XL', 'Hồng', 'ghlnox', 1);
            
            INSERT INTO product_details (id, product_id, size, color, unique_search_id, quantity)
            VALUES (40893034776, 4550916526, '3Xl', 'Hồng', '3ghlnox', 0);
            
            INSERT INTO product_details (id, product_id, size, color, unique_search_id, quantity)
            VALUES (40893034777, 4550916526, 'S', 'Xám', 'amsx', 5);
            
            INSERT INTO product_details (id, product_id, size, color, unique_search_id, quantity)
            VALUES (40893034778, 4550916526, 'L', 'Xám', 'almx', 1);
            
            INSERT INTO product_details (id, product_id, size, color, unique_search_id, quantity)
            VALUES (40893034779, 4550916526, '2XL', 'Xám', '2almxx', 18);
            
            INSERT INTO products (id, sku, name, slug, category_id, unit_price, sale_price, preview_image_name, preview_image_path, views, description)
            VALUES (8800733201, 'SP10001', '[Mã FASHIONT4WA2 giảm 10K đơn 50K] Đầm Babydoll Nơ Ngực 🦋FREESHIP🦋 Váy Nữ Tay Bồng Dáng Suông 2 Màu', 'ma-fashiont4wa2-giam-10k-don-50k-dam-babydoll-no-nguc-🦋freeship🦋-vay-nu-tay-bong-dang-suong-2-mau', 10, 70000, 94000, 'SP_8800733201_0.jpg', 'images/products/10/SP_8800733201_0.jpg', 198514, 'Đầm Babydoll Nơ Ngực 🦋FREESHIP🦋 Váy Nữ Tay Bồng Dáng Suông 2 Màu 

🍃Mô  tả sản phẩm: 
•  Mẫu váy nhẹ nhàng tiểu thư cho các nàng bánh bèo vừa về kho Anie nha!
•  Mã mới xưởng bên anie mới thiết kế chào hàng các nàng luôn ạ
•  Thiết kế nơ ngưc buộc, tay bồng dáng dài xinh lắm nhé
•  Vải đũi xốp trắng mịn dày dặn
•  Dáng váy rất dễ phối với các phụ kiện nha, giày boots vs guốc cực hợp đó ạ
🍃Thông Tin Sản Phẩm
•  Full Size: M, L
          M: 40-51kg
          L:  52-61kg
•  Màu Sắc: Đen, Trắng
•  Dài 110cm

  💯 ANIESTORE  CAM KẾT 
🎗Sản Phẩm Như Hình
🎗Đổi trả sản phẩm trong 3 ngày
🎗Dịch vụ nhanh, chất lượng là số 1
🎗Shop chuyên sỉ, lẻ quần áo giá tận xưởng không qua trung gian ...
🎗Cập nhập mẫu mã liên tục giá tốt nhất
🎗Liên tục tuyển sỉ CTV toàn quốc - LẤY CÀNG NHIỀU • GIÁ CÀNG YÊU
🎗Sp luôn kèm ảnh tự chụp và Video tự quay 
🏠 ĐC kho: Số 30/220 TDP Trù 5, Cổ Nhuế 2, Bắc Từ Liêm, Hà Nội
📧https://www.facebook.com/trumthoitrangqc/
Zalo :0963867931
Shopee  https://shopee.vn/trumthoitrangqc
💋 Cảm ơn các bác đã ghé qua shop 💋
#vaynu #damnu #vay #dam #vaybabydoll #dambabydoll #vaymidi #dammidi #vayvoan #vaydutiec #vayxinh #freeship #aniestore #trumthoitrangqc');
            
            INSERT INTO product_images (product_id, name, path) 
            VALUES (8800733201, 'SP_8800733201_1.jpg', 'images/products/10/SP_8800733201_1.jpg');
            
            INSERT INTO product_images (product_id, name, path) 
            VALUES (8800733201, 'SP_8800733201_2.jpg', 'images/products/10/SP_8800733201_2.jpg');
            
            INSERT INTO product_images (product_id, name, path) 
            VALUES (8800733201, 'SP_8800733201_3.jpg', 'images/products/10/SP_8800733201_3.jpg');
            
            INSERT INTO product_images (product_id, name, path) 
            VALUES (8800733201, 'SP_8800733201_4.jpg', 'images/products/10/SP_8800733201_4.jpg');
            
            INSERT INTO product_images (product_id, name, path) 
            VALUES (8800733201, 'SP_8800733201_5.jpg', 'images/products/10/SP_8800733201_5.jpg');
            
            INSERT INTO product_images (product_id, name, path) 
            VALUES (8800733201, 'SP_8800733201_6.jpg', 'images/products/10/SP_8800733201_6.jpg');
            
            INSERT INTO product_images (product_id, name, path) 
            VALUES (8800733201, 'SP_8800733201_7.jpg', 'images/products/10/SP_8800733201_7.jpg');
            
            INSERT INTO product_images (product_id, name, path) 
            VALUES (8800733201, 'SP_8800733201_8.jpg', 'images/products/10/SP_8800733201_8.jpg');
            
            INSERT INTO product_images (product_id, name, path) 
            VALUES (8800733201, 'SP_8800733201_9.jpg', 'images/products/10/SP_8800733201_9.jpg');
            
            INSERT INTO product_details (id, product_id, size, color, unique_search_id, quantity)
            VALUES (63450776552, 8800733201, 'Size: M', 'Màu ĐEN', '  :adeeimmnsuz', 18570);
            
            INSERT INTO product_details (id, product_id, size, color, unique_search_id, quantity)
            VALUES (63450776553, 8800733201, 'Size: L', 'Màu ĐEN', '  :adeeilmnsuz', 28624);
            
            INSERT INTO product_details (id, product_id, size, color, unique_search_id, quantity)
            VALUES (63450776554, 8800733201, 'Size: M', 'Màu TRẮNG', '  :aaegimmnrstuz', 24766);
            
            INSERT INTO product_details (id, product_id, size, color, unique_search_id, quantity)
            VALUES (63450776555, 8800733201, 'Size: L', 'Màu TRẮNG', '  :aaegilmnrstuz', 27148);
            
            INSERT INTO products (id, sku, name, slug, category_id, unit_price, sale_price, preview_image_name, preview_image_path, views, description)
            VALUES (4782083306, 'SP10002', '[HÀNG ĐANG VỀ] Váy tiểu thư retro Pháp dài qua gối eo thon gọn tay bồng', 'hang-dang-ve-vay-tieu-thu-retro-phap-dai-qua-goi-eo-thon-gon-tay-bong', 10, 169468, 189468, 'SP_4782083306_0.jpg', 'images/products/10/SP_4782083306_0.jpg', 7322, 'Váy tiểu thư retro Pháp dài qua gối bó eo thon gọn tay bồng

✔Độ bền màu cao, không phai màu; tay áo bồng nhăn phía dưới 
✔Vải được dệt trơn co giãn bốn chiều, có đặc tính thân thiện với da và tạo cảm giác thoải mái khi mặc
✔Sợi vải ôm sát, không biến dạng
 
Size S: dưới 45kg 
Size M: 45kg-49kg
Size L: 50kg-56kg
Size XL: 56kg-61kg');
            
            INSERT INTO product_images (product_id, name, path) 
            VALUES (4782083306, 'SP_4782083306_1.jpg', 'images/products/10/SP_4782083306_1.jpg');
            
            INSERT INTO product_images (product_id, name, path) 
            VALUES (4782083306, 'SP_4782083306_2.jpg', 'images/products/10/SP_4782083306_2.jpg');
            
            INSERT INTO product_images (product_id, name, path) 
            VALUES (4782083306, 'SP_4782083306_3.jpg', 'images/products/10/SP_4782083306_3.jpg');
            
            INSERT INTO product_images (product_id, name, path) 
            VALUES (4782083306, 'SP_4782083306_4.jpg', 'images/products/10/SP_4782083306_4.jpg');
            
            INSERT INTO product_details (id, product_id, size, color, unique_search_id, quantity)
            VALUES (35100792422, 4782083306, 'XXL', 'Xanh lam nhạt', '  aaahhllmnntxxx', 235);
            
            INSERT INTO product_details (id, product_id, size, color, unique_search_id, quantity)
            VALUES (35100792423, 4782083306, 'XXL', 'Xanh hải quân', '  aaahhilnnquxxx', 236);
            
            INSERT INTO product_details (id, product_id, size, color, unique_search_id, quantity)
            VALUES (91132490632, 4782083306, 'L', 'Xanh lam nhạt', '  aaahhllmnntx', 235);
            
            INSERT INTO product_details (id, product_id, size, color, unique_search_id, quantity)
            VALUES (91132490633, 4782083306, 'XL', 'Xanh lam nhạt', '  aaahhllmnntxx', 236);
            
            INSERT INTO product_details (id, product_id, size, color, unique_search_id, quantity)
            VALUES (91132490634, 4782083306, 'S', 'Xanh hải quân', '  aaahhinnqsux', 237);
            
            INSERT INTO product_details (id, product_id, size, color, unique_search_id, quantity)
            VALUES (91132490635, 4782083306, 'M', 'Xanh hải quân', '  aaahhimnnqux', 236);
            
            INSERT INTO product_details (id, product_id, size, color, unique_search_id, quantity)
            VALUES (91132490636, 4782083306, 'L', 'Xanh hải quân', '  aaahhilnnqux', 236);
            
            INSERT INTO product_details (id, product_id, size, color, unique_search_id, quantity)
            VALUES (91132490637, 4782083306, 'XL', 'Xanh hải quân', '  aaahhilnnquxx', 236);
            
            INSERT INTO product_details (id, product_id, size, color, unique_search_id, quantity)
            VALUES (91132490638, 4782083306, 'S', 'Xanh lam nhạt', '  aaahhlmnnstx', 236);
            
            INSERT INTO product_details (id, product_id, size, color, unique_search_id, quantity)
            VALUES (91132490639, 4782083306, 'M', 'Xanh lam nhạt', '  aaahhlmmnntx', 235);
            
            INSERT INTO products (id, sku, name, slug, category_id, unit_price, sale_price, preview_image_name, preview_image_path, views, description)
            VALUES (5817987325, 'SP10003', 'Váy ulzzang dáng dài tiểu thư cổ tim Hàn Quốc, Váy dài Vintage dài tay cổ tim phong cách ulzzang Hàn Quốc V12 - Roxie', 'vay-ulzzang-dang-dai-tieu-thu-co-tim-han-quoc,-vay-dai-vintage-dai-tay-co-tim-phong-cach-ulzzang-han-quoc-v12-roxie', 10, 150000, 170000, 'SP_5817987325_0.jpg', 'images/products/10/SP_5817987325_0.jpg', 23506, '* Thông tin sản phẩm: Váy ulzzang dáng dài tiểu thư cổ tim Hàn Quốc, Đầm vintage dài tay cổ tim phong cách ulzzang Hàn Quốc
    + Đường may chắc chắn, vắt sổ
    + Giặt ko xù hay bay màu, thoải mái ko gò bó

* Màu sắc, kích thước: Váy ulzzang dáng dài tiểu thư cổ tim Hàn Quốc, Đầm vintage dài tay cổ tim phong cách ulzzang Hàn Quốc
    + Váy có màu: Nâu, Xanh Đen
-Size S: 44-47kg
-Size M: 47-50kg
-Size L: 50-54kg

Quý khách vui lòng inbox ngay cho shop nếu cần tư vấn thêm về size

* Hướng dẫn sử dụng, bảo quản: Váy ulzzang dáng dài tiểu thư cổ tim Hàn Quốc, Đầm vintage dài tay cổ tim phong cách ulzzang Hàn Quốc
    + Lần đầu nên lộn trái váy và giặt ở nhiệt độ thường
    + Không dùng chất tẩy mạnh
    + Khi phơi nên lộn trái váy tránh bị phai màu
    + Là, ủi váy ở nhiệt độ thích hợp

️* Cam kết của shop
    + Cam kết chất lượng sản phẩm giống với mô tả, hình ảnh.
    + Sản phẩm được kiểm tra cẩn thận, kĩ càng trước khi gói hàng giao cho Quý khách
    + Hàng còn mới 100% và chưa qua sử dụng
    + Chấp nhận đổi hàng khi size không vừa
    + Giao hàng trên toàn quốc, nhận hàng mới trả tiền
    + Hỗ trợ đổi trả theo quy định của Shopee 

1. Điều kiện áp dụng (trong vòng 07 ngày kể từ khi nhận sản phẩm) 
- Hàng hoá vẫn còn mới, chưa qua sử dụng 
- Hàng hoá bị lỗi hoặc hư hỏng do vận chuyển hoặc do nhà sản xuất 
2. Trường hợp được chấp nhận: 
- Hàng không đúng size, kiểu dáng như quý khách đặt hàng 
- Không đủ số lượng, không đủ bộ như trong đơn hàng 
3. Trường hợp không đủ điều kiện áp dụng chính sách: 
- Quá 07 ngày kể từ khi Quý khách nhận hàng 
- Gửi lại hàng không đúng mẫu mã, không phải sản phẩm của ROXIE.
- Không thích, không hợp, đặt nhầm mã, nhầm màu,... 
Do màn hình và điều kiện ánh sáng khác nhau, màu sắc thực tế của sản phẩm có thể chênh lệch khoảng 3-5%

#dam #nu #vay #dai #caro #ulzzang #vintage #vaysuong #vaydai #damnu #vayvintage #damvintage #damdai #vaynu #roxie');
            
            INSERT INTO product_images (product_id, name, path) 
            VALUES (5817987325, 'SP_5817987325_1.jpg', 'images/products/10/SP_5817987325_1.jpg');
            
            INSERT INTO product_images (product_id, name, path) 
            VALUES (5817987325, 'SP_5817987325_2.jpg', 'images/products/10/SP_5817987325_2.jpg');
            
            INSERT INTO product_images (product_id, name, path) 
            VALUES (5817987325, 'SP_5817987325_3.jpg', 'images/products/10/SP_5817987325_3.jpg');
            
            INSERT INTO product_images (product_id, name, path) 
            VALUES (5817987325, 'SP_5817987325_4.jpg', 'images/products/10/SP_5817987325_4.jpg');
            
            INSERT INTO product_images (product_id, name, path) 
            VALUES (5817987325, 'SP_5817987325_5.jpg', 'images/products/10/SP_5817987325_5.jpg');
            
            INSERT INTO product_images (product_id, name, path) 
            VALUES (5817987325, 'SP_5817987325_6.jpg', 'images/products/10/SP_5817987325_6.jpg');
            
            INSERT INTO product_images (product_id, name, path) 
            VALUES (5817987325, 'SP_5817987325_7.jpg', 'images/products/10/SP_5817987325_7.jpg');
            
            INSERT INTO product_images (product_id, name, path) 
            VALUES (5817987325, 'SP_5817987325_8.jpg', 'images/products/10/SP_5817987325_8.jpg');
            
            INSERT INTO product_details (id, product_id, size, color, unique_search_id, quantity)
            VALUES (13856010946, 5817987325, 'S (44-47kg)', 'Nâu', ' ()-4447agknsu', 5);
            
            INSERT INTO product_details (id, product_id, size, color, unique_search_id, quantity)
            VALUES (13856010947, 5817987325, 'M (47-50kg)', 'Nâu', ' ()-0457agkmnu', 6);
            
            INSERT INTO product_details (id, product_id, size, color, unique_search_id, quantity)
            VALUES (13856010948, 5817987325, 'L (50-54kg)', 'Nâu', ' ()-0455agklnu', 1);
            
            INSERT INTO product_details (id, product_id, size, color, unique_search_id, quantity)
            VALUES (13856010949, 5817987325, 'S (44-47kg)', ' Xanh Đen', '   ()-4447adeghknnsx', 5);
            
            INSERT INTO product_details (id, product_id, size, color, unique_search_id, quantity)
            VALUES (13856010950, 5817987325, 'M (47-50kg)', ' Xanh Đen', '   ()-0457adeghkmnnx', 1);
            
            INSERT INTO product_details (id, product_id, size, color, unique_search_id, quantity)
            VALUES (13856010951, 5817987325, 'L (50-54kg)', ' Xanh Đen', '   ()-0455adeghklnnx', 5);
            
            INSERT INTO product_details (id, product_id, size, color, unique_search_id, quantity)
            VALUES (13856010952, 5817987325, 'S (44-47kg)', 'Quần mặc trong váy', '    ()-4447aaacggkmnnoqrstuvy', 0);
            
            INSERT INTO product_details (id, product_id, size, color, unique_search_id, quantity)
            VALUES (13856010953, 5817987325, 'M (47-50kg)', 'Quần mặc trong váy', '    ()-0457aaacggkmmnnoqrtuvy', 0);
            
            INSERT INTO product_details (id, product_id, size, color, unique_search_id, quantity)
            VALUES (13856010954, 5817987325, 'L (50-54kg)', 'Quần mặc trong váy', '    ()-0455aaacggklmnnoqrtuvy', 0);
            
            INSERT INTO product_details (id, product_id, size, color, unique_search_id, quantity)
            VALUES (54612874860, 5817987325, 'XL (55-60kg)', ' Xanh Đen', '   ()-0556adeghklnnxx', 1);
            
            INSERT INTO product_details (id, product_id, size, color, unique_search_id, quantity)
            VALUES (54612874861, 5817987325, 'XL (55-60kg)', 'Nâu', ' ()-0556agklnux', 0);
            
            INSERT INTO product_details (id, product_id, size, color, unique_search_id, quantity)
            VALUES (54612874862, 5817987325, 'XL (55-60kg)', 'Quần mặc trong váy', '    ()-0556aaacggklmnnoqrtuvxy', 0);
            
            INSERT INTO products (id, sku, name, slug, category_id, unit_price, sale_price, preview_image_name, preview_image_path, views, description)
            VALUES (5144126798, 'SP10004', 'Váy cổ vuông rút bèo tay dài', 'vay-co-vuong-rut-beo-tay-dai', 10, 155000, 280000, 'SP_5144126798_0.jpg', 'images/products/10/SP_5144126798_0.jpg', 13100, '💥 ĐẦM CỔ VUÔNG RÚT BÈO💥

👉👉👉form xinh miễn bàn chất lượng khỏi chê nha, lót đúp cả đầm 💃💃💃
✔️Màu: nude/ đỏ đô/ trắng
✔️Size: S/M /L
✔️ Chất liệu: cotton mềm (vải hạt chéo) lót đúp cả đầm , không phải thun
ĐẦM DÀI 105cm chưa rút
〰️ Size S: 82-66-free
〰️ Size M: 86-70-free
〰️ Size L: 88-74-free
💵 2️⃣0️⃣5️⃣.0️⃣0️⃣0️⃣

Mua hàng tại Shopee: https://shopee.prf.hn/click/camref:1011ldrpg/destination:https%3A%2F%2Fshopee.vn%2Funiversal-link%2Fngocthai22
➖➖➖➖➖➖➖➖➖➖➖➖➖➖➖➖
                THAI KIM NGOC
CHUYÊN SỈ& LẺ THỜI TRANG THIẾT KẾ
➖ Sỉ từ 10sp (không bỏ sỉ mặc)
➖ Sỉ add 0938795471 (note lấy sỉ)

#ngocthai22 #thaikimngoc #đầm #váy #cưới #tiệc #đầmxoè #đầmcôngsở #đầmxinh #đầmdựtiệc #đầmtiệc #cưới #đầmváy
#đầmtrắng #damtrang #vaytrang #váytrắng
');
            
            INSERT INTO product_images (product_id, name, path) 
            VALUES (5144126798, 'SP_5144126798_1.jpg', 'images/products/10/SP_5144126798_1.jpg');
            
            INSERT INTO product_images (product_id, name, path) 
            VALUES (5144126798, 'SP_5144126798_2.jpg', 'images/products/10/SP_5144126798_2.jpg');
            
            INSERT INTO product_images (product_id, name, path) 
            VALUES (5144126798, 'SP_5144126798_3.jpg', 'images/products/10/SP_5144126798_3.jpg');
            
            INSERT INTO product_images (product_id, name, path) 
            VALUES (5144126798, 'SP_5144126798_4.jpg', 'images/products/10/SP_5144126798_4.jpg');
            
            INSERT INTO product_images (product_id, name, path) 
            VALUES (5144126798, 'SP_5144126798_5.jpg', 'images/products/10/SP_5144126798_5.jpg');
            
            INSERT INTO product_images (product_id, name, path) 
            VALUES (5144126798, 'SP_5144126798_6.jpg', 'images/products/10/SP_5144126798_6.jpg');
            
            INSERT INTO product_images (product_id, name, path) 
            VALUES (5144126798, 'SP_5144126798_7.jpg', 'images/products/10/SP_5144126798_7.jpg');
            
            INSERT INTO product_images (product_id, name, path) 
            VALUES (5144126798, 'SP_5144126798_8.jpg', 'images/products/10/SP_5144126798_8.jpg');
            
            INSERT INTO product_images (product_id, name, path) 
            VALUES (5144126798, 'SP_5144126798_9.jpg', 'images/products/10/SP_5144126798_9.jpg');
            
            INSERT INTO product_details (id, product_id, size, color, unique_search_id, quantity)
            VALUES (22356466683, 5144126798, 'Size L', 'Trắng(cotton mềm)', '  ()aceegilmmnnoorstttz', 20);
            
            INSERT INTO product_details (id, product_id, size, color, unique_search_id, quantity)
            VALUES (22356466684, 5144126798, 'Size L', 'Đỏ đô(cotton mềm)', '   ()cddeeilmmnoooosttz', 81);
            
            INSERT INTO product_details (id, product_id, size, color, unique_search_id, quantity)
            VALUES (22356466685, 5144126798, 'Size L', 'Nude(cotton mềm)', '  ()cdeeeilmmnnoosttuz', 83);
            
            INSERT INTO product_details (id, product_id, size, color, unique_search_id, quantity)
            VALUES (30623965847, 5144126798, 'Size S (TN)', 'Nude(cotton mềm)', '   (())cdeeeimmnnnoosstttuz', 0);
            
            INSERT INTO product_details (id, product_id, size, color, unique_search_id, quantity)
            VALUES (30623965848, 5144126798, 'Size S (TN)', 'Đỏ đô(cotton mềm)', '    (())cddeeimmnnoooosstttz', 1);
            
            INSERT INTO product_details (id, product_id, size, color, unique_search_id, quantity)
            VALUES (61202864749, 5144126798, 'Size M (TN)', 'Đỏ đô(cotton mềm)', '    (())cddeeimmmnnoooostttz', 92);
            
            INSERT INTO product_details (id, product_id, size, color, unique_search_id, quantity)
            VALUES (61202864750, 5144126798, 'Size S (TN)', 'Trắng(cotton mềm)', '   (())aceegimmnnnoorssttttz', 1);
            
            INSERT INTO product_details (id, product_id, size, color, unique_search_id, quantity)
            VALUES (61202864751, 5144126798, 'Size M (TN)', 'Trắng(cotton mềm)', '   (())aceegimmmnnnoorsttttz', 15);
            
            INSERT INTO product_details (id, product_id, size, color, unique_search_id, quantity)
            VALUES (61202864752, 5144126798, 'Size M (TN)', 'Nude(cotton mềm)', '   (())cdeeeimmmnnnoostttuz', 34);
            
            INSERT INTO products (id, sku, name, slug, category_id, unit_price, sale_price, preview_image_name, preview_image_path, views, description)
            VALUES (4269968357, 'SP10005', 'Váy trắng dài Jessica Dress -Lyn- Váy dài qua gối chất liệu gân Hàn cao cáp dáng xoè,dự tiệc,đi cưới,kỷ yếu.', 'vay-trang-dai-jessica-dress-lyn-vay-dai-qua-goi-chat-lieu-gan-han-cao-cap-dang-xoe,du-tiec,di-cuoi,ky-yeu', 10, 298000, 380000, 'SP_4269968357_0.jpg', 'images/products/10/SP_4269968357_0.jpg', 9107, 'Váy thiết kế trắng Jessica Dress dáng xoè,dự tiệc,đi cưới,kỷ yếu. 
Màu sắc: trắng 
Chất liệu:gân Hàn,lưới tuxu,lưới đính trai
Size:S;M;L

Size S : 38-45kg
Size M. : 46-54kg
Size L :  56- 65kg

Lưu ý: size theo chiều cao và kg, phù hợp cho dáng người trung bình, nếu mập, cao phải tăng size. 
✪ Kiểu Dáng :Form chuẩn phù hợp với vóc dáng phụ nữ Việt Nam 
✪ Sản Xuất : Sản xuất trực tiếp tại xưởng - hàng Việt Nam Xuất Khẩu 

 Shop CAM KẾT :
✔Về sản phẩm: ẢNH THẬT DO SHOP CHỤP. Shop cam kết cả về CHẤT LIỆU cũng như HÌNH DÁNG ( đúng với những gì được nêu bật trong phần mô tả sản phẩm). 
✔Về giá cả : Shop nhập với số lượng nhiều và trực tiếp nên chi phí sẽ là RẺ NHẤT nhé. 
✔Về dịch vụ: Shop sẽ cố gắng trả lời hết những thắc mắc xoay quanh sản phẩm nhé. 
✔Thời gian chuẩn bị hàng: Hàng có sẵn, thời gian chuẩn bị tối ưu nhất. 

🍃Quyền Lợi của Khách Hàng :
 ✔Chính sách bao đổi trả hàng miễn phí khi sản phẩm kém chất lượng và không giống hình, nhầm size, số lượng.
Khách hàng cũ : Mua lần thứ 2 trở đi sẽ được nhận mã giảm giá của shop
 << ib ngay cho mình nha>> để nhận nào . 

LƯU Ý KHI SỬ DỤNG CÁC SẢN PHẨM CỦA SHOP 
- Đối vơi sản phẩm đa dạng về chất liệu, kiểu dáng cách bảo quản sản phẩm tốt nhất là giặt tay với bột (nước) giặt nhẹ để giữ được độ bền của vải, tránh bị phai màu từ các loại quần áo khác. 
- Đối với những sản phẩm có thể giặt máy, chỉ nên để ở chế độ giặt nhẹ, hoặc mức trung bình và nên phân loại sản phẩm cùng màu và cùng loại vải khi giặt. 
- Nên phơi sản phẩm ở nơi thoáng mát, tránh ánh nắng trực tiếp dễ bị phai bạc màu, nên làm khô quần áo bằng cách phơi ở những điểm đón gió sẽ giữ được màu vải tốt hơn.

- Địa Chỉ Liên Hệ: Số 9 Ngách 506/10 Ngõ 506 Kim Giang Hoàng Mai Hà Nội 
- Hotline: 0921805860
#vaynu #damnu #vay #dam #vaybabydoll #dambabydoll #vaymidi #dammidi #vayvoan #vaydutiec #vayxinh #freeship #vaynuthoitrang #vaynuhanquoc

');
            
            INSERT INTO product_images (product_id, name, path) 
            VALUES (4269968357, 'SP_4269968357_1.jpg', 'images/products/10/SP_4269968357_1.jpg');
            
            INSERT INTO product_images (product_id, name, path) 
            VALUES (4269968357, 'SP_4269968357_2.jpg', 'images/products/10/SP_4269968357_2.jpg');
            
            INSERT INTO product_images (product_id, name, path) 
            VALUES (4269968357, 'SP_4269968357_3.jpg', 'images/products/10/SP_4269968357_3.jpg');
            
            INSERT INTO product_images (product_id, name, path) 
            VALUES (4269968357, 'SP_4269968357_4.jpg', 'images/products/10/SP_4269968357_4.jpg');
            
            INSERT INTO product_images (product_id, name, path) 
            VALUES (4269968357, 'SP_4269968357_5.jpg', 'images/products/10/SP_4269968357_5.jpg');
            
            INSERT INTO product_images (product_id, name, path) 
            VALUES (4269968357, 'SP_4269968357_6.jpg', 'images/products/10/SP_4269968357_6.jpg');
            
            INSERT INTO product_details (id, product_id, size, color, unique_search_id, quantity)
            VALUES (62535327865, 4269968357, 'M', 'Trắng', 'agmnrt', 87);
            
            INSERT INTO product_details (id, product_id, size, color, unique_search_id, quantity)
            VALUES (62535327866, 4269968357, 'L', 'Trắng', 'aglnrt', 93);
            
            INSERT INTO product_details (id, product_id, size, color, unique_search_id, quantity)
            VALUES (62535327867, 4269968357, 'S', 'Trắng', 'agnrst', 86);
            
            INSERT INTO products (id, sku, name, slug, category_id, unit_price, sale_price, preview_image_name, preview_image_path, views, description)
            VALUES (9244747998, 'SP10006', 'Váy Cổ Vuông Tay Dài Nữ ALICE Dáng Xòe Rộng Thắt Eo Tay Dài Bồng Bo Tay Thanh Lịch Cho Nữ Đi Dự Tiệc V657', 'vay-co-vuong-tay-dai-nu-alice-dang-xoe-rong-that-eo-tay-dai-bong-bo-tay-thanh-lich-cho-nu-di-du-tiec-v657', 10, 273000, 420000, 'SP_9244747998_0.jpg', 'images/products/10/SP_9244747998_0.jpg', 69, '💎 THÔNG TIN SẢN PHẨM
- Tên sản phẩm: Váy Cổ Vuông Tay Dài Nữ ALICE Dáng Xòe Rộng Thắt Eo Tay Dài Bồng Bo Tay Thanh Lịch Cho Nữ Đi Dự Tiệc V657
- Mã sản phẩm: V657
- Thương hiệu: ALICE 
- Xuất xứ: Việt Nam
- Chất liệu: Váy chất chéo hàn 
- Màu sắc: Đỏ 
- Kiểu dáng: Váy dáng xòe
- Họa tiết: Trơn 
- Size: S - M - L - XL

💎 BẢNG QUY ĐỔI KÍCH CỠ 
Bảng size theo số đo 3 vòng
SIZE                   S             M             L             XL 
Vòng 1:              86            90           94            98
Vòng 2:              66            70           74            78 
Vòng 3:              90            94           98           102

Bảng size theo cân nặng - chiều cao
SIZE                                S                    M                   L                     XL 
Cân nặng (Kg):           44 - 50            50 - 54           55 - 62            60 - 70
Chiều cao (cm):        148 - 160        148 - 160       151 - 161        155 - 170

💎 MÔ TẢ SẢN PHẨM
- Váy chất chéo hàn mềm mịn, lót lụa, co giãn nhẹ, thấm hút mồ hôi tốt, mặc mát. Đường may cao cấp, không bai, không xù, không dão.
- Váy được thiết kế dáng xòe rộng, thắt eo tôn dáng, cổ vuông thanh lịch, sang trọng.
- Sản phẩm phù hợp đi dự tiệc, đi chơi, đi dạo phố.

💎 HƯỚNG DẪN SỬ DỤNG VÀ BẢO QUẢN
- Giặt máy nhẹ nhàng, ở nhiệt độ thường
- Không nên chà xát mạnh bằng bàn chải, tránh phơi dưới ánh nắng gắt trực tiếp.
- Không sử dụng hóa chất tẩy
- Khi ủi sản phẩm, nên ủi bằng bàn là sử dụng chế độ hơi nước sẽ làm cho sản phẩm dễ ủi phẳng, mặt vải không bị cháy, bóng lỳ do sức nóng của nhiệt và giữ vải cũng như mầu vải của sản phẩm được đẹp và bền lâu hơn. Để nhiệt độ bàn là tùy theo từng chất liệu vải.

💎 CAM KẾT VÀ BẢO HÀNH
- Đảm bảo hàng chính hãng, cam kết sản phẩm đúng với mô tả và hình ảnh của shop
- Đổi trả sản phẩm, size trong vòng 3 ngày nếu do lỗi sản xuất. 
- Nếu có bất kì khiếu nại cần Shop hỗ trợ về sản phẩm, khi nhận được sản phẩm Quý Khách hàng vui lòng quay lại video quá trình mở sản phẩm để được đảm bảo 100% đổi lại sản phẩm mới nếu Shop giao bị lỗi.

--------------🌸🌿🌸 ALICE OFFICIAL 🌸🌿🌸-------------- ❤
Phương châm Bán Hàng Có Tâm - Khách hàng khi nhận hàng phải ưng ý nhất.
❤ Thiết kế những sản phẩm đẹp nhất, lung linh nhất. 
❤ Cập nhật xu hướng Phong cách & Thời thượng cùng chất liệu cao cấp. 
❤ Váy Đầm Thiết Kế được may tỉ mỉ thủ công hoàn toàn từ những người thợ lành nghề nhất.

#alice #aliceofficial #vaycovuong #vaycovuongtaybong #vaycovuongdangdai #vaycovuonghoanhi #vaycovuongtaydai #vaycovuongxeta #vaycovuongtrang #vaycovuongdo #vaycovuongden #vaycovuongnu #vaycovuongtaydainu #vaycovuongnutaybong #vaycovuongnudangdai #vaycovuongnutaydai #vaycovuongnutrang #vaycovuongnudo #vaycovuongnuden');
            
            INSERT INTO product_images (product_id, name, path) 
            VALUES (9244747998, 'SP_9244747998_1.jpg', 'images/products/10/SP_9244747998_1.jpg');
            
            INSERT INTO product_images (product_id, name, path) 
            VALUES (9244747998, 'SP_9244747998_2.jpg', 'images/products/10/SP_9244747998_2.jpg');
            
            INSERT INTO product_images (product_id, name, path) 
            VALUES (9244747998, 'SP_9244747998_3.jpg', 'images/products/10/SP_9244747998_3.jpg');
            
            INSERT INTO product_images (product_id, name, path) 
            VALUES (9244747998, 'SP_9244747998_4.jpg', 'images/products/10/SP_9244747998_4.jpg');
            
            INSERT INTO product_images (product_id, name, path) 
            VALUES (9244747998, 'SP_9244747998_5.jpg', 'images/products/10/SP_9244747998_5.jpg');
            
            INSERT INTO product_images (product_id, name, path) 
            VALUES (9244747998, 'SP_9244747998_6.jpg', 'images/products/10/SP_9244747998_6.jpg');
            
            INSERT INTO product_images (product_id, name, path) 
            VALUES (9244747998, 'SP_9244747998_7.jpg', 'images/products/10/SP_9244747998_7.jpg');
            
            INSERT INTO product_details (id, product_id, size, color, unique_search_id, quantity)
            VALUES (25475576660, 9244747998, 'S', 'Đỏ', 'dos', 20);
            
            INSERT INTO product_details (id, product_id, size, color, unique_search_id, quantity)
            VALUES (25475576661, 9244747998, 'M', 'Đỏ', 'dmo', 20);
            
            INSERT INTO product_details (id, product_id, size, color, unique_search_id, quantity)
            VALUES (25475576662, 9244747998, 'L', 'Đỏ', 'dlo', 20);
            
            INSERT INTO product_details (id, product_id, size, color, unique_search_id, quantity)
            VALUES (25475576663, 9244747998, 'XL', 'Đỏ', 'dlox', 0);
            
            INSERT INTO products (id, sku, name, slug, category_id, unit_price, sale_price, preview_image_name, preview_image_path, views, description)
            VALUES (4484874180, 'SP10007', 'Váy maxi nữ Váy suông Váy dáng dài mùa hè 2021 phong cách mới khí chất Pháp Váy dài qua gối cổ chữ V nữ đầu', 'vay-maxi-nu-vay-suong-vay-dang-dai-mua-he-2021-phong-cach-moi-khi-chat-phap-vay-dai-qua-goi-co-chu-v-nu-dau', 10, 253000, 656000, 'SP_4484874180_0.jpg', 'images/products/10/SP_4484874180_0.jpg', 29, '??? Các sản phẩm trong cửa hàng đều được bán hết.
? Shop giảm giá hơn 10% ?
?Store có thể cung cấp
? Luôn kèm theo hình ảnh / video thực tế. Hãy chắc chắn rằng hình ảnh là chính xác.
? Nếu không giống trong hình, cam kết hoàn tiền 100%.
? Giá rẻ mà chất lượng đảm bảo, chất vải đẹp, tha hồ lựa chọn và đặt hàng! !!
? Áo đẹp nhiều màu
? Có đầy đủ kích thước.
? Nếu bạn có bất kỳ câu hỏi nào, vui lòng liên hệ với bộ phận chăm sóc khách hàng.');
            
            INSERT INTO product_images (product_id, name, path) 
            VALUES (4484874180, 'SP_4484874180_1.jpg', 'images/products/10/SP_4484874180_1.jpg');
            
            INSERT INTO product_images (product_id, name, path) 
            VALUES (4484874180, 'SP_4484874180_2.jpg', 'images/products/10/SP_4484874180_2.jpg');
            
            INSERT INTO product_images (product_id, name, path) 
            VALUES (4484874180, 'SP_4484874180_3.jpg', 'images/products/10/SP_4484874180_3.jpg');
            
            INSERT INTO product_images (product_id, name, path) 
            VALUES (4484874180, 'SP_4484874180_4.jpg', 'images/products/10/SP_4484874180_4.jpg');
            
            INSERT INTO product_details (id, product_id, size, color, unique_search_id, quantity)
            VALUES (64683122528, 4484874180, ' S ', ' đen [ngắn tay] ', '      []aadegnnnsty', 500);
            
            INSERT INTO product_details (id, product_id, size, color, unique_search_id, quantity)
            VALUES (64683122529, 4484874180, ' S ', ' Tay áo dài màu đen ', '        aaaaddeimnostuy', 500);
            
            INSERT INTO product_details (id, product_id, size, color, unique_search_id, quantity)
            VALUES (64683122530, 4484874180, ' M ', ' Tay áo dài màu đen ', '        aaaaddeimmnotuy', 500);
            
            INSERT INTO product_details (id, product_id, size, color, unique_search_id, quantity)
            VALUES (64683122531, 4484874180, ' M ', ' Màu tím tay áo dài ', '        aaaadiimmmottuy', 500);
            
            INSERT INTO product_details (id, product_id, size, color, unique_search_id, quantity)
            VALUES (64683122532, 4484874180, ' XL ', 'Màu tím [Tay áo n', '      [aaailmmnottuxy', 500);
            
            INSERT INTO product_details (id, product_id, size, color, unique_search_id, quantity)
            VALUES (64683122533, 4484874180, ' M ', 'Màu đỏ tía [Tay á', '      [aaaadimmottuy', 500);
            
            INSERT INTO product_details (id, product_id, size, color, unique_search_id, quantity)
            VALUES (64683122534, 4484874180, ' M ', ' đen [ngắn tay] ', '      []aadegmnnnty', 500);
            
            INSERT INTO product_details (id, product_id, size, color, unique_search_id, quantity)
            VALUES (64683122535, 4484874180, ' M ', 'Áo dài tay màu vàng ', '       aaaaadgimmnotuvy', 500);
            
            INSERT INTO product_details (id, product_id, size, color, unique_search_id, quantity)
            VALUES (64683122536, 4484874180, ' S ', ' Màu tím tay áo dài ', '        aaaadiimmosttuy', 500);
            
            INSERT INTO product_details (id, product_id, size, color, unique_search_id, quantity)
            VALUES (64683122537, 4484874180, ' S ', 'Màu trắng tay áo', '     aaaagmnorsttuy', 500);
            
            INSERT INTO product_details (id, product_id, size, color, unique_search_id, quantity)
            VALUES (64683122538, 4484874180, ' L ', 'Màu trắng tay áo', '     aaaaglmnorttuy', 500);
            
            INSERT INTO product_details (id, product_id, size, color, unique_search_id, quantity)
            VALUES (64683122539, 4484874180, ' XL ', 'xanh lam [ngắn ta', '     [aaaaghllmnnntxx', 500);
            
            INSERT INTO product_details (id, product_id, size, color, unique_search_id, quantity)
            VALUES (64683122540, 4484874180, ' L ', 'Màu tím [Tay áo n', '      [aaailmmnottuy', 500);
            
            INSERT INTO product_details (id, product_id, size, color, unique_search_id, quantity)
            VALUES (64683122541, 4484874180, ' L ', ' đen [ngắn tay] ', '      []aadeglnnnty', 500);
            
            INSERT INTO product_details (id, product_id, size, color, unique_search_id, quantity)
            VALUES (64683122542, 4484874180, ' M ', 'Màu tím [Tay áo n', '      [aaaimmmnottuy', 500);
            
            INSERT INTO product_details (id, product_id, size, color, unique_search_id, quantity)
            VALUES (64683122543, 4484874180, ' XL ', ' Màu tím tay áo dài ', '        aaaadiilmmottuxy', 500);
            
            INSERT INTO product_details (id, product_id, size, color, unique_search_id, quantity)
            VALUES (64683122544, 4484874180, ' XL ', ' Tay áo dài màu mơ ', '        aaaadilmmootuxy', 500);
            
            INSERT INTO product_details (id, product_id, size, color, unique_search_id, quantity)
            VALUES (64683122545, 4484874180, ' M ', 'Màu trắng tay áo', '     aaaagmmnorttuy', 500);
            
            INSERT INTO product_details (id, product_id, size, color, unique_search_id, quantity)
            VALUES (64683122546, 4484874180, ' XL ', 'Màu đỏ tía [Tay á', '      [aaaadilmottuxy', 500);
            
            INSERT INTO product_details (id, product_id, size, color, unique_search_id, quantity)
            VALUES (64683122547, 4484874180, ' M ', 'xanh lam [ngắn ta', '     [aaaaghlmmnnntx', 500);
            
            INSERT INTO product_details (id, product_id, size, color, unique_search_id, quantity)
            VALUES (64683122548, 4484874180, ' M ', ' Tay áo dài màu mơ ', '        aaaadimmmootuy', 500);
            
            INSERT INTO product_details (id, product_id, size, color, unique_search_id, quantity)
            VALUES (64683122549, 4484874180, ' XL ', 'Màu trắng tay áo', '     aaaaglmnorttuxy', 500);
            
            INSERT INTO product_details (id, product_id, size, color, unique_search_id, quantity)
            VALUES (64683122550, 4484874180, ' L ', 'Màu đỏ tía [Tay á', '      [aaaadilmottuy', 500);
            
            INSERT INTO product_details (id, product_id, size, color, unique_search_id, quantity)
            VALUES (64683122551, 4484874180, ' L ', 'xanh lam [ngắn ta', '     [aaaaghllmnnntx', 500);
            
            INSERT INTO product_details (id, product_id, size, color, unique_search_id, quantity)
            VALUES (64683122552, 4484874180, ' S ', 'Màu xanh lá cây [', '      [aaaachlmnsuxy', 486);
            
            INSERT INTO product_details (id, product_id, size, color, unique_search_id, quantity)
            VALUES (64683122553, 4484874180, ' XL ', 'Màu xanh lá cây [', '      [aaaachllmnuxxy', 500);
            
            INSERT INTO product_details (id, product_id, size, color, unique_search_id, quantity)
            VALUES (64683122554, 4484874180, ' XL ', ' đen [ngắn tay] ', '      []aadeglnnntxy', 500);
            
            INSERT INTO product_details (id, product_id, size, color, unique_search_id, quantity)
            VALUES (64683122555, 4484874180, ' L ', 'trắng [ngắn tay]', '    []aaagglnnnrtty', 500);
            
            INSERT INTO product_details (id, product_id, size, color, unique_search_id, quantity)
            VALUES (64683122556, 4484874180, ' S ', 'Màu đỏ tía [Tay á', '      [aaaadimosttuy', 500);
            
            INSERT INTO product_details (id, product_id, size, color, unique_search_id, quantity)
            VALUES (64683122557, 4484874180, ' S ', 'Màu tím [Tay áo n', '      [aaaimmnosttuy', 500);
            
            INSERT INTO product_details (id, product_id, size, color, unique_search_id, quantity)
            VALUES (64683122558, 4484874180, ' L ', 'Áo dài tay màu vàng ', '       aaaaadgilmnotuvy', 500);
            
            INSERT INTO product_details (id, product_id, size, color, unique_search_id, quantity)
            VALUES (64683122559, 4484874180, ' L ', ' Tay áo dài màu mơ ', '        aaaadilmmootuy', 500);
            
            INSERT INTO product_details (id, product_id, size, color, unique_search_id, quantity)
            VALUES (64683122560, 4484874180, ' S ', ' Tay áo dài màu mơ ', '        aaaadimmoostuy', 500);
            
            INSERT INTO product_details (id, product_id, size, color, unique_search_id, quantity)
            VALUES (64683122561, 4484874180, ' L ', 'Màu xanh lá cây [', '      [aaaachllmnuxy', 500);
            
            INSERT INTO product_details (id, product_id, size, color, unique_search_id, quantity)
            VALUES (64683122562, 4484874180, ' M ', 'Màu xanh lá cây [', '      [aaaachlmmnuxy', 500);
            
            INSERT INTO product_details (id, product_id, size, color, unique_search_id, quantity)
            VALUES (64683122563, 4484874180, ' M ', 'trắng [ngắn tay]', '    []aaaggmnnnrtty', 500);
            
            INSERT INTO product_details (id, product_id, size, color, unique_search_id, quantity)
            VALUES (64683122564, 4484874180, ' S ', 'xanh lam [ngắn ta', '     [aaaaghlmnnnstx', 497);
            
            INSERT INTO product_details (id, product_id, size, color, unique_search_id, quantity)
            VALUES (64683122565, 4484874180, ' S ', 'trắng [ngắn tay]', '    []aaaggnnnrstty', 500);
            
            INSERT INTO product_details (id, product_id, size, color, unique_search_id, quantity)
            VALUES (64683122566, 4484874180, ' XL ', 'Áo dài tay màu vàng ', '       aaaaadgilmnotuvxy', 500);
            
            INSERT INTO product_details (id, product_id, size, color, unique_search_id, quantity)
            VALUES (64683122567, 4484874180, ' S ', 'Áo dài tay màu vàng ', '       aaaaadgimnostuvy', 500);
            
            INSERT INTO product_details (id, product_id, size, color, unique_search_id, quantity)
            VALUES (64683122568, 4484874180, ' L ', ' Tay áo dài màu đen ', '        aaaaddeilmnotuy', 500);
            
            INSERT INTO product_details (id, product_id, size, color, unique_search_id, quantity)
            VALUES (64683122569, 4484874180, ' XL ', ' Tay áo dài màu đen ', '        aaaaddeilmnotuxy', 500);
            
            INSERT INTO product_details (id, product_id, size, color, unique_search_id, quantity)
            VALUES (64683122570, 4484874180, ' L ', ' Màu tím tay áo dài ', '        aaaadiilmmottuy', 500);
            
            INSERT INTO product_details (id, product_id, size, color, unique_search_id, quantity)
            VALUES (64683122571, 4484874180, ' XL ', 'trắng [ngắn tay]', '    []aaagglnnnrttxy', 500);
            
            INSERT INTO products (id, sku, name, slug, category_id, unit_price, sale_price, preview_image_name, preview_image_path, views, description)
            VALUES (4081736556, 'SP10008', 'Váy voan trung dài phổ biến mùa xuân hè 2021 Pháp mới siêu cổ tích rừng thần tiên ngọt ngào qua đầu gối', 'vay-voan-trung-dai-pho-bien-mua-xuan-he-2021-phap-moi-sieu-co-tich-rung-than-tien-ngot-ngao-qua-dau-goi', 10, 275000, 550000, 'SP_4081736556_0.jpg', 'images/products/10/SP_4081736556_0.jpg', 13, '💁🏻 Hướng dẫn mua hàng:

🔺Sản phẩm sẽ được giao sau khoảng 15 ngày kể từ khi đặt hàng, nếu có ngày lễ sẽ giao hàng chậm hơn 2-3 ngày, các bạn đừng đặt hàng gấp nhé!
🔺 Giờ phục vụ trực tuyến từ Thứ Hai đến Thứ Sáu, 9: 30-19: 30 và dịch vụ khách hàng sẽ được cung cấp vào Thứ Bảy và Chủ Nhật. Nếu bạn cần dịch vụ, vui lòng kiên nhẫn chờ đợi.
Sau khi đặt hàng, bạn có thể thay đổi và hủy đơn hàng tùy ý, cửa hàng sẽ không phục vụ bạn nữa!
Do ánh sáng chụp và sản phẩm thực tế, sản phẩm sẽ có một chút sắc sai và sẽ bị mòn một chút sau khi vận chuyển.
Cảm ơn bạn đã ghé thăm cửa hàng của chúng tôi! chúc bạn một cuộc sống hạnh phúc! !');
            
            INSERT INTO product_images (product_id, name, path) 
            VALUES (4081736556, 'SP_4081736556_1.jpg', 'images/products/10/SP_4081736556_1.jpg');
            
            INSERT INTO product_images (product_id, name, path) 
            VALUES (4081736556, 'SP_4081736556_2.jpg', 'images/products/10/SP_4081736556_2.jpg');
            
            INSERT INTO product_images (product_id, name, path) 
            VALUES (4081736556, 'SP_4081736556_3.jpg', 'images/products/10/SP_4081736556_3.jpg');
            
            INSERT INTO product_images (product_id, name, path) 
            VALUES (4081736556, 'SP_4081736556_4.jpg', 'images/products/10/SP_4081736556_4.jpg');
            
            INSERT INTO product_images (product_id, name, path) 
            VALUES (4081736556, 'SP_4081736556_5.jpg', 'images/products/10/SP_4081736556_5.jpg');
            
            INSERT INTO product_images (product_id, name, path) 
            VALUES (4081736556, 'SP_4081736556_6.jpg', 'images/products/10/SP_4081736556_6.jpg');
            
            INSERT INTO product_images (product_id, name, path) 
            VALUES (4081736556, 'SP_4081736556_7.jpg', 'images/products/10/SP_4081736556_7.jpg');
            
            INSERT INTO product_details (id, product_id, size, color, unique_search_id, quantity)
            VALUES (74126128641, 4081736556, ' L ', ' màu xanh lá cây táo', '       aaaaachllmnotuxy', 1000);
            
            INSERT INTO product_details (id, product_id, size, color, unique_search_id, quantity)
            VALUES (74126128642, 4081736556, ' 2XL ', ' màu xanh lá cây táo', '       2aaaaachllmnotuxxy', 1000);
            
            INSERT INTO product_details (id, product_id, size, color, unique_search_id, quantity)
            VALUES (74126128643, 4081736556, ' L ', ' xanh da trời ', '      aadhilnortx', 1000);
            
            INSERT INTO product_details (id, product_id, size, color, unique_search_id, quantity)
            VALUES (74126128644, 4081736556, ' 3XL ', ' xanh da trời ', '      3aadhilnortxx', 1000);
            
            INSERT INTO product_details (id, product_id, size, color, unique_search_id, quantity)
            VALUES (74126128645, 4081736556, ' S ', ' màu xanh lá cây táo', '       aaaaachlmnostuxy', 1000);
            
            INSERT INTO product_details (id, product_id, size, color, unique_search_id, quantity)
            VALUES (74126128646, 4081736556, ' 4XL', ' màu xanh lá cây táo', '      4aaaaachllmnotuxxy', 1000);
            
            INSERT INTO product_details (id, product_id, size, color, unique_search_id, quantity)
            VALUES (74126128647, 4081736556, ' 2XL ', ' xanh da trời ', '      2aadhilnortxx', 1000);
            
            INSERT INTO product_details (id, product_id, size, color, unique_search_id, quantity)
            VALUES (74126128648, 4081736556, ' 4XL', ' xanh da trời ', '     4aadhilnortxx', 1000);
            
            INSERT INTO product_details (id, product_id, size, color, unique_search_id, quantity)
            VALUES (74126128649, 4081736556, ' 3XL ', ' màu xanh lá cây táo', '       3aaaaachllmnotuxxy', 1000);
            
            INSERT INTO product_details (id, product_id, size, color, unique_search_id, quantity)
            VALUES (74126128650, 4081736556, ' XL ', ' xanh da trời ', '      aadhilnortxx', 1000);
            
            INSERT INTO product_details (id, product_id, size, color, unique_search_id, quantity)
            VALUES (74126128651, 4081736556, ' M ', ' màu xanh lá cây táo', '       aaaaachlmmnotuxy', 1000);
            
            INSERT INTO product_details (id, product_id, size, color, unique_search_id, quantity)
            VALUES (74126128652, 4081736556, ' XL ', ' màu xanh lá cây táo', '       aaaaachllmnotuxxy', 1000);
            
            INSERT INTO product_details (id, product_id, size, color, unique_search_id, quantity)
            VALUES (74126128653, 4081736556, ' S ', ' xanh da trời ', '      aadhinorstx', 1000);
            
            INSERT INTO product_details (id, product_id, size, color, unique_search_id, quantity)
            VALUES (74126128654, 4081736556, ' M ', ' xanh da trời ', '      aadhimnortx', 1000);
            
            INSERT INTO products (id, sku, name, slug, category_id, unit_price, sale_price, preview_image_name, preview_image_path, views, description)
            VALUES (8517199936, 'SP10009', 'Váy nữ sinh phiên bản Hàn Quốc tay dài cổ vuông ngắn 2021 mùa hè mới màu đỏ lưới qua đầu gối trắng dáng người n', 'vay-nu-sinh-phien-ban-han-quoc-tay-dai-co-vuong-ngan-2021-mua-he-moi-mau-do-luoi-qua-dau-goi-trang-dang-nguoi-n', 10, 390000, 780000, 'SP_8517199936_0.jpg', 'images/products/10/SP_8517199936_0.jpg', 140, 'style: đi làm đơn giản / phiên bản tiếng Hàn
Yếu tố phổ biến / thủ công: màu tinh khiết
dây kéo
Hình thức kết hợp: mảnh đơn
Phong cách: váy lớn
chiều dài tay áo: tay áo ngắn
Váy dài: váy dài
Kiểu cổ áo: cổ vuông
Vải / Chất liệu: Bông / Bông
Nội dung thành phần: 31% (bao gồm) -50% (bao gồm)
Độ tuổi áp dụng: thanh niên (18-25 tuổi)
Có thêm cashmere: không cashmere
Mùa niêm yết: Mùa xuân năm 2021
Loại tay áo: thông thường  Buy Attention Things ：

  After order is placed, about15Delivery Day ， It will definitely be delayed for a few days during the holiday. Do not place an order immediately！
  Online Service Time from Monday to Friday 9: 30-19: 30 ， Saturday Sunday, There Will Be Customer Service On Duty ， If You Need Service Please Wait Patiently。
  If you have any questions that do not understand the size of the product, please contact customer service and then place an order. ， Feel free to change the cancellation order after ordering.！
  Products will have slight color differences due to lighting and display problems. ， Or after long distance transportation, there will be some wear and tear 。All of the above are normal ， High standard is not acceptable, please do not place an order！

  If you have any problems with the product, please take a picture and contact customer service to resolve it immediately. ， Do not communicate with the rating！
  I hope you like our products and give a five star compliment.！

  Our store will host various events in a row ， For the first time you can get your favorite items and the lowest prices ， Please Pay Attention To Us！');
            
            INSERT INTO product_images (product_id, name, path) 
            VALUES (8517199936, 'SP_8517199936_1.jpg', 'images/products/10/SP_8517199936_1.jpg');
            
            INSERT INTO product_images (product_id, name, path) 
            VALUES (8517199936, 'SP_8517199936_2.jpg', 'images/products/10/SP_8517199936_2.jpg');
            
            INSERT INTO product_images (product_id, name, path) 
            VALUES (8517199936, 'SP_8517199936_3.jpg', 'images/products/10/SP_8517199936_3.jpg');
            
            INSERT INTO product_images (product_id, name, path) 
            VALUES (8517199936, 'SP_8517199936_4.jpg', 'images/products/10/SP_8517199936_4.jpg');
            
            INSERT INTO product_images (product_id, name, path) 
            VALUES (8517199936, 'SP_8517199936_5.jpg', 'images/products/10/SP_8517199936_5.jpg');
            
            INSERT INTO product_images (product_id, name, path) 
            VALUES (8517199936, 'SP_8517199936_6.jpg', 'images/products/10/SP_8517199936_6.jpg');
            
            INSERT INTO product_details (id, product_id, size, color, unique_search_id, quantity)
            VALUES (73765768242, 8517199936, ' L (105-115) kg ', ' > Trắng <', '       ()-011155<>aggklnrt', 50);
            
            INSERT INTO product_details (id, product_id, size, color, unique_search_id, quantity)
            VALUES (73765768243, 8517199936, ' XL (115-130 ) Jin ', ' > Trắng <', '        ()-011135<>agijlnnrtx', 50);
            
            INSERT INTO product_details (id, product_id, size, color, unique_search_id, quantity)
            VALUES (73765768244, 8517199936, ' S dưới 95 kg ', ' đen ', '       59ddegiknosu', 295);
            
            INSERT INTO product_details (id, product_id, size, color, unique_search_id, quantity)
            VALUES (73765768245, 8517199936, ' M (95-105) kg ', ' đen ', '      ()-01559degkmn', 184);
            
            INSERT INTO product_details (id, product_id, size, color, unique_search_id, quantity)
            VALUES (73765768246, 8517199936, ' L (105-115) kg ', ' đen ', '      ()-011155degkln', 50);
            
            INSERT INTO product_details (id, product_id, size, color, unique_search_id, quantity)
            VALUES (73765768247, 8517199936, ' XL (115-130 ) Jin ', ' đen ', '       ()-011135deijlnnx', 50);
            
            INSERT INTO product_details (id, product_id, size, color, unique_search_id, quantity)
            VALUES (73765768248, 8517199936, ' S dưới 95 kg ', ' > Trắng <', '        59<>adggiknorstu', 50);
            
            INSERT INTO product_details (id, product_id, size, color, unique_search_id, quantity)
            VALUES (73765768249, 8517199936, ' M (95-105) kg ', ' > Trắng <', '       ()-01559<>aggkmnrt', 49);
            
            INSERT INTO products (id, sku, name, slug, category_id, unit_price, sale_price, preview_image_name, preview_image_path, views, description)
            VALUES (8148080257, 'SP10010', 'Váy nữ dáng A ngắn tay, đầm dài qua gối cổ vest màu be hồng vàng thời trang', 'vay-nu-dang-a-ngan-tay,-dam-dai-qua-goi-co-vest-mau-be-hong-vang-thoi-trang', 10, 248000, 265000, 'SP_8148080257_0.jpg', 'images/products/10/SP_8148080257_0.jpg', 18, 'Size: Xem ảnh -> Ib shop tư vấn size nhé!

LƯU Ý: ✈ HÀNG ORDER QUẢNG CHÂU: Một số mẫu có sẵn, một số mẫu cần ORDER thì có hàng sau  7➡️15 ngày nhé.

=> CAM KẾT SHOP: Hàng đảm bảo giống hình, chất lượng. Đổi trả miễn phí nếu sai màu hoặc sản phẩm hỏng rách trước khi đến tay khách hàng.

🙇   HÃY CHẮC CHẮC KHI ĐẶT HÀNG (MÀU VÀ SIZE): Hãy là người mua hàng văn minh. Stella Fashion kinh doanh uy tín và cũng đặt niềm tin vào khách hàng.

🤝   ĐẢM BẢO QUYỀN LỢI: Nhận hàng có vấn đề (màu, size), ib Stella Fashion để được đổi, giải quyết thỏa đáng!

💌  Nếu còn thắc mắc  hãy Ib với Stella Fashion để được tư vấn trước khi lên đơn hàng nhé!
――――――――――――――――
Đầm nữ dáng A, đầm dài qua gối cổ vest màu be hồng vàng thời trang
#damdangsuong #damxe #damcovuong #damtayphong #vaydangdai #vaydangA #vaythietke #vayvitage #dam #damnu #vay #vaynu #damdangA #damnuquagoi');
            
            INSERT INTO product_images (product_id, name, path) 
            VALUES (8148080257, 'SP_8148080257_1.jpg', 'images/products/10/SP_8148080257_1.jpg');
            
            INSERT INTO product_images (product_id, name, path) 
            VALUES (8148080257, 'SP_8148080257_2.jpg', 'images/products/10/SP_8148080257_2.jpg');
            
            INSERT INTO product_images (product_id, name, path) 
            VALUES (8148080257, 'SP_8148080257_3.jpg', 'images/products/10/SP_8148080257_3.jpg');
            
            INSERT INTO product_images (product_id, name, path) 
            VALUES (8148080257, 'SP_8148080257_4.jpg', 'images/products/10/SP_8148080257_4.jpg');
            
            INSERT INTO product_images (product_id, name, path) 
            VALUES (8148080257, 'SP_8148080257_5.jpg', 'images/products/10/SP_8148080257_5.jpg');
            
            INSERT INTO product_images (product_id, name, path) 
            VALUES (8148080257, 'SP_8148080257_6.jpg', 'images/products/10/SP_8148080257_6.jpg');
            
            INSERT INTO product_images (product_id, name, path) 
            VALUES (8148080257, 'SP_8148080257_7.jpg', 'images/products/10/SP_8148080257_7.jpg');
            
            INSERT INTO product_images (product_id, name, path) 
            VALUES (8148080257, 'SP_8148080257_8.jpg', 'images/products/10/SP_8148080257_8.jpg');
            
            INSERT INTO product_images (product_id, name, path) 
            VALUES (8148080257, 'SP_8148080257_9.jpg', 'images/products/10/SP_8148080257_9.jpg');
            
            INSERT INTO product_details (id, product_id, size, color, unique_search_id, quantity)
            VALUES (81615442602, 8148080257, 'XL', 'Be', 'belx', 99);
            
            INSERT INTO product_details (id, product_id, size, color, unique_search_id, quantity)
            VALUES (81615442603, 8148080257, 'S', 'Hồng', 'ghnos', 99);
            
            INSERT INTO product_details (id, product_id, size, color, unique_search_id, quantity)
            VALUES (81615442604, 8148080257, 'M', 'Hồng', 'ghmno', 99);
            
            INSERT INTO product_details (id, product_id, size, color, unique_search_id, quantity)
            VALUES (81615442605, 8148080257, 'L', 'Hồng', 'ghlno', 99);
            
            INSERT INTO product_details (id, product_id, size, color, unique_search_id, quantity)
            VALUES (81615442606, 8148080257, 'XL', 'Hồng', 'ghlnox', 99);
            
            INSERT INTO product_details (id, product_id, size, color, unique_search_id, quantity)
            VALUES (81615442607, 8148080257, 'M', 'Vàng', 'agmnv', 99);
            
            INSERT INTO product_details (id, product_id, size, color, unique_search_id, quantity)
            VALUES (81615442608, 8148080257, 'S', 'Be', 'bes', 99);
            
            INSERT INTO product_details (id, product_id, size, color, unique_search_id, quantity)
            VALUES (81615442609, 8148080257, 'L', 'Be', 'bel', 99);
            
            INSERT INTO product_details (id, product_id, size, color, unique_search_id, quantity)
            VALUES (81615442610, 8148080257, 'XL', 'Vàng', 'aglnvx', 99);
            
            INSERT INTO product_details (id, product_id, size, color, unique_search_id, quantity)
            VALUES (81615442611, 8148080257, 'L', 'Vàng', 'aglnv', 99);
            
            INSERT INTO product_details (id, product_id, size, color, unique_search_id, quantity)
            VALUES (81615442612, 8148080257, 'M', 'Be', 'bem', 99);
            
            INSERT INTO product_details (id, product_id, size, color, unique_search_id, quantity)
            VALUES (81615442613, 8148080257, 'S', 'Vàng', 'agnsv', 99);
            
            INSERT INTO products (id, sku, name, slug, category_id, unit_price, sale_price, preview_image_name, preview_image_path, views, description)
            VALUES (9543902107, 'SP10011', 'Váy Phông Ngắn Tay Sát Nách Cổ Tròn Dài Qua Gối Màu Đen Cam', 'vay-phong-ngan-tay-sat-nach-co-tron-dai-qua-goi-mau-den-cam', 10, 149000, 169000, 'SP_9543902107_0.jpg', 'images/products/10/SP_9543902107_0.jpg', 34, 'Váy phông dáng dài in chữ phong cách trẻ trung, cá tính.
Thiết kế phom rộng, dáng suông tạo dự thoải mái khi mặc và có thêm túi.
Size từ M đến XXL.

📌LƯU Ý:
✅ Hàng order về sau 2-3 tuần (có thể nhanh hay chậm tuỳ tình hình vận chuyển)  - Vui lòng không huỷ ngang.
✅ Đảm bảo hàng y hình từ kiểu dáng đến chất liệu.
✅ Được đổi trả nếu hàng không đúng hình, lỗi do nhà sản xuất trong vòng 3 ngày kể từ ngày mua hàng.
💌 Nếu bạn cần tư vấn thêm vui lòng chat trực tiếp với shop.');
            
            INSERT INTO product_images (product_id, name, path) 
            VALUES (9543902107, 'SP_9543902107_1.jpg', 'images/products/10/SP_9543902107_1.jpg');
            
            INSERT INTO product_images (product_id, name, path) 
            VALUES (9543902107, 'SP_9543902107_2.jpg', 'images/products/10/SP_9543902107_2.jpg');
            
            INSERT INTO product_images (product_id, name, path) 
            VALUES (9543902107, 'SP_9543902107_3.jpg', 'images/products/10/SP_9543902107_3.jpg');
            
            INSERT INTO product_images (product_id, name, path) 
            VALUES (9543902107, 'SP_9543902107_4.jpg', 'images/products/10/SP_9543902107_4.jpg');
            
            INSERT INTO product_images (product_id, name, path) 
            VALUES (9543902107, 'SP_9543902107_5.jpg', 'images/products/10/SP_9543902107_5.jpg');
            
            INSERT INTO product_details (id, product_id, size, color, unique_search_id, quantity)
            VALUES (74938765158, 9543902107, 'L', 'Cam', 'aclm', 20);
            
            INSERT INTO product_details (id, product_id, size, color, unique_search_id, quantity)
            VALUES (74938765159, 9543902107, 'XL', 'Cam', 'aclmx', 20);
            
            INSERT INTO product_details (id, product_id, size, color, unique_search_id, quantity)
            VALUES (74938765160, 9543902107, 'XXL', 'Cam', 'aclmxx', 20);
            
            INSERT INTO product_details (id, product_id, size, color, unique_search_id, quantity)
            VALUES (74938765161, 9543902107, 'M', 'Đen', 'demn', 20);
            
            INSERT INTO product_details (id, product_id, size, color, unique_search_id, quantity)
            VALUES (74938765162, 9543902107, 'L', 'Đen', 'deln', 20);
            
            INSERT INTO product_details (id, product_id, size, color, unique_search_id, quantity)
            VALUES (74938765163, 9543902107, 'XL', 'Đen', 'delnx', 20);
            
            INSERT INTO product_details (id, product_id, size, color, unique_search_id, quantity)
            VALUES (74938765164, 9543902107, 'XXL', 'Đen', 'delnxx', 20);
            
            INSERT INTO product_details (id, product_id, size, color, unique_search_id, quantity)
            VALUES (74938765165, 9543902107, 'M', 'Cam', 'acmm', 20);
            
            INSERT INTO products (id, sku, name, slug, category_id, unit_price, sale_price, preview_image_name, preview_image_path, views, description)
            VALUES (3542170859, 'SP10012', 'Váy chiffon mỏng dáng chữ A dài qua gối tay ngắn màu trơn thời trang đi biển mùa hè/ dự tiệc cho nữ', 'vay-chiffon-mong-dang-chu-a-dai-qua-goi-tay-ngan-mau-tron-thoi-trang-di-bien-mua-he/-du-tiec-cho-nu', 10, 302764, 432521, 'SP_3542170859_0.jpg', 'images/products/10/SP_3542170859_0.jpg', 59, 'susandama
★Welcome to our shop！
★Orders will be shipped within1-2 days, and usually reach with 8-15 days.
100% Brand New 
Garment Care: Hand-wash and Machine washable, Dry Clean , ☆Will not fade☆
#susandamadress
☜ ☜ Click here to have more cheap and nice style!
Material:Chiffon
Package: 1pcs
S  Length:114cm  Bust:86cm    Waist:70cm
M Length:115cm  Bust:90cm   Waist:74cm
L  Length:116cm  Bust:94cm    Waist:78cm
XL Length:117cm Bust:98cm  Waist:82cm
2XL  Length:118cm  Bust:102cm  Waist:86cm
3XL Length:119cm Bust:106cm Waist:90cm
Note: Due to the difference between different monitors, the picture may not reflect the actual color of the item. We guarantee the style is the same as shown in the pictures, but not the same performance on different bodies as on the model. Thank you!

please allow 1%-3%cm differs due to manual measurement, thanks (All measurement in cm and please note 1cm=0.39inch)');
            
            INSERT INTO product_images (product_id, name, path) 
            VALUES (3542170859, 'SP_3542170859_1.jpg', 'images/products/10/SP_3542170859_1.jpg');
            
            INSERT INTO product_images (product_id, name, path) 
            VALUES (3542170859, 'SP_3542170859_2.jpg', 'images/products/10/SP_3542170859_2.jpg');
            
            INSERT INTO product_images (product_id, name, path) 
            VALUES (3542170859, 'SP_3542170859_3.jpg', 'images/products/10/SP_3542170859_3.jpg');
            
            INSERT INTO product_images (product_id, name, path) 
            VALUES (3542170859, 'SP_3542170859_4.jpg', 'images/products/10/SP_3542170859_4.jpg');
            
            INSERT INTO product_images (product_id, name, path) 
            VALUES (3542170859, 'SP_3542170859_5.jpg', 'images/products/10/SP_3542170859_5.jpg');
            
            INSERT INTO product_images (product_id, name, path) 
            VALUES (3542170859, 'SP_3542170859_6.jpg', 'images/products/10/SP_3542170859_6.jpg');
            
            INSERT INTO product_images (product_id, name, path) 
            VALUES (3542170859, 'SP_3542170859_7.jpg', 'images/products/10/SP_3542170859_7.jpg');
            
            INSERT INTO product_images (product_id, name, path) 
            VALUES (3542170859, 'SP_3542170859_8.jpg', 'images/products/10/SP_3542170859_8.jpg');
            
            INSERT INTO product_images (product_id, name, path) 
            VALUES (3542170859, 'SP_3542170859_9.jpg', 'images/products/10/SP_3542170859_9.jpg');
            
            INSERT INTO product_details (id, product_id, size, color, unique_search_id, quantity)
            VALUES (30277885307, 3542170859, 'S', 'Light Purple', ' eghillpprstu', 3999);
            
            INSERT INTO product_details (id, product_id, size, color, unique_search_id, quantity)
            VALUES (30277885308, 3542170859, '3XL', 'Dark Purple', ' 3adekllpprrux', 3999);
            
            INSERT INTO product_details (id, product_id, size, color, unique_search_id, quantity)
            VALUES (30277885309, 3542170859, 'L', 'Light Purple', ' eghilllpprtu', 3999);
            
            INSERT INTO product_details (id, product_id, size, color, unique_search_id, quantity)
            VALUES (30277885310, 3542170859, 'L', 'Dark Purple', ' adekllpprru', 3999);
            
            INSERT INTO product_details (id, product_id, size, color, unique_search_id, quantity)
            VALUES (30277885311, 3542170859, '3XL', 'Royal Blue', ' 3abellloruxy', 3999);
            
            INSERT INTO product_details (id, product_id, size, color, unique_search_id, quantity)
            VALUES (30277885312, 3542170859, 'L', 'Wine Red', ' deeilnrw', 3999);
            
            INSERT INTO product_details (id, product_id, size, color, unique_search_id, quantity)
            VALUES (30277885313, 3542170859, 'M', 'Pink', 'ikmnp', 3999);
            
            INSERT INTO product_details (id, product_id, size, color, unique_search_id, quantity)
            VALUES (30277885314, 3542170859, 'L', 'Royal Blue', ' abellloruy', 3999);
            
            INSERT INTO product_details (id, product_id, size, color, unique_search_id, quantity)
            VALUES (30277885315, 3542170859, 'M', 'Black', 'abcklm', 3999);
            
            INSERT INTO product_details (id, product_id, size, color, unique_search_id, quantity)
            VALUES (30277885316, 3542170859, 'S', 'Wine Red', ' deeinrsw', 3999);
            
            INSERT INTO product_details (id, product_id, size, color, unique_search_id, quantity)
            VALUES (30277885317, 3542170859, '3XL', 'Pink', '3iklnpx', 3999);
            
            INSERT INTO product_details (id, product_id, size, color, unique_search_id, quantity)
            VALUES (30277885318, 3542170859, 'M', 'White', 'ehimtw', 3999);
            
            INSERT INTO product_details (id, product_id, size, color, unique_search_id, quantity)
            VALUES (30277885319, 3542170859, 'XL', 'Dark Purple', ' adekllpprrux', 3999);
            
            INSERT INTO product_details (id, product_id, size, color, unique_search_id, quantity)
            VALUES (30277885320, 3542170859, '3XL', 'Black', '3abckllx', 3999);
            
            INSERT INTO product_details (id, product_id, size, color, unique_search_id, quantity)
            VALUES (30277885321, 3542170859, 'M', 'Light Purple', ' eghillmpprtu', 3999);
            
            INSERT INTO product_details (id, product_id, size, color, unique_search_id, quantity)
            VALUES (30277885322, 3542170859, 'XL', 'Wine Red', ' deeilnrwx', 3999);
            
            INSERT INTO product_details (id, product_id, size, color, unique_search_id, quantity)
            VALUES (30277885323, 3542170859, '3XL', 'White', '3ehiltwx', 3998);
            
            INSERT INTO product_details (id, product_id, size, color, unique_search_id, quantity)
            VALUES (30277885324, 3542170859, '2XL', 'Wine Red', ' 2deeilnrwx', 3999);
            
            INSERT INTO product_details (id, product_id, size, color, unique_search_id, quantity)
            VALUES (30277885325, 3542170859, 'XL', 'Pink', 'iklnpx', 3999);
            
            INSERT INTO product_details (id, product_id, size, color, unique_search_id, quantity)
            VALUES (30277885326, 3542170859, 'S', 'Black', 'abckls', 3999);
            
            INSERT INTO product_details (id, product_id, size, color, unique_search_id, quantity)
            VALUES (30277885327, 3542170859, '2XL', 'Black', '2abckllx', 3999);
            
            INSERT INTO product_details (id, product_id, size, color, unique_search_id, quantity)
            VALUES (30277885328, 3542170859, 'S', 'Dark Purple', ' adeklpprrsu', 3999);
            
            INSERT INTO product_details (id, product_id, size, color, unique_search_id, quantity)
            VALUES (40277885228, 3542170859, 'XL', 'White', 'ehiltwx', 3998);
            
            INSERT INTO product_details (id, product_id, size, color, unique_search_id, quantity)
            VALUES (40277885229, 3542170859, '3XL', 'Wine Red', ' 3deeilnrwx', 3999);
            
            INSERT INTO product_details (id, product_id, size, color, unique_search_id, quantity)
            VALUES (40277885230, 3542170859, 'XL', 'Light Purple', ' eghilllpprtux', 3999);
            
            INSERT INTO product_details (id, product_id, size, color, unique_search_id, quantity)
            VALUES (40277885231, 3542170859, 'M', 'Royal Blue', ' abellmoruy', 3999);
            
            INSERT INTO product_details (id, product_id, size, color, unique_search_id, quantity)
            VALUES (40277885232, 3542170859, 'L', 'Black', 'abckll', 3999);
            
            INSERT INTO product_details (id, product_id, size, color, unique_search_id, quantity)
            VALUES (40277885233, 3542170859, 'L', 'White', 'ehiltw', 3999);
            
            INSERT INTO product_details (id, product_id, size, color, unique_search_id, quantity)
            VALUES (40277885234, 3542170859, '3XL', 'Light Purple', ' 3eghilllpprtux', 3999);
            
            INSERT INTO product_details (id, product_id, size, color, unique_search_id, quantity)
            VALUES (40277885235, 3542170859, 'S', 'White', 'ehistw', 3999);
            
            INSERT INTO product_details (id, product_id, size, color, unique_search_id, quantity)
            VALUES (40277885236, 3542170859, 'M', 'Wine Red', ' deeimnrw', 3999);
            
            INSERT INTO product_details (id, product_id, size, color, unique_search_id, quantity)
            VALUES (40277885237, 3542170859, 'XL', 'Royal Blue', ' abellloruxy', 3999);
            
            INSERT INTO product_details (id, product_id, size, color, unique_search_id, quantity)
            VALUES (40277885238, 3542170859, '2XL', 'White', '2ehiltwx', 3999);
            
            INSERT INTO product_details (id, product_id, size, color, unique_search_id, quantity)
            VALUES (40277885239, 3542170859, '2XL', 'Royal Blue', ' 2abellloruxy', 3999);
            
            INSERT INTO product_details (id, product_id, size, color, unique_search_id, quantity)
            VALUES (40277885240, 3542170859, 'L', 'Pink', 'iklnp', 3999);
            
            INSERT INTO product_details (id, product_id, size, color, unique_search_id, quantity)
            VALUES (40277885241, 3542170859, 'S', 'Royal Blue', ' abellorsuy', 3999);
            
            INSERT INTO product_details (id, product_id, size, color, unique_search_id, quantity)
            VALUES (40277885242, 3542170859, '2XL', 'Pink', '2iklnpx', 3999);
            
            INSERT INTO product_details (id, product_id, size, color, unique_search_id, quantity)
            VALUES (40277885243, 3542170859, '2XL', 'Dark Purple', ' 2adekllpprrux', 3999);
            
            INSERT INTO product_details (id, product_id, size, color, unique_search_id, quantity)
            VALUES (40277885244, 3542170859, 'M', 'Dark Purple', ' adeklmpprru', 3999);
            
            INSERT INTO product_details (id, product_id, size, color, unique_search_id, quantity)
            VALUES (40277885245, 3542170859, 'S', 'Pink', 'iknps', 3999);
            
            INSERT INTO product_details (id, product_id, size, color, unique_search_id, quantity)
            VALUES (40277885246, 3542170859, 'XL', 'Black', 'abckllx', 3999);
            
            INSERT INTO product_details (id, product_id, size, color, unique_search_id, quantity)
            VALUES (40277885247, 3542170859, '2XL', 'Light Purple', ' 2eghilllpprtux', 3999);
            
            INSERT INTO products (id, sku, name, slug, category_id, unit_price, sale_price, preview_image_name, preview_image_path, views, description)
            VALUES (4062255621, 'SP10013', '[CÓ SẴN] Đầm váy nữ mùa đông dệt kim lót nhung len dự tiệc cao cấp đẹp bigsize giá rẻ tay dài nâu đen dài qua gối', 'co-san-dam-vay-nu-mua-dong-det-kim-lot-nhung-len-du-tiec-cao-cap-dep-bigsize-gia-re-tay-dai-nau-den-dai-qua-goi', 10, 573685, 593685, 'SP_4062255621_0.jpg', 'images/products/10/SP_4062255621_0.jpg', 182, '#hàngquảngchâu
 #hàngorder 
🌸 Hàng ORDER không cọc.
 Khách suy nghĩ kỹ trước khi đặt tránh trường hợp ship ko nhận, huỷ đơn. 
HÃY LÀ NGƯỜI MUA HÀNG VĂN MINH! 

🌸 Cam kết hàng như ảnh. Ngoài có thể không được tươi sáng như ảnh do góc chụp và ánh sáng shop không chịu trách nhiệm. Hàng order MIỄN ĐỔI TRẢ. 

🌸 Hàng thường về từ 7-10 ngày nhưng một vài trường hợp tắc biên có thể về chậm 3-4 ngày. Rất  Mong quý khách thông cảm! 

🌸 Liên hệ ngay với shop qua 84818987027 (Zalo) / 0352514485 (Zalo) để được tư vấn chu đáo hơn nhé!
#áo #khoác #lông #cừu #áo #choàng #len #không #tay #bigsize #size #đại #giá #rẻ 

Size  Chiều dài đầm Ngực  Vai Chiều dài tay áo
M    105    92    36  55
L     105   96    37   56
XL   105   100   38   57  
2XL  105   104   39  58
3XL   105    108   40   59');
            
            INSERT INTO product_images (product_id, name, path) 
            VALUES (4062255621, 'SP_4062255621_1.jpg', 'images/products/10/SP_4062255621_1.jpg');
            
            INSERT INTO product_images (product_id, name, path) 
            VALUES (4062255621, 'SP_4062255621_2.jpg', 'images/products/10/SP_4062255621_2.jpg');
            
            INSERT INTO product_images (product_id, name, path) 
            VALUES (4062255621, 'SP_4062255621_3.jpg', 'images/products/10/SP_4062255621_3.jpg');
            
            INSERT INTO product_images (product_id, name, path) 
            VALUES (4062255621, 'SP_4062255621_4.jpg', 'images/products/10/SP_4062255621_4.jpg');
            
            INSERT INTO product_images (product_id, name, path) 
            VALUES (4062255621, 'SP_4062255621_5.jpg', 'images/products/10/SP_4062255621_5.jpg');
            
            INSERT INTO product_images (product_id, name, path) 
            VALUES (4062255621, 'SP_4062255621_6.jpg', 'images/products/10/SP_4062255621_6.jpg');
            
            INSERT INTO product_images (product_id, name, path) 
            VALUES (4062255621, 'SP_4062255621_7.jpg', 'images/products/10/SP_4062255621_7.jpg');
            
            INSERT INTO product_images (product_id, name, path) 
            VALUES (4062255621, 'SP_4062255621_8.jpg', 'images/products/10/SP_4062255621_8.jpg');
            
            INSERT INTO product_images (product_id, name, path) 
            VALUES (4062255621, 'SP_4062255621_9.jpg', 'images/products/10/SP_4062255621_9.jpg');
            
            INSERT INTO product_details (id, product_id, size, color, unique_search_id, quantity)
            VALUES (61774717027, 4062255621, 'XL', 'Màu lông chuột', '  acghllmnootuux', 0);
            
            INSERT INTO product_details (id, product_id, size, color, unique_search_id, quantity)
            VALUES (61774717028, 4062255621, '3XL', 'Màu lông chuột', '  3acghllmnootuux', 1);
            
            INSERT INTO product_details (id, product_id, size, color, unique_search_id, quantity)
            VALUES (61774717029, 4062255621, 'L', 'Màu đen tuyền', '  adeelmnntuuy', 0);
            
            INSERT INTO product_details (id, product_id, size, color, unique_search_id, quantity)
            VALUES (61774717030, 4062255621, '3XL', 'Màu đen tuyền', '  3adeelmnntuuxy', 0);
            
            INSERT INTO product_details (id, product_id, size, color, unique_search_id, quantity)
            VALUES (61774717031, 4062255621, 'L', 'Màu lông chuột', '  acghllmnootuu', 0);
            
            INSERT INTO product_details (id, product_id, size, color, unique_search_id, quantity)
            VALUES (61774717032, 4062255621, 'M', 'Màu lông chuột', '  acghlmmnootuu', 0);
            
            INSERT INTO product_details (id, product_id, size, color, unique_search_id, quantity)
            VALUES (61774717033, 4062255621, '2XL', 'Màu lông chuột', '  2acghllmnootuux', 0);
            
            INSERT INTO product_details (id, product_id, size, color, unique_search_id, quantity)
            VALUES (61774717034, 4062255621, 'M', 'Màu đen tuyền', '  adeemmnntuuy', 0);
            
            INSERT INTO product_details (id, product_id, size, color, unique_search_id, quantity)
            VALUES (61774717035, 4062255621, 'XL', 'Màu đen tuyền', '  adeelmnntuuxy', 0);
            
            INSERT INTO product_details (id, product_id, size, color, unique_search_id, quantity)
            VALUES (61774717036, 4062255621, '2XL', 'Màu đen tuyền', '  2adeelmnntuuxy', 0);
            
            INSERT INTO products (id, sku, name, slug, category_id, unit_price, sale_price, preview_image_name, preview_image_path, views, description)
            VALUES (7839214986, 'SP10014', 'Đầm, Váy Bầu Công Sở Azuno AZ105 Có Cổ, Ngẵn Tay, Dáng Suông, Dài Qua Gối Có Thể Mặc Đi Tiệc, Chất Vải Thô Đũi Mềm Mát', 'dam,-vay-bau-cong-so-azuno-az105-co-co,-ngan-tay,-dang-suong,-dai-qua-goi-co-the-mac-di-tiec,-chat-vai-tho-dui-mem-mat', 10, 350100, 370100, 'SP_7839214986_0.jpg', 'images/products/10/SP_7839214986_0.jpg', 32, 'Đầm bầu công sở Azuno AZ105 được thiết kế dáng suông dài qua gối lịch sự, sang chảnh

Chất vải thô đũi mặc mát, không phai màu và không nhăn khi giặt

Cổ ren dễ thương, đường may chắc chắn, tỉ mỉ đến từng chi tiết

Mẹ bầu có thể mặc đi làm hay đi tiệc..., mĩ với nhiều phụ kiện khác nhau

Phom đầm rộng thoải mái cho mẹ từ tháng 1 - tháng 9 thai kỳ

Đầm ngắn tay có thể mặc mùa hè hoặc mùa thu

Màu sắc nhã nhặn, tươi tắn giúp mẹ bầu luôn xinh đẹp

Màu sắc: xanh và vàng

Size M-L- XL từ 48-75kg: M: 48-55kg, L: 53-65kg, XL: 63-75kg
__bauxinh123 __
Chuyên sỉ lẻ quần áo lót các loại, đồ bầu các loại');
            
            INSERT INTO product_images (product_id, name, path) 
            VALUES (7839214986, 'SP_7839214986_1.jpg', 'images/products/10/SP_7839214986_1.jpg');
            
            INSERT INTO product_images (product_id, name, path) 
            VALUES (7839214986, 'SP_7839214986_2.jpg', 'images/products/10/SP_7839214986_2.jpg');
            
            INSERT INTO product_images (product_id, name, path) 
            VALUES (7839214986, 'SP_7839214986_3.jpg', 'images/products/10/SP_7839214986_3.jpg');
            
            INSERT INTO product_images (product_id, name, path) 
            VALUES (7839214986, 'SP_7839214986_4.jpg', 'images/products/10/SP_7839214986_4.jpg');
            
            INSERT INTO product_images (product_id, name, path) 
            VALUES (7839214986, 'SP_7839214986_5.jpg', 'images/products/10/SP_7839214986_5.jpg');
            
            INSERT INTO product_images (product_id, name, path) 
            VALUES (7839214986, 'SP_7839214986_6.jpg', 'images/products/10/SP_7839214986_6.jpg');
            
            INSERT INTO product_images (product_id, name, path) 
            VALUES (7839214986, 'SP_7839214986_7.jpg', 'images/products/10/SP_7839214986_7.jpg');
            
            INSERT INTO product_images (product_id, name, path) 
            VALUES (7839214986, 'SP_7839214986_8.jpg', 'images/products/10/SP_7839214986_8.jpg');
            
            INSERT INTO product_images (product_id, name, path) 
            VALUES (7839214986, 'SP_7839214986_9.jpg', 'images/products/10/SP_7839214986_9.jpg');
            
            INSERT INTO product_details (id, product_id, size, color, unique_search_id, quantity)
            VALUES (40067812261, 7839214986, 'M', 'Vàng', 'agmnv', 30);
            
            INSERT INTO product_details (id, product_id, size, color, unique_search_id, quantity)
            VALUES (40067812262, 7839214986, 'L', 'Vàng', 'aglnv', 30);
            
            INSERT INTO product_details (id, product_id, size, color, unique_search_id, quantity)
            VALUES (40067812263, 7839214986, 'XL', 'Vàng', 'aglnvx', 30);
            
            INSERT INTO product_details (id, product_id, size, color, unique_search_id, quantity)
            VALUES (40067812264, 7839214986, 'M', 'Xanh', 'ahmnx', 29);
            
            INSERT INTO product_details (id, product_id, size, color, unique_search_id, quantity)
            VALUES (40067812265, 7839214986, 'L', 'Xanh', 'ahlnx', 28);
            
            INSERT INTO product_details (id, product_id, size, color, unique_search_id, quantity)
            VALUES (40067812266, 7839214986, 'XL', 'Xanh', 'ahlnxx', 29);
            
            INSERT INTO products (id, sku, name, slug, category_id, unit_price, sale_price, preview_image_name, preview_image_path, views, description)
            VALUES (3843475873, 'SP10015', 'Váy ôm dài qua gối tay ngắn phối vải ren màu trơn thời trang phong cách Hàn Quốc cho nữ', 'vay-om-dai-qua-goi-tay-ngan-phoi-vai-ren-mau-tron-thoi-trang-phong-cach-han-quoc-cho-nu', 10, 412410, 699000, 'SP_3843475873_0.jpg', 'images/products/10/SP_3843475873_0.jpg', 38, '100% Brand New 
Garment Care: Hand-wash and Machine washable, Dry Clean , Will not fade
Material：Lace, Polyester
Package: 1pcs

S--   Length:105cm  Waist:66cm  Hip:84cm  Bust:82cm  Sleeve:28cm
M--  Length:106cm  Waist:70cm  Hip:88cm  Bust:86cm  Sleeve:29cm
L--  Length:107cm  Waist:74cm   Hip:92cm  Bust:90cm  Sleeve:30cm
XL-- Length:108cm  Waist:78cm  Hip:96cm  Bust:94cm  Sleeve:31cm

Note:
- Due to the difference between different monitors, the picture may not reflect the actual color of the item. 
- We guarantee the style is the same as shown in the pictures, but not the same performance on different bodies as on the model. Thank you!
- Please allow 1%-3%cm differs due to manual measurement, thanks (All measurement in cm and please note 1cm=0.39inch)');
            
            INSERT INTO product_images (product_id, name, path) 
            VALUES (3843475873, 'SP_3843475873_1.jpg', 'images/products/10/SP_3843475873_1.jpg');
            
            INSERT INTO product_images (product_id, name, path) 
            VALUES (3843475873, 'SP_3843475873_2.jpg', 'images/products/10/SP_3843475873_2.jpg');
            
            INSERT INTO product_images (product_id, name, path) 
            VALUES (3843475873, 'SP_3843475873_3.jpg', 'images/products/10/SP_3843475873_3.jpg');
            
            INSERT INTO product_images (product_id, name, path) 
            VALUES (3843475873, 'SP_3843475873_4.jpg', 'images/products/10/SP_3843475873_4.jpg');
            
            INSERT INTO product_images (product_id, name, path) 
            VALUES (3843475873, 'SP_3843475873_5.jpg', 'images/products/10/SP_3843475873_5.jpg');
            
            INSERT INTO product_images (product_id, name, path) 
            VALUES (3843475873, 'SP_3843475873_6.jpg', 'images/products/10/SP_3843475873_6.jpg');
            
            INSERT INTO product_images (product_id, name, path) 
            VALUES (3843475873, 'SP_3843475873_7.jpg', 'images/products/10/SP_3843475873_7.jpg');
            
            INSERT INTO product_images (product_id, name, path) 
            VALUES (3843475873, 'SP_3843475873_8.jpg', 'images/products/10/SP_3843475873_8.jpg');
            
            INSERT INTO product_images (product_id, name, path) 
            VALUES (3843475873, 'SP_3843475873_9.jpg', 'images/products/10/SP_3843475873_9.jpg');
            
            INSERT INTO product_details (id, product_id, size, color, unique_search_id, quantity)
            VALUES (50381329186, 3843475873, 'S', 'Black', 'abckls', 500);
            
            INSERT INTO product_details (id, product_id, size, color, unique_search_id, quantity)
            VALUES (50381329187, 3843475873, 'S', 'Orange Pink', ' aegiknnoprs', 500);
            
            INSERT INTO product_details (id, product_id, size, color, unique_search_id, quantity)
            VALUES (50381329188, 3843475873, 'XL', 'Black', 'abckllx', 500);
            
            INSERT INTO product_details (id, product_id, size, color, unique_search_id, quantity)
            VALUES (50381329189, 3843475873, 'M', 'Black', 'abcklm', 500);
            
            INSERT INTO product_details (id, product_id, size, color, unique_search_id, quantity)
            VALUES (50381329190, 3843475873, 'L', 'Orange Pink', ' aegiklnnopr', 500);
            
            INSERT INTO product_details (id, product_id, size, color, unique_search_id, quantity)
            VALUES (50381329191, 3843475873, 'XL', 'Orange Pink', ' aegiklnnoprx', 500);
            
            INSERT INTO product_details (id, product_id, size, color, unique_search_id, quantity)
            VALUES (50381329192, 3843475873, 'L', 'Black', 'abckll', 500);
            
            INSERT INTO product_details (id, product_id, size, color, unique_search_id, quantity)
            VALUES (50381329193, 3843475873, 'M', 'Orange Pink', ' aegikmnnopr', 500);
            
            INSERT INTO products (id, sku, name, slug, category_id, unit_price, sale_price, preview_image_name, preview_image_path, views, description)
            VALUES (9840272956, 'SP10016', '-FREESHIP- VÁY ĐẦM HOA NHÍ VINTAGE CỔ NƠ CHÂN VÁY XẾP LY DÀI ,VÁY DÀI QUA GỐI, VÁY VOAN CỔ NƠ NGẮN TAY 🎖️ .', '-freeship-vay-dam-hoa-nhi-vintage-co-no-chan-vay-xep-ly-dai-,vay-dai-qua-goi,-vay-voan-co-no-ngan-tay-🎖️', 10, 269101, 289101, 'SP_9840272956_0.jpg', 'images/products/10/SP_9840272956_0.jpg', 14, 'VÁY ĐẦM HOA NHÍ VINTAGE CỔ NƠ CHÂN VÁY XẾP LY DÀI ,VÁY DÀI QUA GỐI, VÁY VOAN CỔ NƠ NGẮN TAY là thiết kế mới cực đẹp cho nàng thích phong cách dịu dàng bánh bèo pha chút cổ điển.
Mẫu váy voan tơ cổ nơ xòe cực xinh này phù hợp mặc dự tiệc sang trọng, đi làm, đi chơi, chụp ảnh...rất ngọt ngào ạ.
Chất vải đẹp, cao cấp, mềm, mịn, ko bai ko xù, an toàn cho da, giặt giũ dễ dàng. 
Màu: HỒNG, VÀNG, ĐỎ
Size: S( 40-48 kí) M(49-55 kí) L(55-62 kí)
Cam kết:
- Sản phẩm hàng chuẩn ảnh
- Chất lượng xịn thiết kế, cực mát, co giãn cực mê
- Hàng lỗi đươc hỗ trợ đổi trả
Cảm ơn các chị yêu đã tin dùng sản phẩm bên em, khi nhận hàng thấy oke nhớ cho em Dương đánh giá 5* kèm hình ảnh các chị yêu nhé
Hàng có sẵn ship ngay khi lên đơn ạ.
#đầm_nữ #đầm_dự_tiệc #đầm_công_chúa #đầm_thiết_kế #đầm_tiểu_thư #đầm_hoa_nhí #đầm_hoa #maxi_đi_biển #váy_suông #váy_đẹp #đầm_dài #đầm_maxi_đi_biển #đầm_chữ_a #đầm_dự_tiệc_sang_trọng #đầm_đi_biển #đầm_đi_tiệc #váy_đầm #váy_xòe');
            
            INSERT INTO product_images (product_id, name, path) 
            VALUES (9840272956, 'SP_9840272956_1.jpg', 'images/products/10/SP_9840272956_1.jpg');
            
            INSERT INTO product_images (product_id, name, path) 
            VALUES (9840272956, 'SP_9840272956_2.jpg', 'images/products/10/SP_9840272956_2.jpg');
            
            INSERT INTO product_images (product_id, name, path) 
            VALUES (9840272956, 'SP_9840272956_3.jpg', 'images/products/10/SP_9840272956_3.jpg');
            
            INSERT INTO product_images (product_id, name, path) 
            VALUES (9840272956, 'SP_9840272956_4.jpg', 'images/products/10/SP_9840272956_4.jpg');
            
            INSERT INTO product_images (product_id, name, path) 
            VALUES (9840272956, 'SP_9840272956_5.jpg', 'images/products/10/SP_9840272956_5.jpg');
            
            INSERT INTO product_images (product_id, name, path) 
            VALUES (9840272956, 'SP_9840272956_6.jpg', 'images/products/10/SP_9840272956_6.jpg');
            
            INSERT INTO product_details (id, product_id, size, color, unique_search_id, quantity)
            VALUES (74776735039, 9840272956, 'L', 'VÀNG', 'aglnv', 4284);
            
            INSERT INTO product_details (id, product_id, size, color, unique_search_id, quantity)
            VALUES (74776735040, 9840272956, 'S', 'VÀNG', 'agnsv', 4284);
            
            INSERT INTO product_details (id, product_id, size, color, unique_search_id, quantity)
            VALUES (74776735041, 9840272956, 'M', 'VÀNG', 'agmnv', 4284);
            
            INSERT INTO product_details (id, product_id, size, color, unique_search_id, quantity)
            VALUES (74776735042, 9840272956, 'L', 'ĐỎ', 'dlo', 4284);
            
            INSERT INTO product_details (id, product_id, size, color, unique_search_id, quantity)
            VALUES (74776735043, 9840272956, 'S', 'HỒNG', 'ghnos', 4284);
            
            INSERT INTO product_details (id, product_id, size, color, unique_search_id, quantity)
            VALUES (74776735044, 9840272956, 'S', 'ĐỎ', 'dos', 4284);
            
            INSERT INTO product_details (id, product_id, size, color, unique_search_id, quantity)
            VALUES (74776735045, 9840272956, 'M', 'HỒNG', 'ghmno', 4284);
            
            INSERT INTO product_details (id, product_id, size, color, unique_search_id, quantity)
            VALUES (74776735046, 9840272956, 'M', 'ĐỎ', 'dmo', 4284);
            
            INSERT INTO product_details (id, product_id, size, color, unique_search_id, quantity)
            VALUES (74776735047, 9840272956, 'L', 'HỒNG', 'ghlno', 4284);
            
            INSERT INTO products (id, sku, name, slug, category_id, unit_price, sale_price, preview_image_name, preview_image_path, views, description)
            VALUES (6429205729, 'SP10017', 'Đầm, Váy Bầu Công Sở Dài Qua Gối Azuno Az1304 Dáng Suông,Ngắn Tay Cho Mùa Hè, Họa Tiết Kẻ Caro Dễ Thương', 'dam,-vay-bau-cong-so-dai-qua-goi-azuno-az1304-dang-suong,ngan-tay-cho-mua-he,-hoa-tiet-ke-caro-de-thuong', 10, 250000, 350000, 'SP_6429205729_0.jpg', 'images/products/10/SP_6429205729_0.jpg', 262, 'Đầm, Váy Bầu Công Sở Dài Qua Gối Azuno Az1304 làm từ chất liệu vải thô đũi mềm mại, nhẹ mát

Đầm ngắn tay thích hợp cho mùa hè, dáng suông, form rộng thoải mái cho mẹ bầu

Đường may chắc chắn, không phai màu và không nhăn khi giặt

Dáng dài qua gối mẹ bầu có thể mặc đi làm hay đi dự tiệc đều dễ thương, sang trọng

Họa tiết kẻ caro nhẹ nhàng, túi thiết kế 2 bên hông tiện lợi để đồ

Màu sắc: kẻ đen và kẻ đỏ

Size: M-L-XL: M<54kg, L<64lkg. XL<74kg
Hướng Dẫn Chọn Size xem phần hình ảnh sản phẩm');
            
            INSERT INTO product_images (product_id, name, path) 
            VALUES (6429205729, 'SP_6429205729_1.jpg', 'images/products/10/SP_6429205729_1.jpg');
            
            INSERT INTO product_images (product_id, name, path) 
            VALUES (6429205729, 'SP_6429205729_2.jpg', 'images/products/10/SP_6429205729_2.jpg');
            
            INSERT INTO product_images (product_id, name, path) 
            VALUES (6429205729, 'SP_6429205729_3.jpg', 'images/products/10/SP_6429205729_3.jpg');
            
            INSERT INTO product_images (product_id, name, path) 
            VALUES (6429205729, 'SP_6429205729_4.jpg', 'images/products/10/SP_6429205729_4.jpg');
            
            INSERT INTO product_images (product_id, name, path) 
            VALUES (6429205729, 'SP_6429205729_5.jpg', 'images/products/10/SP_6429205729_5.jpg');
            
            INSERT INTO product_images (product_id, name, path) 
            VALUES (6429205729, 'SP_6429205729_6.jpg', 'images/products/10/SP_6429205729_6.jpg');
            
            INSERT INTO product_images (product_id, name, path) 
            VALUES (6429205729, 'SP_6429205729_7.jpg', 'images/products/10/SP_6429205729_7.jpg');
            
            INSERT INTO product_images (product_id, name, path) 
            VALUES (6429205729, 'SP_6429205729_8.jpg', 'images/products/10/SP_6429205729_8.jpg');
            
            INSERT INTO product_images (product_id, name, path) 
            VALUES (6429205729, 'SP_6429205729_9.jpg', 'images/products/10/SP_6429205729_9.jpg');
            
            INSERT INTO product_details (id, product_id, size, color, unique_search_id, quantity)
            VALUES (16338851250, 6429205729, 'Kẻ đen', 'M', ' deekmn', 5);
            
            INSERT INTO product_details (id, product_id, size, color, unique_search_id, quantity)
            VALUES (16338851253, 6429205729, 'Kẻ đỏ', 'M', ' dekmo', 3);
            
            INSERT INTO product_details (id, product_id, size, color, unique_search_id, quantity)
            VALUES (16338851255, 6429205729, 'Kẻ đen', 'L', ' deekln', 0);
            
            INSERT INTO product_details (id, product_id, size, color, unique_search_id, quantity)
            VALUES (16338851257, 6429205729, 'Kẻ đỏ', 'L', ' deklo', 1);
            
            INSERT INTO product_details (id, product_id, size, color, unique_search_id, quantity)
            VALUES (16338851259, 6429205729, 'Kẻ đen', 'XL', ' deeklnx', 0);
            
            INSERT INTO product_details (id, product_id, size, color, unique_search_id, quantity)
            VALUES (16338851261, 6429205729, 'Kẻ đỏ', 'XL', ' deklox', 0);
            
            INSERT INTO products (id, sku, name, slug, category_id, unit_price, sale_price, preview_image_name, preview_image_path, views, description)
            VALUES (7086377143, 'SP11001', 'Váy hoá nhí vintage,dây buộc nơ ngực,dáng ngắn', 'vay-hoa-nhi-vintage,day-buoc-no-nguc,dang-ngan', 11, 200000, 250000, 'SP_7086377143_0.jpg', 'images/products/11/SP_7086377143_0.jpg', 53, 'CÙNG FOLOW SHOP ĐỂ CẬP NHẬT NHIỀU MẪU MỚI XINH NHA CẢ NHÀ

ẢNH THẬT 100% shop tự chụp
— Thông tin sản phẩm :
- Váy chất voan mát mẻ
- Váy có dây buộc nớ ở phần ngực.có thể buộc và tuỳ chỉnh theo ý muốn
- Váy cổ V gợi cảm.có miếng mút ngực
- Váy thiết kế tay bồng xinh xẻo
- Form váy dáng A.form ngắn mặc cực kì tôn dáng
- Có 2 màu duy nhất,màu dễ mặc,tôn da lắm nha
- Có 2 size S M (S:40-47kg, M : 47-53kg)
Lưu ý: Quý khách vui lòng đọc kỹ thông tin sản phẩm trước khi mua hàng,không chấp nhận hoàn trả với bất kì lý do gì khác 

#Váy_hoa_nhí_đẹp
#Váy_hoa_nhí_ngắn
#Váy_hoa_nhí_vintage
#Váy_hè_đẹp
#Váy_hoa nhí_buộc_nơ
#Đầm_đẹp
#Váy_cổ_V

');
            
            INSERT INTO product_images (product_id, name, path) 
            VALUES (7086377143, 'SP_7086377143_1.jpg', 'images/products/11/SP_7086377143_1.jpg');
            
            INSERT INTO product_images (product_id, name, path) 
            VALUES (7086377143, 'SP_7086377143_2.jpg', 'images/products/11/SP_7086377143_2.jpg');
            
            INSERT INTO product_images (product_id, name, path) 
            VALUES (7086377143, 'SP_7086377143_3.jpg', 'images/products/11/SP_7086377143_3.jpg');
            
            INSERT INTO product_images (product_id, name, path) 
            VALUES (7086377143, 'SP_7086377143_4.jpg', 'images/products/11/SP_7086377143_4.jpg');
            
            INSERT INTO product_images (product_id, name, path) 
            VALUES (7086377143, 'SP_7086377143_5.jpg', 'images/products/11/SP_7086377143_5.jpg');
            
            INSERT INTO product_images (product_id, name, path) 
            VALUES (7086377143, 'SP_7086377143_6.jpg', 'images/products/11/SP_7086377143_6.jpg');
            
            INSERT INTO product_images (product_id, name, path) 
            VALUES (7086377143, 'SP_7086377143_7.jpg', 'images/products/11/SP_7086377143_7.jpg');
            
            INSERT INTO product_images (product_id, name, path) 
            VALUES (7086377143, 'SP_7086377143_8.jpg', 'images/products/11/SP_7086377143_8.jpg');
            
            INSERT INTO product_images (product_id, name, path) 
            VALUES (7086377143, 'SP_7086377143_9.jpg', 'images/products/11/SP_7086377143_9.jpg');
            
            INSERT INTO product_details (id, product_id, size, color, unique_search_id, quantity)
            VALUES (44968548440, 7086377143, 'M', 'Be', 'bem', 8);
            
            INSERT INTO product_details (id, product_id, size, color, unique_search_id, quantity)
            VALUES (44968548441, 7086377143, 'S', 'Xanh', 'ahnsx', 7);
            
            INSERT INTO product_details (id, product_id, size, color, unique_search_id, quantity)
            VALUES (44968548442, 7086377143, 'M', 'Xanh', 'ahmnx', 7);
            
            INSERT INTO product_details (id, product_id, size, color, unique_search_id, quantity)
            VALUES (44968548443, 7086377143, 'S', 'Be', 'bes', 7);
            
            INSERT INTO products (id, sku, name, slug, category_id, unit_price, sale_price, preview_image_name, preview_image_path, views, description)
            VALUES (9322269944, 'SP11002', 'Váy Babydoll Dáng Xoè,From Ngắn,Hàng Loại 1,đầm đi tiệc,đi biển,bar sang chảnh', 'vay-babydoll-dang-xoe,from-ngan,hang-loai-1,dam-di-tiec,di-bien,bar-sang-chanh', 11, 261000, 290000, 'SP_9322269944_0.jpg', 'images/products/11/SP_9322269944_0.jpg', 931, 'Váy babydoll dáng xoè From ngắn siêu hack chân 

📍 Thông số sp:
SIZE S: 40-48kg eo<69cm 
SIZE M:49-56kg eo<76cm 

_HÌNH THẬT VÀ VIDEO THẬT Ở CUỐI khách xem kĩ trước khi mua giúp Shop ạ 

_Vải đẹp, không xù lông , chất dày dặn

_Dạng babydoll mặc xinh như búp bê, chị em mê công chúa bánh bèo thì không thể bỏ qua em này được đâu ạ 

_HÀNG QUẢNG CHÂU CAM KẾT FROM chuẩn mẫu mặc 

SHOP CAM KẾT 
_Hàng giống hình
_CAM KẾT đổi trả nếu sản phẩm không giống hình 
_Hỗ trợ đổi trả theo đúng quy định Shopee 

LƯU Ý:
Kiểm hàng và khiếu nại: Đơn của khách đều được shop kiểm tra chắc chắn không có lỗi và đã quay lại quá trình đóng hàng trước khi giao. Nên quý khách vui lòng quay lại quá trình kiểm hàng để tránh trường hợp nhận sai hàng,hàng kém chất lượng, tráo hàng. Shop sẽ không xử lý khiếu nại khi khách hàng không thực hiện thao tác trên và có video kiểm hàng.
        
Cảm ơn bạn đã tin tưởng và ủng hộ shop trong hàng ngàn sự lựa chọn .

          
  
');
            
            INSERT INTO product_images (product_id, name, path) 
            VALUES (9322269944, 'SP_9322269944_1.jpg', 'images/products/11/SP_9322269944_1.jpg');
            
            INSERT INTO product_images (product_id, name, path) 
            VALUES (9322269944, 'SP_9322269944_2.jpg', 'images/products/11/SP_9322269944_2.jpg');
            
            INSERT INTO product_images (product_id, name, path) 
            VALUES (9322269944, 'SP_9322269944_3.jpg', 'images/products/11/SP_9322269944_3.jpg');
            
            INSERT INTO product_images (product_id, name, path) 
            VALUES (9322269944, 'SP_9322269944_4.jpg', 'images/products/11/SP_9322269944_4.jpg');
            
            INSERT INTO product_images (product_id, name, path) 
            VALUES (9322269944, 'SP_9322269944_5.jpg', 'images/products/11/SP_9322269944_5.jpg');
            
            INSERT INTO product_images (product_id, name, path) 
            VALUES (9322269944, 'SP_9322269944_6.jpg', 'images/products/11/SP_9322269944_6.jpg');
            
            INSERT INTO product_images (product_id, name, path) 
            VALUES (9322269944, 'SP_9322269944_7.jpg', 'images/products/11/SP_9322269944_7.jpg');
            
            INSERT INTO product_images (product_id, name, path) 
            VALUES (9322269944, 'SP_9322269944_8.jpg', 'images/products/11/SP_9322269944_8.jpg');
            
            INSERT INTO product_details (id, product_id, size, color, unique_search_id, quantity)
            VALUES (73999731670, 9322269944, 'S', 'Đen', 'dens', 16);
            
            INSERT INTO product_details (id, product_id, size, color, unique_search_id, quantity)
            VALUES (73999731671, 9322269944, 'M', 'Đen', 'demn', 25);
            
            INSERT INTO product_details (id, product_id, size, color, unique_search_id, quantity)
            VALUES (73999731672, 9322269944, 'S', 'Trắng', 'agnrst', 18);
            
            INSERT INTO product_details (id, product_id, size, color, unique_search_id, quantity)
            VALUES (73999731673, 9322269944, 'M', 'Trắng', 'agmnrt', 23);
            
            INSERT INTO products (id, sku, name, slug, category_id, unit_price, sale_price, preview_image_name, preview_image_path, views, description)
            VALUES (5686912744, 'SP11003', 'Váy ngắn gợi cảm khí chất liền chữ a chiết eo trẻ trung kiểu nơ bướm tôn dáng mẫu mới mùa hè 2021 cho nữ', 'vay-ngan-goi-cam-khi-chat-lien-chu-a-chiet-eo-tre-trung-kieu-no-buom-ton-dang-mau-moi-mua-he-2021-cho-nu', 11, 223000, 243000, 'SP_5686912744_0.jpg', 'images/products/11/SP_5686912744_0.jpg', 16, 'Hãy đến với tôi để được mua những sản phẩm giá rẻ.
Nhiều sản phẩm mới được cập nhật trong cửa hàng của tôi mỗi ngày. Để giúp bạn nhận được chiết khấu lớn nhất, hãy chú ý theo dõi.
Tất cả các mặt hàng trong cửa hàng đều có trong kho. Thời gian giao hàng thông thường là 15 ngày.
Để đảm bảo rằng bạn tận hưởng một dịch vụ mua sắm dễ chịu, chúng tôi sẽ tiến hành kiểm tra chất lượng nghiêm ngặt về chất lượng của hàng hóa bạn mua.
Màu trắng
Màu đen
S
M
L
XL
2XL');
            
            INSERT INTO product_images (product_id, name, path) 
            VALUES (5686912744, 'SP_5686912744_1.jpg', 'images/products/11/SP_5686912744_1.jpg');
            
            INSERT INTO product_images (product_id, name, path) 
            VALUES (5686912744, 'SP_5686912744_2.jpg', 'images/products/11/SP_5686912744_2.jpg');
            
            INSERT INTO product_images (product_id, name, path) 
            VALUES (5686912744, 'SP_5686912744_3.jpg', 'images/products/11/SP_5686912744_3.jpg');
            
            INSERT INTO product_images (product_id, name, path) 
            VALUES (5686912744, 'SP_5686912744_4.jpg', 'images/products/11/SP_5686912744_4.jpg');
            
            INSERT INTO product_images (product_id, name, path) 
            VALUES (5686912744, 'SP_5686912744_5.jpg', 'images/products/11/SP_5686912744_5.jpg');
            
            INSERT INTO product_images (product_id, name, path) 
            VALUES (5686912744, 'SP_5686912744_6.jpg', 'images/products/11/SP_5686912744_6.jpg');
            
            INSERT INTO product_images (product_id, name, path) 
            VALUES (5686912744, 'SP_5686912744_7.jpg', 'images/products/11/SP_5686912744_7.jpg');
            
            INSERT INTO product_details (id, product_id, size, color, unique_search_id, quantity)
            VALUES (25563353707, 5686912744, 'L', 'Màu trắng', ' aaglmnrtu', 1000);
            
            INSERT INTO product_details (id, product_id, size, color, unique_search_id, quantity)
            VALUES (25563353708, 5686912744, '2XL', 'Màu trắng', ' 2aaglmnrtux', 1000);
            
            INSERT INTO product_details (id, product_id, size, color, unique_search_id, quantity)
            VALUES (25563353709, 5686912744, 'S', 'Màu đen', ' ademnsu', 1000);
            
            INSERT INTO product_details (id, product_id, size, color, unique_search_id, quantity)
            VALUES (25563353710, 5686912744, 'M', 'Màu đen', ' ademmnu', 1000);
            
            INSERT INTO product_details (id, product_id, size, color, unique_search_id, quantity)
            VALUES (25563353711, 5686912744, 'L', 'Màu đen', ' adelmnu', 1000);
            
            INSERT INTO product_details (id, product_id, size, color, unique_search_id, quantity)
            VALUES (25563353712, 5686912744, '2XL', 'Màu đen', ' 2adelmnux', 1000);
            
            INSERT INTO product_details (id, product_id, size, color, unique_search_id, quantity)
            VALUES (25563353713, 5686912744, 'S', 'Màu trắng', ' aagmnrstu', 1000);
            
            INSERT INTO product_details (id, product_id, size, color, unique_search_id, quantity)
            VALUES (25563353714, 5686912744, 'XL', 'Màu trắng', ' aaglmnrtux', 1000);
            
            INSERT INTO product_details (id, product_id, size, color, unique_search_id, quantity)
            VALUES (25563353715, 5686912744, 'XL', 'Màu đen', ' adelmnux', 1000);
            
            INSERT INTO product_details (id, product_id, size, color, unique_search_id, quantity)
            VALUES (25563353716, 5686912744, 'M', 'Màu trắng', ' aagmmnrtu', 1000);
            
            INSERT INTO products (id, sku, name, slug, category_id, unit_price, sale_price, preview_image_name, preview_image_path, views, description)
            VALUES (4784852769, 'SP11004', '[HÀNG QUẢNG CHÂU]VÁY LIỀN DÁNG XOÈ CỔ VUÔNG TAY NGẮN', 'hang-quang-chauvay-lien-dang-xoe-co-vuong-tay-ngan', 11, 359000, 379000, 'SP_4784852769_0.jpg', 'images/products/11/SP_4784852769_0.jpg', 65, 'THÔNG TIN SẢN PHẨM
váy xoè tay phồng cổ vuông vải đẹp
✅Thông số kĩ thuật:
Màu: xanh như hình
SIZE: SML
CHẤT: vải cotton xô
- Xuất xứ: Quảng Châu
-----------------------------------------------------------
👉Hãy cùng Nhà bi trải nghiệm những sản phẩm THỜI TRANG - THIẾT KẾ - CHẤT LƯỢNG  tại Shopee ngay nhé!
-----------------------------------------------------------------
FB PAGE: NHÀ BI-TỔNG KHO SỈ ORDER HÀNG QUẢNG CHÂU TAOBAO 1688 VỀ HUẾ
LINK FACEBOOK: https://m.facebook.com/profile.php?id=104264697739934&ref=content_filter
Lưu ý QUAN TRỌNG:
✅ CAM KẾT 100% hàng cao cấp từ Quảng Châu
✅ KHUYẾN KHÍCH KHÁCH HÀNG LIÊN HỆ VỚI SHOP ĐỂ CHỌN SIZE CHUẨN NHẤT');
            
            INSERT INTO product_images (product_id, name, path) 
            VALUES (4784852769, 'SP_4784852769_1.jpg', 'images/products/11/SP_4784852769_1.jpg');
            
            INSERT INTO product_images (product_id, name, path) 
            VALUES (4784852769, 'SP_4784852769_2.jpg', 'images/products/11/SP_4784852769_2.jpg');
            
            INSERT INTO product_images (product_id, name, path) 
            VALUES (4784852769, 'SP_4784852769_3.jpg', 'images/products/11/SP_4784852769_3.jpg');
            
            INSERT INTO product_details (id, product_id, size, color, unique_search_id, quantity)
            VALUES (34679158142, 4784852769, 'S', 'Xanh', 'ahnsx', 99);
            
            INSERT INTO product_details (id, product_id, size, color, unique_search_id, quantity)
            VALUES (34679158143, 4784852769, 'M', 'Xanh', 'ahmnx', 100);
            
            INSERT INTO product_details (id, product_id, size, color, unique_search_id, quantity)
            VALUES (34679158144, 4784852769, 'L', 'Xanh', 'ahlnx', 100);
            
            INSERT INTO products (id, sku, name, slug, category_id, unit_price, sale_price, preview_image_name, preview_image_path, views, description)
            VALUES (6373777445, 'SP11005', '[Order + k hủy ngang] Váy đầm liền thân tay bèo dáng ngắn thiết kế vải lưới lộ tay gợi cảm VA008', 'order-k-huy-ngang-vay-dam-lien-than-tay-beo-dang-ngan-thiet-ke-vai-luoi-lo-tay-goi-cam-va008', 11, 460000, 480000, 'SP_6373777445_0.jpg', 'images/products/11/SP_6373777445_0.jpg', 54, '* cổ và tay thiết kế vải lưới gợi cảm
* chất liệu vải họa tiết lấp lánh dưới ánh đèn
* chân váy xòa nhẹ tự nhiên tôn dáng
Kiểu dáng váy dễ mặc, dễ phối đồ, phù hợp để đi chơi, đi dự tiệc,... tạo sự nhẹ nhàng mà sang trọng. 
Phù hợp với độ tuổi từ 20 đến 35 tuổi.
Hàng order từ 7 đến 10 ngày.

');
            
            INSERT INTO product_images (product_id, name, path) 
            VALUES (6373777445, 'SP_6373777445_1.jpg', 'images/products/11/SP_6373777445_1.jpg');
            
            INSERT INTO product_images (product_id, name, path) 
            VALUES (6373777445, 'SP_6373777445_2.jpg', 'images/products/11/SP_6373777445_2.jpg');
            
            INSERT INTO product_images (product_id, name, path) 
            VALUES (6373777445, 'SP_6373777445_3.jpg', 'images/products/11/SP_6373777445_3.jpg');
            
            INSERT INTO product_images (product_id, name, path) 
            VALUES (6373777445, 'SP_6373777445_4.jpg', 'images/products/11/SP_6373777445_4.jpg');
            
            INSERT INTO product_images (product_id, name, path) 
            VALUES (6373777445, 'SP_6373777445_5.jpg', 'images/products/11/SP_6373777445_5.jpg');
            
            INSERT INTO product_images (product_id, name, path) 
            VALUES (6373777445, 'SP_6373777445_6.jpg', 'images/products/11/SP_6373777445_6.jpg');
            
            INSERT INTO product_images (product_id, name, path) 
            VALUES (6373777445, 'SP_6373777445_7.jpg', 'images/products/11/SP_6373777445_7.jpg');
            
            INSERT INTO product_images (product_id, name, path) 
            VALUES (6373777445, 'SP_6373777445_8.jpg', 'images/products/11/SP_6373777445_8.jpg');
            
            INSERT INTO product_images (product_id, name, path) 
            VALUES (6373777445, 'SP_6373777445_9.jpg', 'images/products/11/SP_6373777445_9.jpg');
            
            INSERT INTO product_details (id, product_id, size, color, unique_search_id, quantity)
            VALUES (43107948250, 6373777445, 'L', 'Đen', 'deln', 300);
            
            INSERT INTO product_details (id, product_id, size, color, unique_search_id, quantity)
            VALUES (43107948251, 6373777445, 'XL', 'Đen', 'delnx', 300);
            
            INSERT INTO product_details (id, product_id, size, color, unique_search_id, quantity)
            VALUES (43107948252, 6373777445, 'S', 'Đen', 'dens', 299);
            
            INSERT INTO product_details (id, product_id, size, color, unique_search_id, quantity)
            VALUES (43107948253, 6373777445, 'M', 'Đen', 'demn', 300);
            
            INSERT INTO products (id, sku, name, slug, category_id, unit_price, sale_price, preview_image_name, preview_image_path, views, description)
            VALUES (9042106200, 'SP11006', 'Váy đen nhỏ phối hợp theo phong cách Hepburn mùa hè 2021 được ưa chuộng trong năm nay, ngắn liền thân, thiết kế lý,', 'vay-den-nho-phoi-hop-theo-phong-cach-hepburn-mua-he-2021-duoc-ua-chuong-trong-nam-nay,-ngan-lien-than,-thiet-ke-ly,', 11, 181600, 227000, 'SP_9042106200_0.jpg', 'images/products/11/SP_9042106200_0.jpg', 12, 'Tên vải: sợi polyester
Nguồn ảnh chính: chụp thật với người mẫu
Danh mục cung cấp: Giao ngay
Phong cách: thanh lịch
mô hình: trơn
Quy trình: In / Nhuộm

Loại hàng tồn kho: toàn bộ đơn đặt hàng
Phong cách: địu
Hình thức kết hợp: mảnh đơn
Váy dài: váy giữa
Loại váy: váy công chúa
Loại eo: Thắt lưng lỏng lẻo
Quần áo placket: bảo hiểm rủi ro
Năm / mùa niêm yết: Mùa hè năm 2021
Thành phần vải chính: sợi polyester (polyester)
Hàm lượng của thành phần vải chính: 81% -90%
Thành phần vải chính 2: sợi polyester (polyester)
Hàm lượng thành phần vải chính 2: 51% -70%
Thành phần lớp lót: sợi polyester (polyester)
Nội dung thành phần lót: 51% -70%
Hàng tồn kho: có
Mã số: 991 Chaorenfang-899
Nguồn gốc vải nhập khẩu chính ngạch hay không: Không
Cho dù ngoại thương: Có
Màu đen
Kích thước: S, M, L, XL, 2XL, 3XL
Nền tảng hạ lưu chính: ,,,,,
Khu vực bán hàng chính: Châu Phi, Châu Âu, Nam Mỹ, Đông Nam Á, Bắc Mỹ, Đông Bắc Á, Trung Đông
Độ tuổi phù hợp: 18-24 tuổi
Nguồn cung cấp độc quyền xuất khẩu xuyên biên giới hay không: Có
Loại phong cách: tính khí đi làm
Hồ sơ: Loại A
Mùa áp dụng: mùa hè');
            
            INSERT INTO product_images (product_id, name, path) 
            VALUES (9042106200, 'SP_9042106200_1.jpg', 'images/products/11/SP_9042106200_1.jpg');
            
            INSERT INTO product_images (product_id, name, path) 
            VALUES (9042106200, 'SP_9042106200_2.jpg', 'images/products/11/SP_9042106200_2.jpg');
            
            INSERT INTO product_images (product_id, name, path) 
            VALUES (9042106200, 'SP_9042106200_3.jpg', 'images/products/11/SP_9042106200_3.jpg');
            
            INSERT INTO product_images (product_id, name, path) 
            VALUES (9042106200, 'SP_9042106200_4.jpg', 'images/products/11/SP_9042106200_4.jpg');
            
            INSERT INTO product_images (product_id, name, path) 
            VALUES (9042106200, 'SP_9042106200_5.jpg', 'images/products/11/SP_9042106200_5.jpg');
            
            INSERT INTO product_details (id, product_id, size, color, unique_search_id, quantity)
            VALUES (44857223680, 9042106200, ' 2XL ', ' Màu đen ', '     2adelmnux', 5000);
            
            INSERT INTO product_details (id, product_id, size, color, unique_search_id, quantity)
            VALUES (44857223681, 9042106200, ' 3XL ', ' Màu đen ', '     3adelmnux', 5000);
            
            INSERT INTO product_details (id, product_id, size, color, unique_search_id, quantity)
            VALUES (44857223682, 9042106200, ' L ', ' Màu đen ', '     adelmnu', 5000);
            
            INSERT INTO product_details (id, product_id, size, color, unique_search_id, quantity)
            VALUES (44857223683, 9042106200, ' M ', ' Màu đen ', '     ademmnu', 5000);
            
            INSERT INTO product_details (id, product_id, size, color, unique_search_id, quantity)
            VALUES (44857223684, 9042106200, ' S ', ' Màu đen ', '     ademnsu', 5000);
            
            INSERT INTO product_details (id, product_id, size, color, unique_search_id, quantity)
            VALUES (44857223685, 9042106200, ' XL ', ' Màu đen ', '     adelmnux', 5000);
            
            INSERT INTO products (id, sku, name, slug, category_id, unit_price, sale_price, preview_image_name, preview_image_path, views, description)
            VALUES (9021100708, 'SP11007', '[ORDER] Váy liền thân ngắn xanh vổ V', 'order-vay-lien-than-ngan-xanh-vo-v', 11, 239000, 259000, 'SP_9021100708_0.jpg', 'images/products/11/SP_9021100708_0.jpg', 17, 'Chào mừng đến vơi Pansy’s House
Shop chuyên order hàng Taobao, hottrend, hotgirl tiktok Trung Quốc. idol Hàn quốc

Váy liền thân ngắn xanh cổ V

Size: S, M

Mã sản phẩm: VL11

 ‼️Hàng không có sẵn 
🌸Order trong 7-20 ngày  
🌸Hàng order không huỷ ngang giúp shop ạ 
📞IB để được tư vấn 


FB:Link FB: https://www.facebook.com/Pansys-house-Chuyên-order-hàng-taobao-100524911916391/

');
            
            INSERT INTO product_images (product_id, name, path) 
            VALUES (9021100708, 'SP_9021100708_1.jpg', 'images/products/11/SP_9021100708_1.jpg');
            
            INSERT INTO product_images (product_id, name, path) 
            VALUES (9021100708, 'SP_9021100708_2.jpg', 'images/products/11/SP_9021100708_2.jpg');
            
            INSERT INTO product_images (product_id, name, path) 
            VALUES (9021100708, 'SP_9021100708_3.jpg', 'images/products/11/SP_9021100708_3.jpg');
            
            INSERT INTO product_images (product_id, name, path) 
            VALUES (9021100708, 'SP_9021100708_4.jpg', 'images/products/11/SP_9021100708_4.jpg');
            
            INSERT INTO product_images (product_id, name, path) 
            VALUES (9021100708, 'SP_9021100708_5.jpg', 'images/products/11/SP_9021100708_5.jpg');
            
            INSERT INTO product_details (id, product_id, size, color, unique_search_id, quantity)
            VALUES (63949411124, 9021100708, 'S', 'Xanh', 'ahnsx', 100);
            
            INSERT INTO product_details (id, product_id, size, color, unique_search_id, quantity)
            VALUES (63949411125, 9021100708, 'M', 'Xanh', 'ahmnx', 100);
            
            INSERT INTO products (id, sku, name, slug, category_id, unit_price, sale_price, preview_image_name, preview_image_path, views, description)
            VALUES (9824797278, 'SP11008', 'Váy đỏ dài giữa mùa hè kiểu Pháp cổ điển tay phồng vuông liền thân công chúa cạp cao ngọt ngào [phát hành vào', 'vay-do-dai-giua-mua-he-kieu-phap-co-dien-tay-phong-vuong-lien-than-cong-chua-cap-cao-ngot-ngao-phat-hanh-vao', 11, 234000, 468000, 'SP_9824797278_0.jpg', 'images/products/11/SP_9824797278_0.jpg', 14, '🌱Thiết kế Tay  và Hoa Ngực phối ren siêu xinh
🌱 Kiểu dáng sang chảnh
🌱 Quá phù hợp với thời tiết này 
🌱 Các chị có thể phối được với nhiều kiểu trang phục khác nhau 

Full size: 47-72kg
M: 47-51kg
L: 52-57kg
XL: 58-62kg
XXL: 63-68kg
3XL: 69-72kg

 Hướng dẫn giặt ủi (là) - Nên giặt sản phẩm trước khi sử dụng.
- Tốt nhất nên giặt tay và không nên chà mạnh bằng bàn chải có sợi cứng. 
- Nếu giặt máy, nên chọn chế độ giặt nhẹ và sản phẩm có chất vải phù hợp để bảo quản được lâu. - Không nên sử dụng chất giặt tẩy. 
- Không nên ngâm chung với trang phục ra bị màu.
- Tránh phơi với ánh nắng trực tiếp. 
- Ủi (là) sản phẩm nếu cần và cài đặt nhiệt độ bàn ủi (là) phù hợp với từng loại vải.  

CHÍNH SÁCH & HẬU MÃI: 
- Shop cam kết không bán hàng giả, hàng nhái, chất lượng luôn là hàng đầu để shop có thể phát triển thương hiệu và vươn xa. 
- Sản phẩm cam kết như hình thật 100% 
- Đổi trả trong vòng 7 ngày nếu hàng lỗi, sai mẫu cho quý khách. 
- Tư vấn nhiệt tình, chu đáo luôn lắng nghe khách hàng để phục vụ tốt.
- Giao hàng nhanh đúng tiến độ không phải để quý khách chờ đợi lâu để nhận hàng. 
✔ Ấn Like và theo dõi để ủng hộ shop và tham khảo các sản phẩm mới của shop rất hân hạnh được phục vụ quý khách. 
✅ shop AT Store chuyên cung cấp quần áo, phụ kiện thời trang nữ. 
✅ Cam kết giá tốt nhất thị trường, chất lượng đảm bảo.
✅ Uy tín được đảm bảo qua hàng vạn đơn hàng trên khắp cả nước 
✅ Đổi trả trong vòng 7 ngày nếu hàng lỗi, sai mẫu cho quý khách.

#aothun #aothunnu #aothunnudaitay #aothunthudong #aophong #aophongnu
#áothun #áothunnữ #áothunnữdàitay #áothunthuđông #áophông #áophôngnữ
#áo-thun #ao-thun-nu #áo-thun-nữ-dài-tay #áo-thun-nữ #áo-phông #ao-phong #áo-phông-nữ #ao-phong-nu');
            
            INSERT INTO product_images (product_id, name, path) 
            VALUES (9824797278, 'SP_9824797278_1.jpg', 'images/products/11/SP_9824797278_1.jpg');
            
            INSERT INTO product_images (product_id, name, path) 
            VALUES (9824797278, 'SP_9824797278_2.jpg', 'images/products/11/SP_9824797278_2.jpg');
            
            INSERT INTO product_images (product_id, name, path) 
            VALUES (9824797278, 'SP_9824797278_3.jpg', 'images/products/11/SP_9824797278_3.jpg');
            
            INSERT INTO product_images (product_id, name, path) 
            VALUES (9824797278, 'SP_9824797278_4.jpg', 'images/products/11/SP_9824797278_4.jpg');
            
            INSERT INTO product_images (product_id, name, path) 
            VALUES (9824797278, 'SP_9824797278_5.jpg', 'images/products/11/SP_9824797278_5.jpg');
            
            INSERT INTO product_images (product_id, name, path) 
            VALUES (9824797278, 'SP_9824797278_6.jpg', 'images/products/11/SP_9824797278_6.jpg');
            
            INSERT INTO product_details (id, product_id, size, color, unique_search_id, quantity)
            VALUES (81091067184, 9824797278, ' S ', ' đỏ ', '    dos', 1000);
            
            INSERT INTO product_details (id, product_id, size, color, unique_search_id, quantity)
            VALUES (81091067185, 9824797278, ' L ', ' đỏ ', '    dlo', 1000);
            
            INSERT INTO product_details (id, product_id, size, color, unique_search_id, quantity)
            VALUES (81091067186, 9824797278, ' S ', ' đen ', '    dens', 0);
            
            INSERT INTO product_details (id, product_id, size, color, unique_search_id, quantity)
            VALUES (81091067187, 9824797278, ' XL', ' đen ', '   delnx', 0);
            
            INSERT INTO product_details (id, product_id, size, color, unique_search_id, quantity)
            VALUES (81091067188, 9824797278, ' 2XL ', ' đen ', '    2delnx', 0);
            
            INSERT INTO product_details (id, product_id, size, color, unique_search_id, quantity)
            VALUES (81091067189, 9824797278, ' M ', ' đỏ ', '    dmo', 763);
            
            INSERT INTO product_details (id, product_id, size, color, unique_search_id, quantity)
            VALUES (81091067190, 9824797278, ' XL', ' đỏ ', '   dlox', 1000);
            
            INSERT INTO product_details (id, product_id, size, color, unique_search_id, quantity)
            VALUES (81091067191, 9824797278, ' 2XL ', ' đỏ ', '    2dlox', 1000);
            
            INSERT INTO product_details (id, product_id, size, color, unique_search_id, quantity)
            VALUES (81091067192, 9824797278, ' M ', ' đen ', '    demn', 0);
            
            INSERT INTO product_details (id, product_id, size, color, unique_search_id, quantity)
            VALUES (81091067193, 9824797278, ' L ', ' đen ', '    deln', 0);
            
            INSERT INTO products (id, sku, name, slug, category_id, unit_price, sale_price, preview_image_name, preview_image_path, views, description)
            VALUES (2131886189, 'SP11009', 'Váy Ôm Body Họa Tiết Hoa Nhí Dáng Ngắn/ Đầm Cổ Vuông Trễ Ngực Cộc Tay Buộc Dây V00113', 'vay-om-body-hoa-tiet-hoa-nhi-dang-ngan/-dam-co-vuong-tre-nguc-coc-tay-buoc-day-v00113', 11, 189000, 198435, 'SP_2131886189_0.jpg', 'images/products/11/SP_2131886189_0.jpg', 548, 'Váy Ôm Body Họa Tiết Hoa Nhí Dáng Ngắn/ Đầm Cổ Vuông Trễ Ngực Cộc Tay Buộc Dây

Kích thước:
Size S: Eo 64cm/ Ngực 74cm/ Tay dài 31cm/ Váy dài 70cm
Size M: Eo 68cm/ Ngực 78cm/ Tay dài 32cm/ Váy dài 71cm
Size L: Eo 72cm/ Ngực 82cm/ Tay dài 33cm/ Váy dài 72cm
Size XL: Eo 76cm/ Ngực 86cm/ Tay dài 34cm/ Váy dài 73cm
Size 2XL: Eo 80cm/ Ngực 90cm/ Tay dài 34cm/ Váy dài 74cm

Hàng order 10 ngày

Cam kết đổi trả đối với các sản phẩm nhầm size, nhầm màu, nhầm mẫu, hàng lỗi,... Các khách lưu ý giữ nguyên tem mác của sản phẩm và đổi trả trong vòng 3 ngày kể từ khi nhận được sản phẩm.

#vayxuong #vaythocam #vayxuongtaybo #đầmhọatiết #đầmthêuhoa');
            
            INSERT INTO product_images (product_id, name, path) 
            VALUES (2131886189, 'SP_2131886189_1.jpg', 'images/products/11/SP_2131886189_1.jpg');
            
            INSERT INTO product_images (product_id, name, path) 
            VALUES (2131886189, 'SP_2131886189_2.jpg', 'images/products/11/SP_2131886189_2.jpg');
            
            INSERT INTO product_images (product_id, name, path) 
            VALUES (2131886189, 'SP_2131886189_3.jpg', 'images/products/11/SP_2131886189_3.jpg');
            
            INSERT INTO product_images (product_id, name, path) 
            VALUES (2131886189, 'SP_2131886189_4.jpg', 'images/products/11/SP_2131886189_4.jpg');
            
            INSERT INTO product_images (product_id, name, path) 
            VALUES (2131886189, 'SP_2131886189_5.jpg', 'images/products/11/SP_2131886189_5.jpg');
            
            INSERT INTO product_images (product_id, name, path) 
            VALUES (2131886189, 'SP_2131886189_6.jpg', 'images/products/11/SP_2131886189_6.jpg');
            
            INSERT INTO product_images (product_id, name, path) 
            VALUES (2131886189, 'SP_2131886189_7.jpg', 'images/products/11/SP_2131886189_7.jpg');
            
            INSERT INTO product_images (product_id, name, path) 
            VALUES (2131886189, 'SP_2131886189_8.jpg', 'images/products/11/SP_2131886189_8.jpg');
            
            INSERT INTO product_details (id, product_id, size, color, unique_search_id, quantity)
            VALUES (25219382612, 2131886189, 'L', 'Trắng', 'aglnrt', 5);
            
            INSERT INTO product_details (id, product_id, size, color, unique_search_id, quantity)
            VALUES (25219382613, 2131886189, 'XL', 'Xanh', 'ahlnxx', 5);
            
            INSERT INTO product_details (id, product_id, size, color, unique_search_id, quantity)
            VALUES (25219382614, 2131886189, 'L', 'Đen', 'deln', 5);
            
            INSERT INTO product_details (id, product_id, size, color, unique_search_id, quantity)
            VALUES (25219382615, 2131886189, 'L', 'Xanh', 'ahlnx', 5);
            
            INSERT INTO product_details (id, product_id, size, color, unique_search_id, quantity)
            VALUES (25219382616, 2131886189, 'S', 'Trắng', 'agnrst', 4);
            
            INSERT INTO product_details (id, product_id, size, color, unique_search_id, quantity)
            VALUES (25219382617, 2131886189, '2XL', 'Trắng', '2aglnrtx', 5);
            
            INSERT INTO product_details (id, product_id, size, color, unique_search_id, quantity)
            VALUES (25219382618, 2131886189, 'S', 'Xanh', 'ahnsx', 5);
            
            INSERT INTO product_details (id, product_id, size, color, unique_search_id, quantity)
            VALUES (25219382619, 2131886189, 'M', 'Xanh', 'ahmnx', 5);
            
            INSERT INTO product_details (id, product_id, size, color, unique_search_id, quantity)
            VALUES (25219382620, 2131886189, 'XL', 'Trắng', 'aglnrtx', 5);
            
            INSERT INTO product_details (id, product_id, size, color, unique_search_id, quantity)
            VALUES (25219382621, 2131886189, '2XL', 'Xanh', '2ahlnxx', 5);
            
            INSERT INTO product_details (id, product_id, size, color, unique_search_id, quantity)
            VALUES (25219382622, 2131886189, 'M', 'Đen', 'demn', 5);
            
            INSERT INTO product_details (id, product_id, size, color, unique_search_id, quantity)
            VALUES (25219382623, 2131886189, 'M', 'Trắng', 'agmnrt', 5);
            
            INSERT INTO product_details (id, product_id, size, color, unique_search_id, quantity)
            VALUES (25219382624, 2131886189, 'S', 'Đen', 'dens', 5);
            
            INSERT INTO product_details (id, product_id, size, color, unique_search_id, quantity)
            VALUES (25219382625, 2131886189, 'XL', 'Đen', 'delnx', 5);
            
            INSERT INTO product_details (id, product_id, size, color, unique_search_id, quantity)
            VALUES (25219382626, 2131886189, '2XL', 'Đen', '2delnx', 5);
            
            INSERT INTO products (id, sku, name, slug, category_id, unit_price, sale_price, preview_image_name, preview_image_path, views, description)
            VALUES (4222569225, 'SP11010', 'Đầm hoa tay dài dáng ngắn voan hoa vintage Hàn Quốc, Váy hoa nhí cổ tim ulzzang nhún eo Hàn Quốc V05 - Peyy Clothing', 'dam-hoa-tay-dai-dang-ngan-voan-hoa-vintage-han-quoc,-vay-hoa-nhi-co-tim-ulzzang-nhun-eo-han-quoc-v05-peyy-clothing', 11, 269000, 329000, 'SP_4222569225_0.jpg', 'images/products/11/SP_4222569225_0.jpg', 3427, '🌺 Thông tin sản phẩm: Đầm hoa tay dài dáng ngắn voan hoa vintage Hàn Quốc, Váy hoa nhí cổ tim ulzzang nhún eo Hàn Quốc
    + Chất liệu: Voan
    + Đường may chắc chắn, vắt sổ
    + Giặt ko xù hay bay màu, thoải mái ko gò bó

️🌺 Màu sắc, kích thước: Đầm hoa tay dài dáng ngắn voan hoa vintage Hàn Quốc, Váy hoa nhí cổ tim ulzzang nhún eo Hàn Quốc
    + Váy có 2 màu: Xanh - Trắng ⚪ 
    + Váy có 3 size:S M L
👉Size S: 43-46kg
👉Size M: 47-50kg
👉Size L: 50-55kg

Quý khách vui lòng inbox ngay cho shop nếu cần tư vấn thêm về size

️🌺 Hướng dẫn sử dụng, bảo quản: Đầm hoa tay dài dáng ngắn voan hoa vintage Hàn Quốc, Váy hoa nhí cổ tim ulzzang nhún eo Hàn Quốc
    + Lần đầu nên lộn trái áo và giặt ở nhiệt độ thường
    + Không dùng chất tẩy mạnh
    + Khi phơi nên lộn trái áo tránh bị phai màu
    + Là, ủi áo ở nhiệt độ thích hợp

️🌺 Cam kết của shop
    + Cam kết chất lượng sản phẩm giống với mô tả, hình ảnh.
    + Sản phẩm được kiểm tra cẩn thận, kĩ càng trước khi gói hàng giao cho Quý khách
    + Hàng còn mới 100% và chưa qua sử dụng
    + Chấp nhận đổi hàng khi size không vừa
    + Giao hàng trên toàn quốc, nhận hàng mới trả tiền

#dam #vay #nu #chua #daitay #cothuyen #hoanhi #chua #basic #ulzzang #peyyclothing #vayxoe #vintage');
            
            INSERT INTO product_images (product_id, name, path) 
            VALUES (4222569225, 'SP_4222569225_1.jpg', 'images/products/11/SP_4222569225_1.jpg');
            
            INSERT INTO product_images (product_id, name, path) 
            VALUES (4222569225, 'SP_4222569225_2.jpg', 'images/products/11/SP_4222569225_2.jpg');
            
            INSERT INTO product_images (product_id, name, path) 
            VALUES (4222569225, 'SP_4222569225_3.jpg', 'images/products/11/SP_4222569225_3.jpg');
            
            INSERT INTO product_images (product_id, name, path) 
            VALUES (4222569225, 'SP_4222569225_4.jpg', 'images/products/11/SP_4222569225_4.jpg');
            
            INSERT INTO product_images (product_id, name, path) 
            VALUES (4222569225, 'SP_4222569225_5.jpg', 'images/products/11/SP_4222569225_5.jpg');
            
            INSERT INTO product_images (product_id, name, path) 
            VALUES (4222569225, 'SP_4222569225_6.jpg', 'images/products/11/SP_4222569225_6.jpg');
            
            INSERT INTO product_images (product_id, name, path) 
            VALUES (4222569225, 'SP_4222569225_7.jpg', 'images/products/11/SP_4222569225_7.jpg');
            
            INSERT INTO product_details (id, product_id, size, color, unique_search_id, quantity)
            VALUES (15346061494, 4222569225, 'S (43-46kg)', 'Trắng', ' ()-3446aggknrst', 8);
            
            INSERT INTO product_details (id, product_id, size, color, unique_search_id, quantity)
            VALUES (15346061496, 4222569225, 'M (47-50kg)', 'Trắng', ' ()-0457aggkmnrt', 0);
            
            INSERT INTO product_details (id, product_id, size, color, unique_search_id, quantity)
            VALUES (15346061498, 4222569225, 'L (50-55kg)', 'Trắng', ' ()-0555aggklnrt', 5);
            
            INSERT INTO product_details (id, product_id, size, color, unique_search_id, quantity)
            VALUES (15346061500, 4222569225, 'S (43-46kg)', 'Xanh', ' ()-3446aghknsx', 12);
            
            INSERT INTO product_details (id, product_id, size, color, unique_search_id, quantity)
            VALUES (15346061501, 4222569225, 'M (47-50kg)', 'Xanh', ' ()-0457aghkmnx', 9);
            
            INSERT INTO product_details (id, product_id, size, color, unique_search_id, quantity)
            VALUES (15346061503, 4222569225, 'L (50-55kg)', 'Xanh', ' ()-0555aghklnx', 10);
            
            INSERT INTO product_details (id, product_id, size, color, unique_search_id, quantity)
            VALUES (15346061505, 4222569225, 'S (43-46kg)', 'Quần mặc trong váy', '    ()-3446aaacggkmnnoqrstuvy', 0);
            
            INSERT INTO product_details (id, product_id, size, color, unique_search_id, quantity)
            VALUES (15346061507, 4222569225, 'M (47-50kg)', 'Quần mặc trong váy', '    ()-0457aaacggkmmnnoqrtuvy', 0);
            
            INSERT INTO product_details (id, product_id, size, color, unique_search_id, quantity)
            VALUES (15346061509, 4222569225, 'L (50-55kg)', 'Quần mặc trong váy', '    ()-0555aaacggklmnnoqrtuvy', 0);
            
            INSERT INTO products (id, sku, name, slug, category_id, unit_price, sale_price, preview_image_name, preview_image_path, views, description)
            VALUES (5985040822, 'SP11011', 'Váy hoa cúc ngọc xoè dáng ngắn', 'vay-hoa-cuc-ngoc-xoe-dang-ngan', 11, 297500, 350000, 'SP_5985040822_0.jpg', 'images/products/11/SP_5985040822_0.jpg', 81, 'Váy hoa cúc ngọc xoè dáng ngắn
🌸Chất cotton mềm mịn nhẹ thoáng mát mặc rất thích và thoải mái
🌸Váy 2 lớp 
🌸Màu sắc có thể đậm hoặc nhạt hơn hình (yếu tố khách quan)
🌸Trong quá trình vận chuyển khó tránh khỏi sản phẩm bị nhàu hoặc mất nếp gấp, nàng nên giặt ủi trước khi sử dụng.
🌸Đầm nằm trong BST Xuân hè là hàng thiết kế độc quyền bên Tấm các nàng nha.Tấm cẩn thận trong từng khâu từ chọn vải, đến cắt may, đến kiểm hàng từng chút 1 để giao đến tay khách là sản phẩm chất lượng nhất ạ. Nên các nàng yên tâm và tin tưởng Tấm nha
☎ Call: 096 939 4466
🌍Fanpage: Tấm
💎 Zalo: 096 939 4466
💌 Instagram : tamclothes
🏡 Add: Tòa nhà The Light Tố Hữu, Nam Từ Liêm, Hà Nội
#tam #thoit rangnu #damthietke #thoitrangthietke #vaythietke
#vayxinh #đầm_cổ sơmi 
#Váy_tiểu_thư #Váy_dự_tiệc #VÁy_xoè');
            
            INSERT INTO product_images (product_id, name, path) 
            VALUES (5985040822, 'SP_5985040822_1.jpg', 'images/products/11/SP_5985040822_1.jpg');
            
            INSERT INTO product_images (product_id, name, path) 
            VALUES (5985040822, 'SP_5985040822_2.jpg', 'images/products/11/SP_5985040822_2.jpg');
            
            INSERT INTO product_images (product_id, name, path) 
            VALUES (5985040822, 'SP_5985040822_3.jpg', 'images/products/11/SP_5985040822_3.jpg');
            
            INSERT INTO product_images (product_id, name, path) 
            VALUES (5985040822, 'SP_5985040822_4.jpg', 'images/products/11/SP_5985040822_4.jpg');
            
            INSERT INTO product_images (product_id, name, path) 
            VALUES (5985040822, 'SP_5985040822_5.jpg', 'images/products/11/SP_5985040822_5.jpg');
            
            INSERT INTO product_details (id, product_id, size, color, unique_search_id, quantity)
            VALUES (25241265999, 5985040822, 'XS', 'Trắng hoa xanh', '  aaaghhnnorstxx', 40);
            
            INSERT INTO product_details (id, product_id, size, color, unique_search_id, quantity)
            VALUES (25241266000, 5985040822, 'XL', 'Trắng hoa xanh', '  aaaghhlnnortxx', 40);
            
            INSERT INTO product_details (id, product_id, size, color, unique_search_id, quantity)
            VALUES (34715119010, 5985040822, 'XS', 'Trắng hoa vàng', '  aaagghnnorstvx', 40);
            
            INSERT INTO product_details (id, product_id, size, color, unique_search_id, quantity)
            VALUES (34715119011, 5985040822, 'M', 'Trắng hoa vàng', '  aaagghmnnortv', 40);
            
            INSERT INTO product_details (id, product_id, size, color, unique_search_id, quantity)
            VALUES (34715119012, 5985040822, 'XL', 'Trắng hoa vàng', '  aaagghlnnortvx', 40);
            
            INSERT INTO product_details (id, product_id, size, color, unique_search_id, quantity)
            VALUES (34715119013, 5985040822, 'S', 'Trắng hoa xanh', '  aaaghhnnorstx', 40);
            
            INSERT INTO product_details (id, product_id, size, color, unique_search_id, quantity)
            VALUES (34715119014, 5985040822, 'M', 'Trắng hoa xanh', '  aaaghhmnnortx', 40);
            
            INSERT INTO product_details (id, product_id, size, color, unique_search_id, quantity)
            VALUES (34715119015, 5985040822, 'L', 'Trắng hoa xanh', '  aaaghhlnnortx', 40);
            
            INSERT INTO product_details (id, product_id, size, color, unique_search_id, quantity)
            VALUES (34715119016, 5985040822, 'S', 'Trắng hoa vàng', '  aaagghnnorstv', 39);
            
            INSERT INTO product_details (id, product_id, size, color, unique_search_id, quantity)
            VALUES (34715119017, 5985040822, 'L', 'Trắng hoa vàng', '  aaagghlnnortv', 40);
            
            INSERT INTO products (id, sku, name, slug, category_id, unit_price, sale_price, preview_image_name, preview_image_path, views, description)
            VALUES (2131886189, 'SP11012', 'Váy Ôm Body Họa Tiết Hoa Nhí Dáng Ngắn/ Đầm Cổ Vuông Trễ Ngực Cộc Tay Buộc Dây V00113', 'vay-om-body-hoa-tiet-hoa-nhi-dang-ngan/-dam-co-vuong-tre-nguc-coc-tay-buoc-day-v00113', 11, 189000, 198435, 'SP_2131886189_0.jpg', 'images/products/11/SP_2131886189_0.jpg', 548, 'Váy Ôm Body Họa Tiết Hoa Nhí Dáng Ngắn/ Đầm Cổ Vuông Trễ Ngực Cộc Tay Buộc Dây

Kích thước:
Size S: Eo 64cm/ Ngực 74cm/ Tay dài 31cm/ Váy dài 70cm
Size M: Eo 68cm/ Ngực 78cm/ Tay dài 32cm/ Váy dài 71cm
Size L: Eo 72cm/ Ngực 82cm/ Tay dài 33cm/ Váy dài 72cm
Size XL: Eo 76cm/ Ngực 86cm/ Tay dài 34cm/ Váy dài 73cm
Size 2XL: Eo 80cm/ Ngực 90cm/ Tay dài 34cm/ Váy dài 74cm

Hàng order 10 ngày

Cam kết đổi trả đối với các sản phẩm nhầm size, nhầm màu, nhầm mẫu, hàng lỗi,... Các khách lưu ý giữ nguyên tem mác của sản phẩm và đổi trả trong vòng 3 ngày kể từ khi nhận được sản phẩm.

#vayxuong #vaythocam #vayxuongtaybo #đầmhọatiết #đầmthêuhoa');
            
            INSERT INTO product_images (product_id, name, path) 
            VALUES (2131886189, 'SP_2131886189_1.jpg', 'images/products/11/SP_2131886189_1.jpg');
            
            INSERT INTO product_images (product_id, name, path) 
            VALUES (2131886189, 'SP_2131886189_2.jpg', 'images/products/11/SP_2131886189_2.jpg');
            
            INSERT INTO product_images (product_id, name, path) 
            VALUES (2131886189, 'SP_2131886189_3.jpg', 'images/products/11/SP_2131886189_3.jpg');
            
            INSERT INTO product_images (product_id, name, path) 
            VALUES (2131886189, 'SP_2131886189_4.jpg', 'images/products/11/SP_2131886189_4.jpg');
            
            INSERT INTO product_images (product_id, name, path) 
            VALUES (2131886189, 'SP_2131886189_5.jpg', 'images/products/11/SP_2131886189_5.jpg');
            
            INSERT INTO product_images (product_id, name, path) 
            VALUES (2131886189, 'SP_2131886189_6.jpg', 'images/products/11/SP_2131886189_6.jpg');
            
            INSERT INTO product_images (product_id, name, path) 
            VALUES (2131886189, 'SP_2131886189_7.jpg', 'images/products/11/SP_2131886189_7.jpg');
            
            INSERT INTO product_images (product_id, name, path) 
            VALUES (2131886189, 'SP_2131886189_8.jpg', 'images/products/11/SP_2131886189_8.jpg');
            
            INSERT INTO product_details (id, product_id, size, color, unique_search_id, quantity)
            VALUES (25219382612, 2131886189, 'L', 'Trắng', 'aglnrt', 5);
            
            INSERT INTO product_details (id, product_id, size, color, unique_search_id, quantity)
            VALUES (25219382613, 2131886189, 'XL', 'Xanh', 'ahlnxx', 5);
            
            INSERT INTO product_details (id, product_id, size, color, unique_search_id, quantity)
            VALUES (25219382614, 2131886189, 'L', 'Đen', 'deln', 5);
            
            INSERT INTO product_details (id, product_id, size, color, unique_search_id, quantity)
            VALUES (25219382615, 2131886189, 'L', 'Xanh', 'ahlnx', 5);
            
            INSERT INTO product_details (id, product_id, size, color, unique_search_id, quantity)
            VALUES (25219382616, 2131886189, 'S', 'Trắng', 'agnrst', 4);
            
            INSERT INTO product_details (id, product_id, size, color, unique_search_id, quantity)
            VALUES (25219382617, 2131886189, '2XL', 'Trắng', '2aglnrtx', 5);
            
            INSERT INTO product_details (id, product_id, size, color, unique_search_id, quantity)
            VALUES (25219382618, 2131886189, 'S', 'Xanh', 'ahnsx', 5);
            
            INSERT INTO product_details (id, product_id, size, color, unique_search_id, quantity)
            VALUES (25219382619, 2131886189, 'M', 'Xanh', 'ahmnx', 5);
            
            INSERT INTO product_details (id, product_id, size, color, unique_search_id, quantity)
            VALUES (25219382620, 2131886189, 'XL', 'Trắng', 'aglnrtx', 5);
            
            INSERT INTO product_details (id, product_id, size, color, unique_search_id, quantity)
            VALUES (25219382621, 2131886189, '2XL', 'Xanh', '2ahlnxx', 5);
            
            INSERT INTO product_details (id, product_id, size, color, unique_search_id, quantity)
            VALUES (25219382622, 2131886189, 'M', 'Đen', 'demn', 5);
            
            INSERT INTO product_details (id, product_id, size, color, unique_search_id, quantity)
            VALUES (25219382623, 2131886189, 'M', 'Trắng', 'agmnrt', 5);
            
            INSERT INTO product_details (id, product_id, size, color, unique_search_id, quantity)
            VALUES (25219382624, 2131886189, 'S', 'Đen', 'dens', 5);
            
            INSERT INTO product_details (id, product_id, size, color, unique_search_id, quantity)
            VALUES (25219382625, 2131886189, 'XL', 'Đen', 'delnx', 5);
            
            INSERT INTO product_details (id, product_id, size, color, unique_search_id, quantity)
            VALUES (25219382626, 2131886189, '2XL', 'Đen', '2delnx', 5);
            
            INSERT INTO products (id, sku, name, slug, category_id, unit_price, sale_price, preview_image_name, preview_image_path, views, description)
            VALUES (4325133547, 'SP11013', '-ORDER- Váy hoa MORAN retro ngọt ngào cổ V dây thắt eo xòe ngắn đuôi cá style Hàn Quốc -Phong cách mới 2021-', '-order-vay-hoa-moran-retro-ngot-ngao-co-v-day-that-eo-xoe-ngan-duoi-ca-style-han-quoc-phong-cach-moi-2021-', 11, 275100, 295100, 'SP_4325133547_0.jpg', 'images/products/11/SP_4325133547_0.jpg', 310, '(ORDER) Váy hoa MORAN retro ngọt ngào cổ V dây thắt eo xòe ngắn đuôi cá style Hàn Quốc
✔️Màu: Tím - Vàng
✔️Size: S M L, XL

:x:Hàng đặt khoảng 7 ngày sẽ nhận được hàng.
:x:CAM KẾT HÀNG GIỐNG HÌNH
MÀU SẮC CÓ THỂ KHÁC CHÚT SO VỚI ẢNH DO ÁNH SÁNG KHI CHỤP.
:x:Khách vui lòng ibox shop để được xem ảnh thật, tư vấn cụ thể về size và màu sắc sản phẩm
#order #taobao #orderquangchau #vayke #vaymoran #vaymuahe #vaycovuong #vayvintage #vaydep #vayke #vaydaitaymuathu #vayMORAN #vaythateo #vaymuahe #vaymaudo #vayhoanhi #vaydress #vayxinhcongchua #vayomdang #vaybody #vaydutieccuoi #vayhaiday #vaysexy #nguyenthutckt #vintage #shopnguyenthutckt

');
            
            INSERT INTO product_images (product_id, name, path) 
            VALUES (4325133547, 'SP_4325133547_1.jpg', 'images/products/11/SP_4325133547_1.jpg');
            
            INSERT INTO product_images (product_id, name, path) 
            VALUES (4325133547, 'SP_4325133547_2.jpg', 'images/products/11/SP_4325133547_2.jpg');
            
            INSERT INTO product_images (product_id, name, path) 
            VALUES (4325133547, 'SP_4325133547_3.jpg', 'images/products/11/SP_4325133547_3.jpg');
            
            INSERT INTO product_images (product_id, name, path) 
            VALUES (4325133547, 'SP_4325133547_4.jpg', 'images/products/11/SP_4325133547_4.jpg');
            
            INSERT INTO product_images (product_id, name, path) 
            VALUES (4325133547, 'SP_4325133547_5.jpg', 'images/products/11/SP_4325133547_5.jpg');
            
            INSERT INTO product_images (product_id, name, path) 
            VALUES (4325133547, 'SP_4325133547_6.jpg', 'images/products/11/SP_4325133547_6.jpg');
            
            INSERT INTO product_images (product_id, name, path) 
            VALUES (4325133547, 'SP_4325133547_7.jpg', 'images/products/11/SP_4325133547_7.jpg');
            
            INSERT INTO product_images (product_id, name, path) 
            VALUES (4325133547, 'SP_4325133547_8.jpg', 'images/products/11/SP_4325133547_8.jpg');
            
            INSERT INTO product_details (id, product_id, size, color, unique_search_id, quantity)
            VALUES (15738937178, 4325133547, 'S', 'Tím', 'imst', 27);
            
            INSERT INTO product_details (id, product_id, size, color, unique_search_id, quantity)
            VALUES (15738937179, 4325133547, 'M', 'Tím', 'immt', 28);
            
            INSERT INTO product_details (id, product_id, size, color, unique_search_id, quantity)
            VALUES (15738937180, 4325133547, 'L', 'Tím', 'ilmt', 27);
            
            INSERT INTO product_details (id, product_id, size, color, unique_search_id, quantity)
            VALUES (15738937181, 4325133547, 'S', 'Vàng', 'agnsv', 30);
            
            INSERT INTO product_details (id, product_id, size, color, unique_search_id, quantity)
            VALUES (15738937182, 4325133547, 'M', 'Vàng', 'agmnv', 29);
            
            INSERT INTO product_details (id, product_id, size, color, unique_search_id, quantity)
            VALUES (15738937183, 4325133547, 'L', 'Vàng', 'aglnv', 30);
            
            INSERT INTO product_details (id, product_id, size, color, unique_search_id, quantity)
            VALUES (15738937184, 4325133547, 'XL', 'Tím', 'ilmtx', 28);
            
            INSERT INTO product_details (id, product_id, size, color, unique_search_id, quantity)
            VALUES (15738937185, 4325133547, 'XL', 'Vàng', 'aglnvx', 30);
            
            INSERT INTO products (id, sku, name, slug, category_id, unit_price, sale_price, preview_image_name, preview_image_path, views, description)
            VALUES (3845561629, 'SP11014', 'Váy đầm sơ mi dáng ngắn họa tiết kẻ caro sang trọng thanh lịch chất vải thô Hàn Quốc cao cấp', 'vay-dam-so-mi-dang-ngan-hoa-tiet-ke-caro-sang-trong-thanh-lich-chat-vai-tho-han-quoc-cao-cap', 11, 135000, 155000, 'SP_3845561629_0.jpg', 'images/products/11/SP_3845561629_0.jpg', 184, 'Váy đầm sơ mi dáng ngắn họa tiết kẻ caro sang trọng thanh lịch chất vải thô Hàn Quốc cao cấp.

✅ Chất liệu vải thô Hàn Quốc cao cấp.
✅ Họa tiết kẻ caro trẻ trung, năng động, kiểu dáng thanh lịch.
✅ Thiết kế hiện đại sang trọng, màu sắc giản dị không kén màu da.
✅ Đầm kiểu, thiết kế cách điệu eo với dây buộc giúp giấu eo, tôn dáng.
✅ Mặc đi làm, đi học, du lịch, dạo phố đều cực xinh.
✅ Sản phẩm đến từ môi trường không khói thuốc.
✅ Sản phẩm đến từ môi trường không nuôi động vật cảnh (chó, mèo, chim, ...) gây rụng lông dị ứng.

✅ Hàng VNXK cao cấp.
✅ 100% ảnh sản phẩm là thật từ shop.
✅ Sản phẩm được sản xuất từ xưởng may của shop nên chất lượng cực kỳ đảm bảo từ chất liệu, từng đường kim mũi chỉ.
✅ Sản phẩm sẵn trong kho, giao ngay trong 24 - 48h sau khi đặt.

Size:
S: 3 vòng 84-64-90 / chiều cao 1m50 - 1m55 / cân nặng 40kg - 49kg.
M: 3 vòng 86-68-95 / chiều cao 1m55 - 1m60 / cân nặng 50kg - 56kg.
L: 3 vòng 88-72-96 / chiều cao 1m60 - 1m65 / cân nặng 57kg - 62kg.
XL: 3 vòng 98-82-110 / chiều cao 1m60 - 1m65 / cân nặng 63kg - 70kg.

#vay #somi #caro #vaysomi #vaycaro #vay_so_mi #vay_caro');
            
            INSERT INTO product_images (product_id, name, path) 
            VALUES (3845561629, 'SP_3845561629_1.jpg', 'images/products/11/SP_3845561629_1.jpg');
            
            INSERT INTO product_images (product_id, name, path) 
            VALUES (3845561629, 'SP_3845561629_2.jpg', 'images/products/11/SP_3845561629_2.jpg');
            
            INSERT INTO product_images (product_id, name, path) 
            VALUES (3845561629, 'SP_3845561629_3.jpg', 'images/products/11/SP_3845561629_3.jpg');
            
            INSERT INTO product_images (product_id, name, path) 
            VALUES (3845561629, 'SP_3845561629_4.jpg', 'images/products/11/SP_3845561629_4.jpg');
            
            INSERT INTO product_images (product_id, name, path) 
            VALUES (3845561629, 'SP_3845561629_5.jpg', 'images/products/11/SP_3845561629_5.jpg');
            
            INSERT INTO product_images (product_id, name, path) 
            VALUES (3845561629, 'SP_3845561629_6.jpg', 'images/products/11/SP_3845561629_6.jpg');
            
            INSERT INTO product_images (product_id, name, path) 
            VALUES (3845561629, 'SP_3845561629_7.jpg', 'images/products/11/SP_3845561629_7.jpg');
            
            INSERT INTO product_images (product_id, name, path) 
            VALUES (3845561629, 'SP_3845561629_8.jpg', 'images/products/11/SP_3845561629_8.jpg');
            
            INSERT INTO product_images (product_id, name, path) 
            VALUES (3845561629, 'SP_3845561629_9.jpg', 'images/products/11/SP_3845561629_9.jpg');
            
            INSERT INTO product_details (id, product_id, size, color, unique_search_id, quantity)
            VALUES (40532029936, 3845561629, 'M', 'Xanh đậm', ' aadhmmnx', 2);
            
            INSERT INTO product_details (id, product_id, size, color, unique_search_id, quantity)
            VALUES (40532029937, 3845561629, 'L', 'Xanh đậm', ' aadhlmnx', 2);
            
            INSERT INTO product_details (id, product_id, size, color, unique_search_id, quantity)
            VALUES (40532029938, 3845561629, 'XL', 'Xanh đậm', ' aadhlmnxx', 1);
            
            INSERT INTO product_details (id, product_id, size, color, unique_search_id, quantity)
            VALUES (40532029939, 3845561629, 'M', 'Đen', 'demn', 2);
            
            INSERT INTO product_details (id, product_id, size, color, unique_search_id, quantity)
            VALUES (40532029940, 3845561629, 'L', 'Đen', 'deln', 2);
            
            INSERT INTO product_details (id, product_id, size, color, unique_search_id, quantity)
            VALUES (40532029941, 3845561629, 'XL', 'Đen', 'delnx', 2);
            
            INSERT INTO products (id, sku, name, slug, category_id, unit_price, sale_price, preview_image_name, preview_image_path, views, description)
            VALUES (9235956852, 'SP11015', 'Váy Polo Thun Trơn Màu Pastel Cộc Tay Nữ - Đầm suông dáng ngắn ôm body thiết kế sexy, gợi cảm style Ulzzang', 'vay-polo-thun-tron-mau-pastel-coc-tay-nu-dam-suong-dang-ngan-om-body-thiet-ke-sexy,-goi-cam-style-ulzzang', 11, 87000, 107000, 'SP_9235956852_0.jpg', 'images/products/11/SP_9235956852_0.jpg', 4151, '🌿 Váy polo năm nay lên ngôi nha các bác..
🌿 Tôn dáng siêu đẹp, chất zip ôm body sexy..
🌿 Full 3 size: S, M, L
S: dưới 45kg đẹp
M: 45- 50kg
L: 50- 58kg 
❤️Chị em nhanh tay đặt hàng để nhận ưu đãi 50 cái đầu tiên nhaaaa
#vaynu #damnu #thoitrangnu #vaybody #body #dambody #damdangom #vaydangom #covuong #dammidi #vaymidi #banhbeo #tieuthu #buon #si #sll

  🎀🎀🎀 Peonyboutique 🎀🎀🎀
🌺 Chuyên sỉ lẻ các loại quần áo 4 mùa
🌺 Giá tại xưởng không qua trung gian
🌺 Mẫu mã đa dạng ,hợp thời trang
🌺 Các loại sản phẩm từ chất cotton, thun, umi hàn....
Lưu ý: Các bạn chú ý đọc thông tin sản phẩm trước khi đặt hàng, shop chỉ chuyển đơn theo đúng phân loại khách chọn trong đơn..
  🎀🎀🎀 Welcome to Peonyboutique 🎀🎀🎀
 ******
Firstly, thank you for coming to our store, All the goods in the store are available.
 ******
At last，if you satisfied with our item Please Give us Five Stars Feedback !!!
Any trouble remember to contact us first !! we will try our best to serve you.
Have a great day!');
            
            INSERT INTO product_images (product_id, name, path) 
            VALUES (9235956852, 'SP_9235956852_1.jpg', 'images/products/11/SP_9235956852_1.jpg');
            
            INSERT INTO product_images (product_id, name, path) 
            VALUES (9235956852, 'SP_9235956852_2.jpg', 'images/products/11/SP_9235956852_2.jpg');
            
            INSERT INTO product_images (product_id, name, path) 
            VALUES (9235956852, 'SP_9235956852_3.jpg', 'images/products/11/SP_9235956852_3.jpg');
            
            INSERT INTO product_images (product_id, name, path) 
            VALUES (9235956852, 'SP_9235956852_4.jpg', 'images/products/11/SP_9235956852_4.jpg');
            
            INSERT INTO product_images (product_id, name, path) 
            VALUES (9235956852, 'SP_9235956852_5.jpg', 'images/products/11/SP_9235956852_5.jpg');
            
            INSERT INTO product_details (id, product_id, size, color, unique_search_id, quantity)
            VALUES (64579808947, 9235956852, 'Size S', 'Màu Đen ', '   adeeimnssuz', 4982);
            
            INSERT INTO product_details (id, product_id, size, color, unique_search_id, quantity)
            VALUES (64579808948, 9235956852, 'Size M', 'Màu Đen ', '   adeeimmnsuz', 4990);
            
            INSERT INTO product_details (id, product_id, size, color, unique_search_id, quantity)
            VALUES (64579808949, 9235956852, 'Size S', 'Màu Xám', '  aaeimmssuxz', 4995);
            
            INSERT INTO product_details (id, product_id, size, color, unique_search_id, quantity)
            VALUES (64579808950, 9235956852, 'Size L', 'Màu Xám', '  aaeilmmsuxz', 4995);
            
            INSERT INTO product_details (id, product_id, size, color, unique_search_id, quantity)
            VALUES (64579808951, 9235956852, 'Size S', 'Màu Hồng', '  aeghimnossuz', 4988);
            
            INSERT INTO product_details (id, product_id, size, color, unique_search_id, quantity)
            VALUES (64579808952, 9235956852, 'Size M', 'Màu Hồng', '  aeghimmnosuz', 4995);
            
            INSERT INTO product_details (id, product_id, size, color, unique_search_id, quantity)
            VALUES (64579808953, 9235956852, 'Size L', 'Màu Đen ', '   adeeilmnsuz', 4984);
            
            INSERT INTO product_details (id, product_id, size, color, unique_search_id, quantity)
            VALUES (64579808954, 9235956852, 'Size M', 'Màu Xám', '  aaeimmmsuxz', 4995);
            
            INSERT INTO product_details (id, product_id, size, color, unique_search_id, quantity)
            VALUES (64579808955, 9235956852, 'Size L', 'Màu Hồng', '  aeghilmnosuz', 4994);
            
            INSERT INTO products (id, sku, name, slug, category_id, unit_price, sale_price, preview_image_name, preview_image_path, views, description)
            VALUES (3740469715, 'SP11016', 'Váy Polo có dây buộc eo ulzzang', 'vay-polo-co-day-buoc-eo-ulzzang', 11, 250000, 270000, 'SP_3740469715_0.jpg', 'images/products/11/SP_3740469715_0.jpg', 121, 'Đủ size từ S đến L
🌈Màu sắc có thể khác ảnh từ 5-10% do ánh sáng các bạn nha ❤️
🚫HÀNG ORDER KHÔNG CÓ SẴN🚫
🐻🐻🐻🐻🐻🐻
🌈 Nhận order, tìm đồ Taobao, Tmall, 1688
🌈 Hàng đẹp chuẩn, về sau 15-20 ngày
🏡 Kho Hà Nội: Trần Phú, Hoàn Kiếm, Hà Nội
🏡 Kho TQ1: Hà Khẩu, Vân Nam
🏡 Kho TQ2: Bằng Tường, Quảng Tây
☎️ Đt: 0888.130.695
');
            
            INSERT INTO product_images (product_id, name, path) 
            VALUES (3740469715, 'SP_3740469715_1.jpg', 'images/products/11/SP_3740469715_1.jpg');
            
            INSERT INTO product_images (product_id, name, path) 
            VALUES (3740469715, 'SP_3740469715_2.jpg', 'images/products/11/SP_3740469715_2.jpg');
            
            INSERT INTO product_images (product_id, name, path) 
            VALUES (3740469715, 'SP_3740469715_3.jpg', 'images/products/11/SP_3740469715_3.jpg');
            
            INSERT INTO product_images (product_id, name, path) 
            VALUES (3740469715, 'SP_3740469715_4.jpg', 'images/products/11/SP_3740469715_4.jpg');
            
            INSERT INTO product_images (product_id, name, path) 
            VALUES (3740469715, 'SP_3740469715_5.jpg', 'images/products/11/SP_3740469715_5.jpg');
            
            INSERT INTO product_details (id, product_id, size, color, unique_search_id, quantity)
            VALUES (50151083909, 3740469715, 'S', 'Hồng', 'ghnos', 1368);
            
            INSERT INTO product_details (id, product_id, size, color, unique_search_id, quantity)
            VALUES (50151083910, 3740469715, 'M', 'Hồng', 'ghmno', 1368);
            
            INSERT INTO product_details (id, product_id, size, color, unique_search_id, quantity)
            VALUES (50151083911, 3740469715, 'L', 'Hồng', 'ghlno', 1368);
            
            INSERT INTO product_details (id, product_id, size, color, unique_search_id, quantity)
            VALUES (50151083912, 3740469715, 'S', 'Xanh than', ' aahhnnstx', 1368);
            
            INSERT INTO product_details (id, product_id, size, color, unique_search_id, quantity)
            VALUES (50151083913, 3740469715, 'M', 'Xanh than', ' aahhmnntx', 1368);
            
            INSERT INTO product_details (id, product_id, size, color, unique_search_id, quantity)
            VALUES (50151083914, 3740469715, 'L', 'Xanh than', ' aahhlnntx', 1367);
            
            INSERT INTO products (id, sku, name, slug, category_id, unit_price, sale_price, preview_image_name, preview_image_path, views, description)
            VALUES (8524156011, 'SP11017', 'Váy Mùa Hè 2021 Váy Trắng Sexy Bó Sát Phụ Nữ Váy Ngắn', 'vay-mua-he-2021-vay-trang-sexy-bo-sat-phu-nu-vay-ngan', 11, 99999, 150000, 'SP_8524156011_0.jpg', 'images/products/11/SP_8524156011_0.jpg', 2141, '(Chào mừng đến với cửa hàng của chúng tôi) 📢
🔔1.🍎Tất cả hàng và màu có sẵn. Vận chuyển trong vòng 48 giờ sau khi đặt hàng.
🔔2. Tất cả các sản phẩm trong cửa hàng của chúng tôi là 100% thương hiệu mới và chất lượng cao.
🔔3.Click theo dõi chúng tôi để biết thêm nhiều sản phẩm mới ~ 

Thời gian giao hàng dự kiến cho sản phẩm này là từ 7-9 ngày
 
 Giá bán sỉ tại nhà ámy. Mức giá thấp nhất

Kích thước: S M L XL 2XL
Thể loại màu: Trắng
Mã số: 8826
Mùa trong năm: Mùa hè năm 2021 

✅Lưu ý:
📢Vui lòng tham khảo ý kiến của chúng tôi trước khi mua, và chúng tôi sẽ giới thiệu cho bạn kích thước phù hợp.
👉 xin vui lòng cho phép 1-3 cm lỗi do đo lường thủ công. Hãy chắc chắn rằng bạn không nhớ trước khi đấu thầu!
👉Vì góc độ, ánh sáng, màn hình PC, v.v. khác nhau, khó tránh khỏi hiện tượng nhiễm sắc độ!

Về dịch vụ: Nếu bạn có bất kỳ câu hỏi nào, vui lòng liên hệ với chúng tôi bất cứ lúc nào, ngay khi chúng tôi thấy tin nhắn của bạn, chúng tôi sẽ trả lời bạn trong thời gian sớm nhất, cảm ơn bạn!');
            
            INSERT INTO product_images (product_id, name, path) 
            VALUES (8524156011, 'SP_8524156011_1.jpg', 'images/products/11/SP_8524156011_1.jpg');
            
            INSERT INTO product_images (product_id, name, path) 
            VALUES (8524156011, 'SP_8524156011_2.jpg', 'images/products/11/SP_8524156011_2.jpg');
            
            INSERT INTO product_images (product_id, name, path) 
            VALUES (8524156011, 'SP_8524156011_3.jpg', 'images/products/11/SP_8524156011_3.jpg');
            
            INSERT INTO product_images (product_id, name, path) 
            VALUES (8524156011, 'SP_8524156011_4.jpg', 'images/products/11/SP_8524156011_4.jpg');
            
            INSERT INTO product_images (product_id, name, path) 
            VALUES (8524156011, 'SP_8524156011_5.jpg', 'images/products/11/SP_8524156011_5.jpg');
            
            INSERT INTO product_images (product_id, name, path) 
            VALUES (8524156011, 'SP_8524156011_6.jpg', 'images/products/11/SP_8524156011_6.jpg');
            
            INSERT INTO product_images (product_id, name, path) 
            VALUES (8524156011, 'SP_8524156011_7.jpg', 'images/products/11/SP_8524156011_7.jpg');
            
            INSERT INTO product_images (product_id, name, path) 
            VALUES (8524156011, 'SP_8524156011_8.jpg', 'images/products/11/SP_8524156011_8.jpg');
            
            INSERT INTO product_images (product_id, name, path) 
            VALUES (8524156011, 'SP_8524156011_9.jpg', 'images/products/11/SP_8524156011_9.jpg');
            
            INSERT INTO product_details (id, product_id, size, color, unique_search_id, quantity)
            VALUES (24671858098, 8524156011, 'L', 'white', 'ehiltw', 998);
            
            INSERT INTO product_details (id, product_id, size, color, unique_search_id, quantity)
            VALUES (24671858099, 8524156011, '2XL', 'white', '2ehiltwx', 998);
            
            INSERT INTO product_details (id, product_id, size, color, unique_search_id, quantity)
            VALUES (24671858100, 8524156011, 'M', 'white', 'ehimtw', 997);
            
            INSERT INTO product_details (id, product_id, size, color, unique_search_id, quantity)
            VALUES (24671858101, 8524156011, 'XL', 'white', 'ehiltwx', 996);
            
            INSERT INTO product_details (id, product_id, size, color, unique_search_id, quantity)
            VALUES (24671858102, 8524156011, 'S', 'white', 'ehistw', 995);
            
            INSERT INTO products (id, sku, name, slug, category_id, unit_price, sale_price, preview_image_name, preview_image_path, views, description)
            VALUES (5743062186, 'SP11018', 'Đầm thun tay ngắn dáng ôm phong cách mùa hè thời trang xinh xắn cho nữ', 'dam-thun-tay-ngan-dang-om-phong-cach-mua-he-thoi-trang-xinh-xan-cho-nu', 11, 130000, 260000, 'SP_5743062186_0.jpg', 'images/products/11/SP_5743062186_0.jpg', 677, 'Thời gian giao hàng dự kiến cho sản phẩm này là từ 7-9 ngày
 
 ────🌹Chào mừng đến với cửa hàng của chúng tôi🌹────
 Sẽ cập nhật những phong cách mới trong cửa hàng này mỗi ngày
 Chất lượng đảm bảo, giá tốt nhất
 Các bạn nhớ chú ý + like cho cửa hàng
 Mọi thắc mắc xin liên hệ với chúng tôi để được tư vấn
 
 🍁Tên sản phẩm: Đầm
 🍁Phong cách: Hàng ngày/Hàn Quốc
 🍁Các yếu tố phổ biến / Công nghệ: Màu tinh khiết
 🍁Liền thân
 🍁Kiểu dáng: Đầm chữ A
 🍁Chiều dài tay áo: Tay áo ngắn
 🍁Chiều dài đầm: Vừa vặn
 🍁 Kiểu cổ áo: Cổ tròn
 🍁Chất liệu vải: Cotton
 
 【Thông báo cho quý khách】
 ⚡Hàng ở cửa hàng này do xưởng trực tiếp bán giá sỉ, chất lượng tốt, giá rẻ.
 ⚡ Nếu có vấn đề sau khi lấy hàng, giao hàng ít, hậu cần chậm, hàng lỗi, xin vui lòng liên hệ với chúng tôi để xử lý, xin cảm ơn.
 ⚡ Kích thước được đo thủ công, không thể tránh khỏi một số sai sót, điều này là bình thường và không ảnh hưởng đến việc sử dụng.');
            
            INSERT INTO product_images (product_id, name, path) 
            VALUES (5743062186, 'SP_5743062186_1.jpg', 'images/products/11/SP_5743062186_1.jpg');
            
            INSERT INTO product_images (product_id, name, path) 
            VALUES (5743062186, 'SP_5743062186_2.jpg', 'images/products/11/SP_5743062186_2.jpg');
            
            INSERT INTO product_images (product_id, name, path) 
            VALUES (5743062186, 'SP_5743062186_3.jpg', 'images/products/11/SP_5743062186_3.jpg');
            
            INSERT INTO product_images (product_id, name, path) 
            VALUES (5743062186, 'SP_5743062186_4.jpg', 'images/products/11/SP_5743062186_4.jpg');
            
            INSERT INTO product_images (product_id, name, path) 
            VALUES (5743062186, 'SP_5743062186_5.jpg', 'images/products/11/SP_5743062186_5.jpg');
            
            INSERT INTO product_images (product_id, name, path) 
            VALUES (5743062186, 'SP_5743062186_6.jpg', 'images/products/11/SP_5743062186_6.jpg');
            
            INSERT INTO product_images (product_id, name, path) 
            VALUES (5743062186, 'SP_5743062186_7.jpg', 'images/products/11/SP_5743062186_7.jpg');
            
            INSERT INTO product_images (product_id, name, path) 
            VALUES (5743062186, 'SP_5743062186_8.jpg', 'images/products/11/SP_5743062186_8.jpg');
            
            INSERT INTO product_images (product_id, name, path) 
            VALUES (5743062186, 'SP_5743062186_9.jpg', 'images/products/11/SP_5743062186_9.jpg');
            
            INSERT INTO product_details (id, product_id, size, color, unique_search_id, quantity)
            VALUES (50357143830, 5743062186, 'M (40-48kg)', 'Fruit green', '  ()-0448eefggikmnrrtu', 993);
            
            INSERT INTO product_details (id, product_id, size, color, unique_search_id, quantity)
            VALUES (50357143831, 5743062186, 'L (48-58kg)', 'Pink', ' ()-4588gikklnp', 997);
            
            INSERT INTO product_details (id, product_id, size, color, unique_search_id, quantity)
            VALUES (50357143832, 5743062186, '2XL (63-73kg)', 'Pink', ' ()-23367gikklnpx', 999);
            
            INSERT INTO product_details (id, product_id, size, color, unique_search_id, quantity)
            VALUES (50357143833, 5743062186, 'S (35-40kg)', 'black', ' ()-0345abcgkkls', 996);
            
            INSERT INTO product_details (id, product_id, size, color, unique_search_id, quantity)
            VALUES (50357143834, 5743062186, 'S (35-40kg)', 'Pink', ' ()-0345gikknps', 997);
            
            INSERT INTO product_details (id, product_id, size, color, unique_search_id, quantity)
            VALUES (50357143835, 5743062186, 'XL (58-63kg)', 'Fruit green', '  ()-3568eefggiklnrrtux', 1000);
            
            INSERT INTO product_details (id, product_id, size, color, unique_search_id, quantity)
            VALUES (50357143836, 5743062186, 'L (48-58kg)', 'black', ' ()-4588abcgkkll', 998);
            
            INSERT INTO product_details (id, product_id, size, color, unique_search_id, quantity)
            VALUES (50357143837, 5743062186, 'XL (58-63kg)', 'black', ' ()-3568abcgkkllx', 999);
            
            INSERT INTO product_details (id, product_id, size, color, unique_search_id, quantity)
            VALUES (50357143838, 5743062186, 'M (40-48kg)', 'black', ' ()-0448abcgkklm', 994);
            
            INSERT INTO product_details (id, product_id, size, color, unique_search_id, quantity)
            VALUES (50357143839, 5743062186, 'S (35-40kg)', 'Fruit green', '  ()-0345eefggiknrrstu', 995);
            
            INSERT INTO product_details (id, product_id, size, color, unique_search_id, quantity)
            VALUES (50357143840, 5743062186, 'M (40-48kg)', 'Pink', ' ()-0448gikkmnp', 994);
            
            INSERT INTO product_details (id, product_id, size, color, unique_search_id, quantity)
            VALUES (50357143841, 5743062186, 'L (48-58kg)', 'Fruit green', '  ()-4588eefggiklnrrtu', 996);
            
            INSERT INTO product_details (id, product_id, size, color, unique_search_id, quantity)
            VALUES (50357143842, 5743062186, 'XL (58-63kg)', 'Pink', ' ()-3568gikklnpx', 999);
            
            INSERT INTO product_details (id, product_id, size, color, unique_search_id, quantity)
            VALUES (50357143843, 5743062186, '2XL (63-73kg)', 'black', ' ()-23367abcgkkllx', 997);
            
            INSERT INTO product_details (id, product_id, size, color, unique_search_id, quantity)
            VALUES (50357143844, 5743062186, '2XL (63-73kg)', 'Fruit green', '  ()-23367eefggiklnrrtux', 1000);
            
            INSERT INTO products (id, sku, name, slug, category_id, unit_price, sale_price, preview_image_name, preview_image_path, views, description)
            VALUES (5716777530, 'SP12001', '[Mã WASKT410K giảm 10K đơn 50K] [ XẢ KHO 3 NGÀY ] CHÂN VÁY TENNIS TRƠN ĐỦ MÀU', 'ma-waskt410k-giam-10k-don-50k-xa-kho-3-ngay-chan-vay-tennis-tron-du-mau', 12, 27000, 33000, 'SP_5716777530_0.jpg', 'images/products/12/SP_5716777530_0.jpg', 128084, 'SHOP QUẦN ÁO GIÁ RẺ ĐÂY ( SIZE TRÒN GẮN TRÊN TAG LÀ SIZE THẬT NHÉ ) 
🍃🍃 anh chị em ghé shop mua đồ nè 
    💗💗💗💗💗💗💗💗💗💗💗💗 
🔥🔥áo kiểu áo thun free size nhé  tầm 55kg đổ lại mặc đẹp hú hồn nè 
   💝💝💝💝💝💝💝💝💝💝💝💝
🔥🔥chất liệu thì nhìu chất lắm 
                   🎋🎋 thun lụa nè 💘
                    🍀🍀 voan xịn 💘
                     🍃🍃 kaki 💘
                     🌵🌵 vải kake nữa 💘
🔥🔥chân váy quần kaki váy đủ loại 
                      🌴🌴 chất kaki  da kate ...💘
                    🌲🌲 lưng thun free size 💘
                     🌱🌱 size : S M L💘 
🔥🔥áo khoác sương sương mẫu 
                     🎍🎍 chất kaki dù các cái💘
                      🦎🦎 free size dưới 70kg nhé 
🔥🔥sét bộ lung linh 💘
                      🌵🌵 chất cát hàn . Voan . Kate  . Lụa ... vv💘
                       🐛🐛 size chuẩn free size dưới 55kg 💘
💐💐💐💐 mấy bạn ai muốn mua sỉ ib nhé giá siêu mềm siêu mượt 💘
Zalo : 0785624551
🌾🍌🌾Shop chủ yếu bán oline  , sản phẩm nào nhiều màu các bạn hãy ib cho shop để chọn màu nhé💘
🌾🍌🌾Hàng xưởng may lại mong các khách xem xét kĩ trước khi đăt ạ💘

🥰🥰🥰🥰 Hàng giống 98%. K nhận đổi trả với trường hợp: đã bóc tem, mặt chật, áo k đẹp, chất vải k đẹp, k thích. Hi

#áokiểunữ #áothun #áosơmi #quần #áokhoác #đầmváygiárẻ #chânváy #đầmváy #tennis #Thờitrangnữ #thờitrangnam #giárẻ #giásỉ #ulzzang #thiênđườngULZZANG #koreanhànquốc #ulzzang');
            
            INSERT INTO product_images (product_id, name, path) 
            VALUES (5716777530, 'SP_5716777530_1.jpg', 'images/products/12/SP_5716777530_1.jpg');
            
            INSERT INTO product_images (product_id, name, path) 
            VALUES (5716777530, 'SP_5716777530_2.jpg', 'images/products/12/SP_5716777530_2.jpg');
            
            INSERT INTO product_images (product_id, name, path) 
            VALUES (5716777530, 'SP_5716777530_3.jpg', 'images/products/12/SP_5716777530_3.jpg');
            
            INSERT INTO product_images (product_id, name, path) 
            VALUES (5716777530, 'SP_5716777530_4.jpg', 'images/products/12/SP_5716777530_4.jpg');
            
            INSERT INTO product_images (product_id, name, path) 
            VALUES (5716777530, 'SP_5716777530_5.jpg', 'images/products/12/SP_5716777530_5.jpg');
            
            INSERT INTO product_images (product_id, name, path) 
            VALUES (5716777530, 'SP_5716777530_6.jpg', 'images/products/12/SP_5716777530_6.jpg');
            
            INSERT INTO product_images (product_id, name, path) 
            VALUES (5716777530, 'SP_5716777530_7.jpg', 'images/products/12/SP_5716777530_7.jpg');
            
            INSERT INTO product_images (product_id, name, path) 
            VALUES (5716777530, 'SP_5716777530_8.jpg', 'images/products/12/SP_5716777530_8.jpg');
            
            INSERT INTO product_images (product_id, name, path) 
            VALUES (5716777530, 'SP_5716777530_9.jpg', 'images/products/12/SP_5716777530_9.jpg');
            
            INSERT INTO product_details (id, product_id, size, color, unique_search_id, quantity)
            VALUES (13510403126, 5716777530, 'S', 'Trắng', 'agnrst', 87);
            
            INSERT INTO product_details (id, product_id, size, color, unique_search_id, quantity)
            VALUES (13510403127, 5716777530, 'M', 'Trắng', 'agmnrt', 19);
            
            INSERT INTO product_details (id, product_id, size, color, unique_search_id, quantity)
            VALUES (13510403128, 5716777530, 'L', 'Trắng', 'aglnrt', 151);
            
            INSERT INTO product_details (id, product_id, size, color, unique_search_id, quantity)
            VALUES (13510403129, 5716777530, 'S', 'Đen', 'dens', 31);
            
            INSERT INTO product_details (id, product_id, size, color, unique_search_id, quantity)
            VALUES (13510403130, 5716777530, 'M', 'Đen', 'demn', 91);
            
            INSERT INTO product_details (id, product_id, size, color, unique_search_id, quantity)
            VALUES (13510403131, 5716777530, 'L', 'Đen', 'deln', 179);
            
            INSERT INTO product_details (id, product_id, size, color, unique_search_id, quantity)
            VALUES (13510403132, 5716777530, 'S', 'Hồng', 'ghnos', 536);
            
            INSERT INTO product_details (id, product_id, size, color, unique_search_id, quantity)
            VALUES (13510403133, 5716777530, 'M', 'Hồng', 'ghmno', 175);
            
            INSERT INTO product_details (id, product_id, size, color, unique_search_id, quantity)
            VALUES (13510403134, 5716777530, 'L', 'Hồng', 'ghlno', 128);
            
            INSERT INTO product_details (id, product_id, size, color, unique_search_id, quantity)
            VALUES (45018956996, 5716777530, 'S', 'Xanh', 'ahnsx', 28);
            
            INSERT INTO product_details (id, product_id, size, color, unique_search_id, quantity)
            VALUES (45018956997, 5716777530, 'M', 'Xanh', 'ahmnx', 39);
            
            INSERT INTO product_details (id, product_id, size, color, unique_search_id, quantity)
            VALUES (45018956998, 5716777530, 'L', 'Xanh', 'ahlnx', 34);
            
            INSERT INTO product_details (id, product_id, size, color, unique_search_id, quantity)
            VALUES (50035475346, 5716777530, 'S', 'Tím', 'imst', 32);
            
            INSERT INTO product_details (id, product_id, size, color, unique_search_id, quantity)
            VALUES (50035475347, 5716777530, 'M', 'Tím', 'immt', 34);
            
            INSERT INTO product_details (id, product_id, size, color, unique_search_id, quantity)
            VALUES (50035475348, 5716777530, 'L', 'Tím', 'ilmt', 38);
            
            INSERT INTO product_details (id, product_id, size, color, unique_search_id, quantity)
            VALUES (51750634846, 5716777530, 'M', 'Trắng kem', ' aegkmmnrt', 0);
            
            INSERT INTO product_details (id, product_id, size, color, unique_search_id, quantity)
            VALUES (51750634847, 5716777530, 'S', 'Trắng kem', ' aegkmnrst', 0);
            
            INSERT INTO product_details (id, product_id, size, color, unique_search_id, quantity)
            VALUES (51750634848, 5716777530, 'L', 'Trắng kem', ' aegklmnrt', 0);
            
            INSERT INTO product_details (id, product_id, size, color, unique_search_id, quantity)
            VALUES (81504861332, 5716777530, 'M', 'Xám', 'ammx', 0);
            
            INSERT INTO product_details (id, product_id, size, color, unique_search_id, quantity)
            VALUES (81504861333, 5716777530, 'L', 'Xám', 'almx', 0);
            
            INSERT INTO product_details (id, product_id, size, color, unique_search_id, quantity)
            VALUES (81504861334, 5716777530, 'S', 'Xám', 'amsx', 0);
            
            INSERT INTO products (id, sku, name, slug, category_id, unit_price, sale_price, preview_image_name, preview_image_path, views, description)
            VALUES (7454795900, 'SP12002', '[Mã WASKT304 giảm 15% tối đa 30K đơn 99K] [ẢNH THẬT] CHÂN VÁY CARO', 'ma-waskt304-giam-15percent-toi-da-30k-don-99k-anh-that-chan-vay-caro', 12, 130000, 150000, 'SP_7454795900_0.jpg', 'images/products/12/SP_7454795900_0.jpg', 3201, 'N E W  I T E M ❤️
▫️Váy caro chất kate cotton, có quần lót bên trong
Size S (<45kg, eo < 60cm) 
Size M (<55kg, eo < 70cm) 
Size L (<65kg, eo < 80cm)
#sib_vay #váy_caro #chân_váy_caro #váy_caro_tím #váy_caro_hồng #váy_caro_vàng #quần_giả_váy

➖CHUYÊN SỈ - LẺ SLL➖
🔘 ZALO: 0908.806.889 (SỈ trên 500sp GIÁ TỐT)');
            
            INSERT INTO product_images (product_id, name, path) 
            VALUES (7454795900, 'SP_7454795900_1.jpg', 'images/products/12/SP_7454795900_1.jpg');
            
            INSERT INTO product_images (product_id, name, path) 
            VALUES (7454795900, 'SP_7454795900_2.jpg', 'images/products/12/SP_7454795900_2.jpg');
            
            INSERT INTO product_images (product_id, name, path) 
            VALUES (7454795900, 'SP_7454795900_3.jpg', 'images/products/12/SP_7454795900_3.jpg');
            
            INSERT INTO product_images (product_id, name, path) 
            VALUES (7454795900, 'SP_7454795900_4.jpg', 'images/products/12/SP_7454795900_4.jpg');
            
            INSERT INTO product_images (product_id, name, path) 
            VALUES (7454795900, 'SP_7454795900_5.jpg', 'images/products/12/SP_7454795900_5.jpg');
            
            INSERT INTO product_images (product_id, name, path) 
            VALUES (7454795900, 'SP_7454795900_6.jpg', 'images/products/12/SP_7454795900_6.jpg');
            
            INSERT INTO product_images (product_id, name, path) 
            VALUES (7454795900, 'SP_7454795900_7.jpg', 'images/products/12/SP_7454795900_7.jpg');
            
            INSERT INTO product_images (product_id, name, path) 
            VALUES (7454795900, 'SP_7454795900_8.jpg', 'images/products/12/SP_7454795900_8.jpg');
            
            INSERT INTO product_images (product_id, name, path) 
            VALUES (7454795900, 'SP_7454795900_9.jpg', 'images/products/12/SP_7454795900_9.jpg');
            
            INSERT INTO product_details (id, product_id, size, color, unique_search_id, quantity)
            VALUES (51194398592, 7454795900, 'S', 'Sọc tím đen', '  cdeimnosst', 7);
            
            INSERT INTO product_details (id, product_id, size, color, unique_search_id, quantity)
            VALUES (51194398593, 7454795900, 'L', 'Sọc tím hồng', '  cghilmnoost', 8);
            
            INSERT INTO product_details (id, product_id, size, color, unique_search_id, quantity)
            VALUES (61194398493, 7454795900, 'M', 'Sọc hồng xanh', '  acghhmnnoosx', 8);
            
            INSERT INTO product_details (id, product_id, size, color, unique_search_id, quantity)
            VALUES (61194398494, 7454795900, 'L', 'Sọc hồng tím', '  cghilmnoost', 8);
            
            INSERT INTO product_details (id, product_id, size, color, unique_search_id, quantity)
            VALUES (61194398495, 7454795900, 'S', 'Sọc cam', ' accmoss', 10);
            
            INSERT INTO product_details (id, product_id, size, color, unique_search_id, quantity)
            VALUES (61194398496, 7454795900, 'M', 'Sọc cam', ' accmmos', 10);
            
            INSERT INTO product_details (id, product_id, size, color, unique_search_id, quantity)
            VALUES (61194398497, 7454795900, 'S', 'Sọc đen', ' cdenoss', 8);
            
            INSERT INTO product_details (id, product_id, size, color, unique_search_id, quantity)
            VALUES (61194398498, 7454795900, 'S', 'Sọc xanh biển', '  abcehinnossx', 6);
            
            INSERT INTO product_details (id, product_id, size, color, unique_search_id, quantity)
            VALUES (61194398499, 7454795900, 'M', 'Sọc tím hồng', '  cghimmnoost', 8);
            
            INSERT INTO product_details (id, product_id, size, color, unique_search_id, quantity)
            VALUES (61194398500, 7454795900, 'M', 'Sọc tím đen', '  cdeimmnost', 8);
            
            INSERT INTO product_details (id, product_id, size, color, unique_search_id, quantity)
            VALUES (61194398501, 7454795900, 'L', 'Sọc tím đen', '  cdeilmnost', 8);
            
            INSERT INTO product_details (id, product_id, size, color, unique_search_id, quantity)
            VALUES (61194398502, 7454795900, 'S', 'Sọc xanh mạ', '  aachmnossx', 9);
            
            INSERT INTO product_details (id, product_id, size, color, unique_search_id, quantity)
            VALUES (61194398503, 7454795900, 'M', 'Sọc đen', ' cdemnos', 10);
            
            INSERT INTO product_details (id, product_id, size, color, unique_search_id, quantity)
            VALUES (61194398504, 7454795900, 'S', 'Sọc tím hồng', '  cghimnoosst', 9);
            
            INSERT INTO product_details (id, product_id, size, color, unique_search_id, quantity)
            VALUES (61194398505, 7454795900, 'L', 'Sọc xanh mạ', '  aachlmnosx', 9);
            
            INSERT INTO product_details (id, product_id, size, color, unique_search_id, quantity)
            VALUES (61194398506, 7454795900, 'L', 'Sọc đen', ' cdelnos', 9);
            
            INSERT INTO product_details (id, product_id, size, color, unique_search_id, quantity)
            VALUES (61194398507, 7454795900, 'S', 'Sọc hồng xanh', '  acghhnnoossx', 5);
            
            INSERT INTO product_details (id, product_id, size, color, unique_search_id, quantity)
            VALUES (61194398508, 7454795900, 'S', 'Sọc hồng tím', '  cghimnoosst', 9);
            
            INSERT INTO product_details (id, product_id, size, color, unique_search_id, quantity)
            VALUES (61194398509, 7454795900, 'M', 'Sọc vàng', ' acgmnosv', 10);
            
            INSERT INTO product_details (id, product_id, size, color, unique_search_id, quantity)
            VALUES (61194398510, 7454795900, 'L', 'Sọc hồng xanh', '  acghhlnnoosx', 8);
            
            INSERT INTO product_details (id, product_id, size, color, unique_search_id, quantity)
            VALUES (61194398511, 7454795900, 'L', 'Sọc cam', ' acclmos', 10);
            
            INSERT INTO product_details (id, product_id, size, color, unique_search_id, quantity)
            VALUES (61194398512, 7454795900, 'S', 'Sọc vàng', ' acgnossv', 10);
            
            INSERT INTO product_details (id, product_id, size, color, unique_search_id, quantity)
            VALUES (61194398513, 7454795900, 'L', 'Sọc vàng', ' acglnosv', 10);
            
            INSERT INTO product_details (id, product_id, size, color, unique_search_id, quantity)
            VALUES (61194398514, 7454795900, 'M', 'Sọc xanh biển', '  abcehimnnosx', 8);
            
            INSERT INTO product_details (id, product_id, size, color, unique_search_id, quantity)
            VALUES (61194398515, 7454795900, 'L', 'Sọc xanh biển', '  abcehilnnosx', 10);
            
            INSERT INTO product_details (id, product_id, size, color, unique_search_id, quantity)
            VALUES (61194398516, 7454795900, 'M', 'Sọc hồng tím', '  cghimmnoost', 10);
            
            INSERT INTO product_details (id, product_id, size, color, unique_search_id, quantity)
            VALUES (61194398517, 7454795900, 'M', 'Sọc xanh mạ', '  aachmmnosx', 10);
            
            INSERT INTO products (id, sku, name, slug, category_id, unit_price, sale_price, preview_image_name, preview_image_path, views, description)
            VALUES (6306014028, 'SP12003', '[Mã WAMT10K giảm 10k cho đơn 0k] Chân Váy Chữ A Hàn Quốc Xẻ Bên - Hàng Quảng Châu L1', 'ma-wamt10k-giam-10k-cho-don-0k-chan-vay-chu-a-han-quoc-xe-ben-hang-quang-chau-l1', 12, 163000, 190000, 'SP_6306014028_0.jpg', 'images/products/12/SP_6306014028_0.jpg', 6016, 'Mẫu chân váy chữ a xẻ nhí cũ hiện xưởng đã ngưng sản xuất size L, trong khi đó hàng ngày shop lại nhận được rất nhiều thắc mắc của khách về size L màu đen, màu nâu. 

Đáp ứng nhu cầu của chị em, shop đã tìm được một nguồn hàng mới phục vụ chị em. Dĩ nhiên, shop đã lấy thử 2 cái trước để xem chất lượng thế nào đã mới nhập về bán. Về mẫu chân váy xẻ bên mới shop nhận thấy các ưu điểm sau:
🔸Chất vải dày dặn, thớ vải to hơn một chút so với mẫu cũ.
🔸Bề mặt vải trơn, mềm, không xù và ít nhăn - phù hợp với chị em văn phòng.
🔸Có quần lót trong, đường may rất dày và cẩn thận (xem hình).
🔸Thêm màu xanh nhạt mát mẻ, cũng dễ phối đồ.
🔸 Chiều dài váy khoảng 43cm, độ dài và độ dày vừa phải.

✔️Một số thông tin khác về chân váy chữ a xẻ:
- Xuất xứ: Hàng Quảng Châu.
- Phân loại: Đen, nâu, be, xanh (như hình).
- Kiểu dáng: Chữ A.
- Loại váy: Chân váy ngắn, eo cao.

❌Bảng size: Tương ứng Eo - Mông - Dài váy:
- Size S: 64 - 86 - 43cm.
- Size M: 68 - 90 - 43cm.
- Size L: 72 - 94 - 43cm.
**Kích thước thật có thể chênh lệch 1- 3cm so với thông số nhà sản xuất đưa ra tùy từng đợt hàng.

👉LƯU Ý TỪ SHOP:
1. Sản phẩm chân váy dáng A xẻ bên này là hàng Quảng Châu chọn lọc, không phải là hàng xưởng may lại.
2. Màu sắc thực tế có thể đậm/nhạt hơn hình do ánh sáng khi chụp và thiết bị bạn đang xem. 
3. Lớp quần bên trong tùy từng đợt nhập hàng mà màu sắc có thể khác nhau.
4. Đổi/trả hàng miễn phí nếu gửi sai hàng.

📞Liên hệ: 0387 423 822
');
            
            INSERT INTO product_images (product_id, name, path) 
            VALUES (6306014028, 'SP_6306014028_1.jpg', 'images/products/12/SP_6306014028_1.jpg');
            
            INSERT INTO product_images (product_id, name, path) 
            VALUES (6306014028, 'SP_6306014028_2.jpg', 'images/products/12/SP_6306014028_2.jpg');
            
            INSERT INTO product_images (product_id, name, path) 
            VALUES (6306014028, 'SP_6306014028_3.jpg', 'images/products/12/SP_6306014028_3.jpg');
            
            INSERT INTO product_images (product_id, name, path) 
            VALUES (6306014028, 'SP_6306014028_4.jpg', 'images/products/12/SP_6306014028_4.jpg');
            
            INSERT INTO product_images (product_id, name, path) 
            VALUES (6306014028, 'SP_6306014028_5.jpg', 'images/products/12/SP_6306014028_5.jpg');
            
            INSERT INTO product_images (product_id, name, path) 
            VALUES (6306014028, 'SP_6306014028_6.jpg', 'images/products/12/SP_6306014028_6.jpg');
            
            INSERT INTO product_images (product_id, name, path) 
            VALUES (6306014028, 'SP_6306014028_7.jpg', 'images/products/12/SP_6306014028_7.jpg');
            
            INSERT INTO product_images (product_id, name, path) 
            VALUES (6306014028, 'SP_6306014028_8.jpg', 'images/products/12/SP_6306014028_8.jpg');
            
            INSERT INTO product_images (product_id, name, path) 
            VALUES (6306014028, 'SP_6306014028_9.jpg', 'images/products/12/SP_6306014028_9.jpg');
            
            INSERT INTO product_details (id, product_id, size, color, unique_search_id, quantity)
            VALUES (9611705283, 6306014028, 'Size S', 'Đen', ' deeinssz', 5);
            
            INSERT INTO product_details (id, product_id, size, color, unique_search_id, quantity)
            VALUES (9611705284, 6306014028, 'Size M', 'Đen', ' deeimnsz', 5);
            
            INSERT INTO product_details (id, product_id, size, color, unique_search_id, quantity)
            VALUES (9611705285, 6306014028, 'Size L', 'Đen', ' deeilnsz', 7);
            
            INSERT INTO product_details (id, product_id, size, color, unique_search_id, quantity)
            VALUES (9611705286, 6306014028, 'Size S', 'Xanh', ' aehinssxz', 1);
            
            INSERT INTO product_details (id, product_id, size, color, unique_search_id, quantity)
            VALUES (9611705287, 6306014028, 'Size M', 'Xanh', ' aehimnsxz', 4);
            
            INSERT INTO product_details (id, product_id, size, color, unique_search_id, quantity)
            VALUES (9611705288, 6306014028, 'Size L', 'Xanh', ' aehilnsxz', 4);
            
            INSERT INTO product_details (id, product_id, size, color, unique_search_id, quantity)
            VALUES (9611705289, 6306014028, 'Size S', 'Nâu', ' aeinssuz', 8);
            
            INSERT INTO product_details (id, product_id, size, color, unique_search_id, quantity)
            VALUES (9611705290, 6306014028, 'Size M', 'Nâu', ' aeimnsuz', 4);
            
            INSERT INTO product_details (id, product_id, size, color, unique_search_id, quantity)
            VALUES (9611705291, 6306014028, 'Size L', 'Nâu', ' aeilnsuz', 5);
            
            INSERT INTO product_details (id, product_id, size, color, unique_search_id, quantity)
            VALUES (9611705292, 6306014028, 'Size S', 'Be', ' beeissz', 2);
            
            INSERT INTO product_details (id, product_id, size, color, unique_search_id, quantity)
            VALUES (9611705293, 6306014028, 'Size M', 'Be', ' beeimsz', 0);
            
            INSERT INTO product_details (id, product_id, size, color, unique_search_id, quantity)
            VALUES (9611705294, 6306014028, 'Size L', 'Be', ' beeilsz', 0);
            
            INSERT INTO products (id, sku, name, slug, category_id, unit_price, sale_price, preview_image_name, preview_image_path, views, description)
            VALUES (4967528860, 'SP12004', 'Chân váy tennis phong cách Hàn Quốc -hình thật/sẵn-', 'chan-vay-tennis-phong-cach-han-quoc-hinh-that/san-', 12, 125000, 169000, 'SP_4967528860_0.jpg', 'images/products/12/SP_4967528860_0.jpg', 991, 'Chân váy tennis mặc 4 mùa ko bao giờ lỗi mốt

Sẵn các màu đen, trắng, kẻ đen, kẻ hồng, kẻ đỏ, kẻ nâu , kẻ xám, kẻ xám sọc nâu

bảng size tham khảo
Size S eo dưới 66. cân nặng dưới 48kg
Size M eo dưới 70 . cân nặng dưới 53kg');
            
            INSERT INTO product_images (product_id, name, path) 
            VALUES (4967528860, 'SP_4967528860_1.jpg', 'images/products/12/SP_4967528860_1.jpg');
            
            INSERT INTO product_images (product_id, name, path) 
            VALUES (4967528860, 'SP_4967528860_2.jpg', 'images/products/12/SP_4967528860_2.jpg');
            
            INSERT INTO product_images (product_id, name, path) 
            VALUES (4967528860, 'SP_4967528860_3.jpg', 'images/products/12/SP_4967528860_3.jpg');
            
            INSERT INTO product_images (product_id, name, path) 
            VALUES (4967528860, 'SP_4967528860_4.jpg', 'images/products/12/SP_4967528860_4.jpg');
            
            INSERT INTO product_images (product_id, name, path) 
            VALUES (4967528860, 'SP_4967528860_5.jpg', 'images/products/12/SP_4967528860_5.jpg');
            
            INSERT INTO product_images (product_id, name, path) 
            VALUES (4967528860, 'SP_4967528860_6.jpg', 'images/products/12/SP_4967528860_6.jpg');
            
            INSERT INTO product_images (product_id, name, path) 
            VALUES (4967528860, 'SP_4967528860_7.jpg', 'images/products/12/SP_4967528860_7.jpg');
            
            INSERT INTO product_images (product_id, name, path) 
            VALUES (4967528860, 'SP_4967528860_8.jpg', 'images/products/12/SP_4967528860_8.jpg');
            
            INSERT INTO product_images (product_id, name, path) 
            VALUES (4967528860, 'SP_4967528860_9.jpg', 'images/products/12/SP_4967528860_9.jpg');
            
            INSERT INTO product_details (id, product_id, size, color, unique_search_id, quantity)
            VALUES (90138421124, 4967528860, 'M', 'Kẻ đỏ', ' dekmo', 9);
            
            INSERT INTO product_details (id, product_id, size, color, unique_search_id, quantity)
            VALUES (90138421125, 4967528860, 'S', 'Kẻ đen', ' deekns', 8);
            
            INSERT INTO product_details (id, product_id, size, color, unique_search_id, quantity)
            VALUES (90138421126, 4967528860, 'M', 'Kẻ đen', ' deekmn', 10);
            
            INSERT INTO product_details (id, product_id, size, color, unique_search_id, quantity)
            VALUES (90138421127, 4967528860, 'M', 'Kẻ xám', ' aekmmx', 7);
            
            INSERT INTO product_details (id, product_id, size, color, unique_search_id, quantity)
            VALUES (90138421128, 4967528860, 'M', 'Trắng', 'agmnrt', 9);
            
            INSERT INTO product_details (id, product_id, size, color, unique_search_id, quantity)
            VALUES (90138421129, 4967528860, 'M', 'Kẻ nâu sáng', '  aaegkmnnsu', 8);
            
            INSERT INTO product_details (id, product_id, size, color, unique_search_id, quantity)
            VALUES (90138421130, 4967528860, 'S', 'Đen', 'dens', 6);
            
            INSERT INTO product_details (id, product_id, size, color, unique_search_id, quantity)
            VALUES (90138421131, 4967528860, 'S', 'Kẻ nâu sáng', '  aaegknnssu', 8);
            
            INSERT INTO product_details (id, product_id, size, color, unique_search_id, quantity)
            VALUES (90138421132, 4967528860, 'S', 'Kẻ đỏ', ' dekos', 7);
            
            INSERT INTO product_details (id, product_id, size, color, unique_search_id, quantity)
            VALUES (90138421133, 4967528860, 'S', 'Kẻ hồng', ' eghknos', 6);
            
            INSERT INTO product_details (id, product_id, size, color, unique_search_id, quantity)
            VALUES (90138421134, 4967528860, 'S', 'Kẻ xám', ' aekmsx', 5);
            
            INSERT INTO product_details (id, product_id, size, color, unique_search_id, quantity)
            VALUES (90138421135, 4967528860, 'M', 'Đen', 'demn', 14);
            
            INSERT INTO product_details (id, product_id, size, color, unique_search_id, quantity)
            VALUES (90138421136, 4967528860, 'S', 'Trắng', 'agnrst', 9);
            
            INSERT INTO product_details (id, product_id, size, color, unique_search_id, quantity)
            VALUES (90138421137, 4967528860, 'M', 'Kẻ hồng', ' eghkmno', 7);
            
            INSERT INTO products (id, sku, name, slug, category_id, unit_price, sale_price, preview_image_name, preview_image_path, views, description)
            VALUES (3446041964, 'SP12005', 'Chân Váy Xếp Ly Có Quần Trong.Mẫu mới.hot 2020', 'chan-vay-xep-ly-co-quan-trongmau-moihot-2020', 12, 75000, 125000, 'SP_3446041964_0.jpg', 'images/products/12/SP_3446041964_0.jpg', 1227, 'Chân Váy Xếp Ly Có Quần Trong.hàng có sẵn.

SHOPCHUYENSIHC cam kết:

-->Sản phẩm luôn được kiểm tra kĩ trước khi đóng gói giao cho khách hàng.

-->Shop bao đổi trả miến phí nếu  giao nhầm màu. Nhầm mẫu .nhầm số lượng hoặc sản phẩm bị lỗi.

Thông Tin Sản Phẩm Chân Váy Xếp Ly:

-->Chất liệu: Vải tuyết mưa mềm và mịn mát mẻ. Mặc lên form chuẩn đẹp nhé.

-->Được thiết kế theo mẫu thời trang hot 2020 .

>>>Có 3 SIZE cho chị e lựa chọn nha.

** Size S (Từ 43-47 kg mặc đẹp).--->chú ý: vòng eo < 68cm.vòng mông <88cm.đùi 56cm nha.

** Size M (Từ 48-50kg mặc đẹp)---> chú ý:vòng eo <71.vòng mông <90.đùi 57cm nha.

** Size L(Từ 51-54kg mặc đẹp)--->chú ý: vòng eo < 74cm.vòng mông < 92 cm.đùi 58cm nha.

^^ Tùy chiều cao mỗi người và cách mặc mỗi người sẽ khác nhau. Nên khách chọn size lưu ý giúp e nhé. 
sẽ có sai số 1-2cm.

CÁCH MUA CHÂN VÁY XẾP LY

^^ Khách chọn màu .chọn size và số lượng mình muốn mua theo từng phân loại nhé.shop sẽ giao đúng theo phân loại màu khách đặt nha.

^^ Khách lưu ý giúp e xem kĩ rùi hãy đặt nhé. Chứ đừng đặt rùi hủy tội e ạ.Vì hàng nhà e có sẵn khách đặt là sẽ được chuẩn bị giao cho đơn vị vận chuyển liền nha.

^^ Khách iu nhớ theo theo dõi shop để nhận được nhiều mã voucher của shop nhé.

Chúc quý khách mua sắm tại HC SHOP vui vẻ ạ.
#vayngan #vayxeply #vaynu #chanvayxeply #chanvaynu #chanvaynudep #chanvayxeplynudep # vaynudep #vaynungan #vaydep #vayxinh #vaynuxinh #vaynuthoitrang #vaythoitrang #vaysieudep

');
            
            INSERT INTO product_images (product_id, name, path) 
            VALUES (3446041964, 'SP_3446041964_1.jpg', 'images/products/12/SP_3446041964_1.jpg');
            
            INSERT INTO product_images (product_id, name, path) 
            VALUES (3446041964, 'SP_3446041964_2.jpg', 'images/products/12/SP_3446041964_2.jpg');
            
            INSERT INTO product_images (product_id, name, path) 
            VALUES (3446041964, 'SP_3446041964_3.jpg', 'images/products/12/SP_3446041964_3.jpg');
            
            INSERT INTO product_images (product_id, name, path) 
            VALUES (3446041964, 'SP_3446041964_4.jpg', 'images/products/12/SP_3446041964_4.jpg');
            
            INSERT INTO product_images (product_id, name, path) 
            VALUES (3446041964, 'SP_3446041964_5.jpg', 'images/products/12/SP_3446041964_5.jpg');
            
            INSERT INTO product_images (product_id, name, path) 
            VALUES (3446041964, 'SP_3446041964_6.jpg', 'images/products/12/SP_3446041964_6.jpg');
            
            INSERT INTO product_images (product_id, name, path) 
            VALUES (3446041964, 'SP_3446041964_7.jpg', 'images/products/12/SP_3446041964_7.jpg');
            
            INSERT INTO product_images (product_id, name, path) 
            VALUES (3446041964, 'SP_3446041964_8.jpg', 'images/products/12/SP_3446041964_8.jpg');
            
            INSERT INTO product_details (id, product_id, size, color, unique_search_id, quantity)
            VALUES (40566711396, 3446041964, 'Size S(43-47kg)', 'Đen', ' ()-3447deegiknssz', 2171);
            
            INSERT INTO product_details (id, product_id, size, color, unique_search_id, quantity)
            VALUES (40566711397, 3446041964, 'size M(48-50kg)', 'Trắng', ' ()-0458aeggikmnrstz', 497);
            
            INSERT INTO product_details (id, product_id, size, color, unique_search_id, quantity)
            VALUES (40566711398, 3446041964, 'Size S(43-47kg)', 'Hồng', ' ()-3447egghiknossz', 3942);
            
            INSERT INTO product_details (id, product_id, size, color, unique_search_id, quantity)
            VALUES (40566711399, 3446041964, 'Size S(43-47kg)', 'Nude', ' ()-3447deegiknssuz', 547);
            
            INSERT INTO product_details (id, product_id, size, color, unique_search_id, quantity)
            VALUES (40566711400, 3446041964, 'size M(48-50kg)', 'Nude', ' ()-0458deegikmnsuz', 530);
            
            INSERT INTO product_details (id, product_id, size, color, unique_search_id, quantity)
            VALUES (40566711401, 3446041964, 'Size L(51-54kg)', 'Nude', ' ()-1455deegiklnsuz', 198);
            
            INSERT INTO product_details (id, product_id, size, color, unique_search_id, quantity)
            VALUES (40566711402, 3446041964, 'size M(48-50kg)', 'Đen', ' ()-0458deegikmnsz', 386);
            
            INSERT INTO product_details (id, product_id, size, color, unique_search_id, quantity)
            VALUES (40566711403, 3446041964, 'Size L(51-54kg)', 'Đen', ' ()-1455deegiklnsz', 347);
            
            INSERT INTO product_details (id, product_id, size, color, unique_search_id, quantity)
            VALUES (40566711404, 3446041964, 'Size S(43-47kg)', 'Trắng', ' ()-3447aeggiknrsstz', 385);
            
            INSERT INTO product_details (id, product_id, size, color, unique_search_id, quantity)
            VALUES (40566711405, 3446041964, 'Size L(51-54kg)', 'Trắng', ' ()-1455aeggiklnrstz', 490);
            
            INSERT INTO product_details (id, product_id, size, color, unique_search_id, quantity)
            VALUES (40566711406, 3446041964, 'size M(48-50kg)', 'Hồng', ' ()-0458egghikmnosz', 927);
            
            INSERT INTO product_details (id, product_id, size, color, unique_search_id, quantity)
            VALUES (40566711407, 3446041964, 'Size L(51-54kg)', 'Hồng', ' ()-1455egghiklnosz', 524);
            
            INSERT INTO products (id, sku, name, slug, category_id, unit_price, sale_price, preview_image_name, preview_image_path, views, description)
            VALUES (3469892492, 'SP12006', 'Chân váy xếp ly 2 tầng quảng châu cao cấp CV307', 'chan-vay-xep-ly-2-tang-quang-chau-cao-cap-cv307', 12, 89000, 160000, 'SP_3469892492_0.jpg', 'images/products/12/SP_3469892492_0.jpg', 17892, 'SUTANO xưởng chuyên sỉ
Về là hếtttt k bh sót luôn😂
Chân váy xếp ly 2 tầng 
Hnay lại về tiếp phục vụ các ty đeyyy

Sai sml
Đủ màu: đen/trắng/nâu tây

Về bnhieu cũng k đủ lunnn ạ ✨✨
Bán khủng khiếp chứ k phải đùaaaa:))))
Dễ mặc dễ mix, cvay rì mà mix vs 500 chiếc áo đủ loại vẫn cứ là max hợp !! Từ giấu quần đến sơvinnn👻
Về hàng cv dập ly chất tuyết mưa hịn khỏi ngĩ 
Khoá sau - chân váy có lót quần ko sợ lộ

Bên trong có quần nên rất tiện - k lo hở nha các chế😛');
            
            INSERT INTO product_images (product_id, name, path) 
            VALUES (3469892492, 'SP_3469892492_1.jpg', 'images/products/12/SP_3469892492_1.jpg');
            
            INSERT INTO product_images (product_id, name, path) 
            VALUES (3469892492, 'SP_3469892492_2.jpg', 'images/products/12/SP_3469892492_2.jpg');
            
            INSERT INTO product_images (product_id, name, path) 
            VALUES (3469892492, 'SP_3469892492_3.jpg', 'images/products/12/SP_3469892492_3.jpg');
            
            INSERT INTO product_images (product_id, name, path) 
            VALUES (3469892492, 'SP_3469892492_4.jpg', 'images/products/12/SP_3469892492_4.jpg');
            
            INSERT INTO product_images (product_id, name, path) 
            VALUES (3469892492, 'SP_3469892492_5.jpg', 'images/products/12/SP_3469892492_5.jpg');
            
            INSERT INTO product_images (product_id, name, path) 
            VALUES (3469892492, 'SP_3469892492_6.jpg', 'images/products/12/SP_3469892492_6.jpg');
            
            INSERT INTO product_images (product_id, name, path) 
            VALUES (3469892492, 'SP_3469892492_7.jpg', 'images/products/12/SP_3469892492_7.jpg');
            
            INSERT INTO product_images (product_id, name, path) 
            VALUES (3469892492, 'SP_3469892492_8.jpg', 'images/products/12/SP_3469892492_8.jpg');
            
            INSERT INTO product_images (product_id, name, path) 
            VALUES (3469892492, 'SP_3469892492_9.jpg', 'images/products/12/SP_3469892492_9.jpg');
            
            INSERT INTO product_details (id, product_id, size, color, unique_search_id, quantity)
            VALUES (53629643734, 3469892492, 'L', 'CV307-Hồng', '-037cghlnov', 493);
            
            INSERT INTO product_details (id, product_id, size, color, unique_search_id, quantity)
            VALUES (53629643735, 3469892492, 'S', 'CV307-Hồng', '-037cghnosv', 496);
            
            INSERT INTO product_details (id, product_id, size, color, unique_search_id, quantity)
            VALUES (53629643736, 3469892492, 'M', 'CV307-Hồng', '-037cghmnov', 487);
            
            INSERT INTO product_details (id, product_id, size, color, unique_search_id, quantity)
            VALUES (62507508806, 3469892492, 'L', 'CV307-Trắng', '-037acglnrtv', 413);
            
            INSERT INTO product_details (id, product_id, size, color, unique_search_id, quantity)
            VALUES (62507508807, 3469892492, 'L', 'CV307-Đen', '-037cdelnv', 332);
            
            INSERT INTO product_details (id, product_id, size, color, unique_search_id, quantity)
            VALUES (62507508808, 3469892492, 'S', 'CV307-Trắng', '-037acgnrstv', 394);
            
            INSERT INTO product_details (id, product_id, size, color, unique_search_id, quantity)
            VALUES (62507508809, 3469892492, 'S', 'CV307-Đất', '-037acdstv', 459);
            
            INSERT INTO product_details (id, product_id, size, color, unique_search_id, quantity)
            VALUES (62507508810, 3469892492, 'L', 'CV307-Đất', '-037acdltv', 479);
            
            INSERT INTO product_details (id, product_id, size, color, unique_search_id, quantity)
            VALUES (62507508812, 3469892492, 'M', 'CV307-Trắng', '-037acgmnrtv', 432);
            
            INSERT INTO product_details (id, product_id, size, color, unique_search_id, quantity)
            VALUES (62507508813, 3469892492, 'M', 'CV307-Đất', '-037acdmtv', 474);
            
            INSERT INTO product_details (id, product_id, size, color, unique_search_id, quantity)
            VALUES (62507508815, 3469892492, 'M', 'CV307-Đen', '-037cdemnv', 453);
            
            INSERT INTO product_details (id, product_id, size, color, unique_search_id, quantity)
            VALUES (62507508817, 3469892492, 'S', 'CV307-Đen', '-037cdensv', 407);
            
            INSERT INTO product_details (id, product_id, size, color, unique_search_id, quantity)
            VALUES (63654568970, 3469892492, 'M', 'CV307-nâu bò', ' -037abcmnouv', 488);
            
            INSERT INTO product_details (id, product_id, size, color, unique_search_id, quantity)
            VALUES (63654568971, 3469892492, 'S', 'CV307-nâu bò', ' -037abcnosuv', 489);
            
            INSERT INTO product_details (id, product_id, size, color, unique_search_id, quantity)
            VALUES (63654568972, 3469892492, 'L', 'CV307-nâu bò', ' -037abclnouv', 590);
            
            INSERT INTO products (id, sku, name, slug, category_id, unit_price, sale_price, preview_image_name, preview_image_path, views, description)
            VALUES (4767125684, 'SP12007', 'Chân Váy Ngắn Xếp Ly Hai Tầng Đủ Size', 'chan-vay-ngan-xep-ly-hai-tang-du-size', 12, 79000, 158000, 'SP_4767125684_0.jpg', 'images/products/12/SP_4767125684_0.jpg', 10700, 'Chân Váy Ngắn Xếp Ly Hai Tầng Đủ Size Chất liệu vải tuyết mưa độ mềm vừa phải, có độ rũ vì vậy lên form dáng rất chuẩn. Hơn nữa chất vải ngoài khá dày dặn, quần lót trong trơn mềm giúp bạn nữ thoải mái và không sợ bị lộ, hở phù hợp làm chân váy công sở luôn ạ.
- Vải không nhăn, không nhàu mặc lên rất sang (Hàng hotgirl bán shop ạ)
- Chân váy may thanh lịch., thích hợp đi làm, hẹn hò, đi chơi, dạo phố, đi học,...
- Váy ngắn trên gối trẻ trung, tạo cảm giác chân dài hơn.
- Ảnh thật - video thật (độ lệch màu 5 - 10% tùy độ hiển thị từng thiết bị bạn đang xem)

PH SHOP CAM KẾT
- Sản phẩm 100% giống mô tả 
- Hình ảnh sản phẩm là ảnh thật do shop tự chụp
- Đảm bảo vải chất lượng 100% 
- Sản phẩm được kiểm tra kĩ càng, cẩn thận và tư vấn nhiệt tình trước khi gói hàng giao cho Quý Khách 
- Hàng có sẵn, giao hàng ngay khi nhận được đơn 

HƯỚNG DẪN BẢO QUẢN VÀ SỬ DỤNG. 
- Lộn trái áo quần ra và sử dụng nước giặt giúp quần áo mau sạch và hạn chế phai màu. 
- Giặt máy và giặt tay đều được 
- Lộn trái áo quần để phơi tránh bị bạc màu khi phơi trực tiếp với ánh nắng. 
- Không sử dụng hóa chất, thuốc tẩy trực tiếp lên sản phẩm, không ngâm quá lâu trong dung dịch tẩy và nước xã vãi 
- Là ủi ở nhiệt độ dưới 110 độ C

PH SHOP : với tiêu chí CHẤT LƯỢNG HÀNG ĐẦU - GIÁ CẢ PHẢI CHĂNG 
Liên Hệ Mua Sỉ : 0976 883 768 
#thoitrangnu #donu #damnu #bodm #bodonu #vayxoe #vayxoecongso ');
            
            INSERT INTO product_images (product_id, name, path) 
            VALUES (4767125684, 'SP_4767125684_1.jpg', 'images/products/12/SP_4767125684_1.jpg');
            
            INSERT INTO product_images (product_id, name, path) 
            VALUES (4767125684, 'SP_4767125684_2.jpg', 'images/products/12/SP_4767125684_2.jpg');
            
            INSERT INTO product_images (product_id, name, path) 
            VALUES (4767125684, 'SP_4767125684_3.jpg', 'images/products/12/SP_4767125684_3.jpg');
            
            INSERT INTO product_images (product_id, name, path) 
            VALUES (4767125684, 'SP_4767125684_4.jpg', 'images/products/12/SP_4767125684_4.jpg');
            
            INSERT INTO product_images (product_id, name, path) 
            VALUES (4767125684, 'SP_4767125684_5.jpg', 'images/products/12/SP_4767125684_5.jpg');
            
            INSERT INTO product_images (product_id, name, path) 
            VALUES (4767125684, 'SP_4767125684_6.jpg', 'images/products/12/SP_4767125684_6.jpg');
            
            INSERT INTO product_images (product_id, name, path) 
            VALUES (4767125684, 'SP_4767125684_7.jpg', 'images/products/12/SP_4767125684_7.jpg');
            
            INSERT INTO product_details (id, product_id, size, color, unique_search_id, quantity)
            VALUES (42219927235, 4767125684, 'Size S', 'Đen', ' deeinssz', 156);
            
            INSERT INTO product_details (id, product_id, size, color, unique_search_id, quantity)
            VALUES (42219927236, 4767125684, 'Size S', 'Hồng', ' eghinossz', 197);
            
            INSERT INTO product_details (id, product_id, size, color, unique_search_id, quantity)
            VALUES (42219927237, 4767125684, 'Size S', 'Trắng', ' aeginrsstz', 178);
            
            INSERT INTO product_details (id, product_id, size, color, unique_search_id, quantity)
            VALUES (44026299275, 4767125684, 'Size M', 'Nude', ' deeimnsuz', 192);
            
            INSERT INTO product_details (id, product_id, size, color, unique_search_id, quantity)
            VALUES (44026299276, 4767125684, 'Size L', 'Nude', ' deeilnsuz', 197);
            
            INSERT INTO product_details (id, product_id, size, color, unique_search_id, quantity)
            VALUES (44026299277, 4767125684, 'Size M', 'Hồng', ' eghimnosz', 199);
            
            INSERT INTO product_details (id, product_id, size, color, unique_search_id, quantity)
            VALUES (44026299278, 4767125684, 'Size M', 'Trắng', ' aegimnrstz', 188);
            
            INSERT INTO product_details (id, product_id, size, color, unique_search_id, quantity)
            VALUES (44026299279, 4767125684, 'Size S', 'Nude', ' deeinssuz', 186);
            
            INSERT INTO product_details (id, product_id, size, color, unique_search_id, quantity)
            VALUES (44026299280, 4767125684, 'Size L', 'Hồng', ' eghilnosz', 192);
            
            INSERT INTO product_details (id, product_id, size, color, unique_search_id, quantity)
            VALUES (44026299281, 4767125684, 'Size L', 'Trắng', ' aegilnrstz', 184);
            
            INSERT INTO product_details (id, product_id, size, color, unique_search_id, quantity)
            VALUES (44026299282, 4767125684, 'Size M', 'Đen', ' deeimnsz', 155);
            
            INSERT INTO product_details (id, product_id, size, color, unique_search_id, quantity)
            VALUES (44026299283, 4767125684, 'Size L', 'Đen', ' deeilnsz', 175);
            
            INSERT INTO products (id, sku, name, slug, category_id, unit_price, sale_price, preview_image_name, preview_image_path, views, description)
            VALUES (2925085730, 'SP12008', '[Mã WASKT304 giảm 15% tối đa 30K đơn 99K] Chân váy ngắn xếp li form xòe KOJIN - 3314 - Jem Closet -', 'ma-waskt304-giam-15percent-toi-da-30k-don-99k-chan-vay-ngan-xep-li-form-xoe-kojin-3314-jem-closet-', 12, 200000, 220000, 'SP_2925085730_0.jpg', 'images/products/12/SP_2925085730_0.jpg', 2573, ' Quần Áo Đẹp Đẽ Là Chiếc Hộ Chiếu Để Đến Với Hạnh Phúc
         Để Không Ai Có Khả Năng Thay Thế Mình Bạn Phải Trở Lên Đặc Biệt
         Hãy Để Jem Giúp Bạn Thực Hiện Điều Đó Nhé :-* 
Chân váy KOJIN - 3314 

Số đo chân váy KOJIN - 3314
Size S dài 41 eo 62 
Size M dài 42 eo 66
Size L dài 43 eo 70 
chất liệu cv  :   Nhung tăm 


💌 Hướng dẫn bảo quản:
-Giặt bằng tay
-Không được sấy khô
-Ủi mặt trái với nhiệt độ nóng vừa
-Giặt sản phẩm với nước ở nhiệt độ thường
-Không xoắn vắt mạnh
-Ủi ở nhiệt độ tối đa 110 độ C
-Nên phơi sản phẩm ở nơi khô ráo, thoáng mát, hạn chế ánh nắng trực tiếp
💌 Thông tin thương liệu:
#Jemcloset là thương hiệu quen thuộc với các bạn trẻ.
💌 Thông tin liên lạc:
SDT,email : 01639736637 / 0903519006
Facebook: Jem closet (https://www.facebook.com/22.Jemcloset/ )
Instragam : Jem.closet 
Shopee: phuongphuong0592 (https://shopee.vn/phuongphuong0592).
Instagram: https://www.instagram.com/jem.closet/');
            
            INSERT INTO product_images (product_id, name, path) 
            VALUES (2925085730, 'SP_2925085730_1.jpg', 'images/products/12/SP_2925085730_1.jpg');
            
            INSERT INTO product_images (product_id, name, path) 
            VALUES (2925085730, 'SP_2925085730_2.jpg', 'images/products/12/SP_2925085730_2.jpg');
            
            INSERT INTO product_images (product_id, name, path) 
            VALUES (2925085730, 'SP_2925085730_3.jpg', 'images/products/12/SP_2925085730_3.jpg');
            
            INSERT INTO product_images (product_id, name, path) 
            VALUES (2925085730, 'SP_2925085730_4.jpg', 'images/products/12/SP_2925085730_4.jpg');
            
            INSERT INTO product_images (product_id, name, path) 
            VALUES (2925085730, 'SP_2925085730_5.jpg', 'images/products/12/SP_2925085730_5.jpg');
            
            INSERT INTO product_images (product_id, name, path) 
            VALUES (2925085730, 'SP_2925085730_6.jpg', 'images/products/12/SP_2925085730_6.jpg');
            
            INSERT INTO product_details (id, product_id, size, color, unique_search_id, quantity)
            VALUES (54011150834, 2925085730, 'M', 'NÂU ', ' amnu', 30);
            
            INSERT INTO product_details (id, product_id, size, color, unique_search_id, quantity)
            VALUES (54011150835, 2925085730, 'L', 'NÂU ', ' alnu', 11);
            
            INSERT INTO product_details (id, product_id, size, color, unique_search_id, quantity)
            VALUES (54011150836, 2925085730, 'S', 'ĐEN', 'dens', 13);
            
            INSERT INTO product_details (id, product_id, size, color, unique_search_id, quantity)
            VALUES (54011150837, 2925085730, 'M', 'ĐEN', 'demn', 6);
            
            INSERT INTO product_details (id, product_id, size, color, unique_search_id, quantity)
            VALUES (54011150838, 2925085730, 'L', 'ĐEN', 'deln', 0);
            
            INSERT INTO product_details (id, product_id, size, color, unique_search_id, quantity)
            VALUES (54011150839, 2925085730, 'S', 'NÂU ', ' ansu', 27);
            
            INSERT INTO products (id, sku, name, slug, category_id, unit_price, sale_price, preview_image_name, preview_image_path, views, description)
            VALUES (4747275449, 'SP12009', '[Mã WASKT304 giảm 15% tối đa 30K đơn 99K] Chân váy xếp ly dáng dài kèm đai - đai lỗ-', 'ma-waskt304-giam-15percent-toi-da-30k-don-99k-chan-vay-xep-ly-dang-dai-kem-dai-dai-lo-', 12, 110000, 200000, 'SP_4747275449_0.jpg', 'images/products/12/SP_4747275449_0.jpg', 4224, 'Chân váy dáng dài kèm đai về sll
Kiểu dáng trẻ trung cá tính 
Mix với áo phông hay áo kiểu đều xinhh nha
Kèm ảnh thật shop chụp video
7 màu như ảnh
Chân váy cạp chun có kèm đai from 50/60kg em nó cân tất
');
            
            INSERT INTO product_images (product_id, name, path) 
            VALUES (4747275449, 'SP_4747275449_1.jpg', 'images/products/12/SP_4747275449_1.jpg');
            
            INSERT INTO product_images (product_id, name, path) 
            VALUES (4747275449, 'SP_4747275449_2.jpg', 'images/products/12/SP_4747275449_2.jpg');
            
            INSERT INTO product_images (product_id, name, path) 
            VALUES (4747275449, 'SP_4747275449_3.jpg', 'images/products/12/SP_4747275449_3.jpg');
            
            INSERT INTO product_images (product_id, name, path) 
            VALUES (4747275449, 'SP_4747275449_4.jpg', 'images/products/12/SP_4747275449_4.jpg');
            
            INSERT INTO product_images (product_id, name, path) 
            VALUES (4747275449, 'SP_4747275449_5.jpg', 'images/products/12/SP_4747275449_5.jpg');
            
            INSERT INTO product_images (product_id, name, path) 
            VALUES (4747275449, 'SP_4747275449_6.jpg', 'images/products/12/SP_4747275449_6.jpg');
            
            INSERT INTO product_images (product_id, name, path) 
            VALUES (4747275449, 'SP_4747275449_7.jpg', 'images/products/12/SP_4747275449_7.jpg');
            
            INSERT INTO product_images (product_id, name, path) 
            VALUES (4747275449, 'SP_4747275449_8.jpg', 'images/products/12/SP_4747275449_8.jpg');
            
            INSERT INTO product_images (product_id, name, path) 
            VALUES (4747275449, 'SP_4747275449_9.jpg', 'images/products/12/SP_4747275449_9.jpg');
            
            INSERT INTO product_details (id, product_id, size, color, unique_search_id, quantity)
            VALUES (40650418638, 4747275449, 'S', 'Đen', 'dens', 39);
            
            INSERT INTO product_details (id, product_id, size, color, unique_search_id, quantity)
            VALUES (40650418639, 4747275449, 'M', 'Đen', 'demn', 52);
            
            INSERT INTO product_details (id, product_id, size, color, unique_search_id, quantity)
            VALUES (40650418640, 4747275449, 'S', 'Nâu bò', ' abnosu', 91);
            
            INSERT INTO product_details (id, product_id, size, color, unique_search_id, quantity)
            VALUES (40650418641, 4747275449, 'M', 'Nâu bò', ' abmnou', 97);
            
            INSERT INTO product_details (id, product_id, size, color, unique_search_id, quantity)
            VALUES (40650418642, 4747275449, 'S', 'Be đậm', ' abdems', 79);
            
            INSERT INTO product_details (id, product_id, size, color, unique_search_id, quantity)
            VALUES (40650418643, 4747275449, 'S', 'Hồng', 'ghnos', 49);
            
            INSERT INTO product_details (id, product_id, size, color, unique_search_id, quantity)
            VALUES (40650418644, 4747275449, 'S', 'Đỏ', 'dos', 59);
            
            INSERT INTO product_details (id, product_id, size, color, unique_search_id, quantity)
            VALUES (40650418645, 4747275449, 'M', 'Đỏ', 'dmo', 34);
            
            INSERT INTO product_details (id, product_id, size, color, unique_search_id, quantity)
            VALUES (40650418646, 4747275449, 'M', 'Be đậm', ' abdemm', 88);
            
            INSERT INTO product_details (id, product_id, size, color, unique_search_id, quantity)
            VALUES (40650418647, 4747275449, 'S', 'Be nhạt', ' abehnst', 92);
            
            INSERT INTO product_details (id, product_id, size, color, unique_search_id, quantity)
            VALUES (40650418648, 4747275449, 'M', 'Be nhạt', ' abehmnt', 97);
            
            INSERT INTO product_details (id, product_id, size, color, unique_search_id, quantity)
            VALUES (40650418649, 4747275449, 'M', 'Hồng', 'ghmno', 54);
            
            INSERT INTO product_details (id, product_id, size, color, unique_search_id, quantity)
            VALUES (40650418650, 4747275449, 'S', 'Vàng', 'agnsv', 47);
            
            INSERT INTO product_details (id, product_id, size, color, unique_search_id, quantity)
            VALUES (40650418651, 4747275449, 'M', 'Vàng', 'agmnv', 45);
            
            INSERT INTO product_details (id, product_id, size, color, unique_search_id, quantity)
            VALUES (40650418652, 4747275449, 'S', 'Xám đậm', ' aadmmsx', 28);
            
            INSERT INTO product_details (id, product_id, size, color, unique_search_id, quantity)
            VALUES (40650418653, 4747275449, 'M', 'Xám đậm', ' aadmmmx', 45);
            
            INSERT INTO product_details (id, product_id, size, color, unique_search_id, quantity)
            VALUES (50651013094, 4747275449, 'S', 'Rêu', 'ersu', 19);
            
            INSERT INTO product_details (id, product_id, size, color, unique_search_id, quantity)
            VALUES (50651013095, 4747275449, 'M', 'Rêu', 'emru', 19);
            
            INSERT INTO products (id, sku, name, slug, category_id, unit_price, sale_price, preview_image_name, preview_image_path, views, description)
            VALUES (4440630365, 'SP12010', '[ Mã WASTRUN4 giảm 10% tối đa 30K đơn 99K] Chân váy công sở lưng cao[Hàng cao cấp] xếp ly siêu tôn dáng', 'ma-wastrun4-giam-10percent-toi-da-30k-don-99k-chan-vay-cong-so-lung-caohang-cao-cap-xep-ly-sieu-ton-dang', 12, 169000, 250000, 'SP_4440630365_0.jpg', 'images/products/12/SP_4440630365_0.jpg', 15569, 'Chân váy lưng cao xếp ly siêu tôn dáng
Chân váy xếp ly tạo sự sang trọng, vải chéo hàn cao cấp dày dặn mặc mát và co giãn
Chân vây còn đủ 3 màu be nâu đen và đủ size');
            
            INSERT INTO product_images (product_id, name, path) 
            VALUES (4440630365, 'SP_4440630365_1.jpg', 'images/products/12/SP_4440630365_1.jpg');
            
            INSERT INTO product_images (product_id, name, path) 
            VALUES (4440630365, 'SP_4440630365_2.jpg', 'images/products/12/SP_4440630365_2.jpg');
            
            INSERT INTO product_images (product_id, name, path) 
            VALUES (4440630365, 'SP_4440630365_3.jpg', 'images/products/12/SP_4440630365_3.jpg');
            
            INSERT INTO product_details (id, product_id, size, color, unique_search_id, quantity)
            VALUES (70170509189, 4440630365, 'L', 'Be', 'bel', 29);
            
            INSERT INTO product_details (id, product_id, size, color, unique_search_id, quantity)
            VALUES (70170509190, 4440630365, 'S', 'Nâu', 'ansu', 25);
            
            INSERT INTO product_details (id, product_id, size, color, unique_search_id, quantity)
            VALUES (70170509191, 4440630365, 'M', 'Nâu', 'amnu', 23);
            
            INSERT INTO product_details (id, product_id, size, color, unique_search_id, quantity)
            VALUES (70170509192, 4440630365, 'L', 'Nâu', 'alnu', 32);
            
            INSERT INTO product_details (id, product_id, size, color, unique_search_id, quantity)
            VALUES (70170509193, 4440630365, 'M', 'Đen', 'demn', 32);
            
            INSERT INTO product_details (id, product_id, size, color, unique_search_id, quantity)
            VALUES (70170509194, 4440630365, 'S', 'Be', 'bes', 7);
            
            INSERT INTO product_details (id, product_id, size, color, unique_search_id, quantity)
            VALUES (70170509195, 4440630365, 'M', 'Be', 'bem', 19);
            
            INSERT INTO product_details (id, product_id, size, color, unique_search_id, quantity)
            VALUES (70170509196, 4440630365, 'XL', 'Be', 'belx', 38);
            
            INSERT INTO product_details (id, product_id, size, color, unique_search_id, quantity)
            VALUES (70170509197, 4440630365, 'XL', 'Nâu', 'alnux', 33);
            
            INSERT INTO product_details (id, product_id, size, color, unique_search_id, quantity)
            VALUES (70170509198, 4440630365, 'S', 'Đen', 'dens', 30);
            
            INSERT INTO product_details (id, product_id, size, color, unique_search_id, quantity)
            VALUES (70170509199, 4440630365, 'L', 'Đen', 'deln', 9);
            
            INSERT INTO product_details (id, product_id, size, color, unique_search_id, quantity)
            VALUES (70170509200, 4440630365, 'XL', 'Đen', 'delnx', 11);
            
            INSERT INTO products (id, sku, name, slug, category_id, unit_price, sale_price, preview_image_name, preview_image_path, views, description)
            VALUES (6350183787, 'SP12011', '[ Mã WASTAPR giảm 10K đơn 50K] CHÂN VÁY CÔNG SỞ DÀI QUA GỐI MIDI SIÊU XINH', 'ma-wastapr-giam-10k-don-50k-chan-vay-cong-so-dai-qua-goi-midi-sieu-xinh', 12, 65000, 130000, 'SP_6350183787_0.jpg', 'images/products/12/SP_6350183787_0.jpg', 8953, 'Mã chân váy đang hot lắm nha
Mặc lên siêu xinh ạ
Kết hợp được với nhiều kiểu áo khác nhau nha
Chất tuyết mưa 
Size S M L
S:46-50kg 
M:50-56kg
L:56-60kg
Váy fom to khách lưu ý giúp shop nha
#chân_váy #váy #váy_xinh #chân_váy_xinh #váy_qua_gối #chanvaycongso #chân_váy_công_sở #chan_vay_cong_so');
            
            INSERT INTO product_images (product_id, name, path) 
            VALUES (6350183787, 'SP_6350183787_1.jpg', 'images/products/12/SP_6350183787_1.jpg');
            
            INSERT INTO product_images (product_id, name, path) 
            VALUES (6350183787, 'SP_6350183787_2.jpg', 'images/products/12/SP_6350183787_2.jpg');
            
            INSERT INTO product_images (product_id, name, path) 
            VALUES (6350183787, 'SP_6350183787_3.jpg', 'images/products/12/SP_6350183787_3.jpg');
            
            INSERT INTO product_images (product_id, name, path) 
            VALUES (6350183787, 'SP_6350183787_4.jpg', 'images/products/12/SP_6350183787_4.jpg');
            
            INSERT INTO product_details (id, product_id, size, color, unique_search_id, quantity)
            VALUES (40844171823, 6350183787, 'S', 'Nâu', 'ansu', 9706);
            
            INSERT INTO product_details (id, product_id, size, color, unique_search_id, quantity)
            VALUES (40844171824, 6350183787, 'S', 'Kem', 'ekms', 9818);
            
            INSERT INTO product_details (id, product_id, size, color, unique_search_id, quantity)
            VALUES (40844171825, 6350183787, 'M', 'Kem', 'ekmm', 9332);
            
            INSERT INTO product_details (id, product_id, size, color, unique_search_id, quantity)
            VALUES (40844171826, 6350183787, 'L', 'Đen', 'deln', 9573);
            
            INSERT INTO product_details (id, product_id, size, color, unique_search_id, quantity)
            VALUES (40844171827, 6350183787, 'L', 'Kem', 'eklm', 9818);
            
            INSERT INTO product_details (id, product_id, size, color, unique_search_id, quantity)
            VALUES (40844171828, 6350183787, 'M', 'Nâu', 'amnu', 9623);
            
            INSERT INTO product_details (id, product_id, size, color, unique_search_id, quantity)
            VALUES (40844171829, 6350183787, 'L', 'Nâu', 'alnu', 9472);
            
            INSERT INTO product_details (id, product_id, size, color, unique_search_id, quantity)
            VALUES (40844171830, 6350183787, 'S', 'Trắng', 'agnrst', 9911);
            
            INSERT INTO product_details (id, product_id, size, color, unique_search_id, quantity)
            VALUES (40844171831, 6350183787, 'M', 'Trắng', 'agmnrt', 9930);
            
            INSERT INTO product_details (id, product_id, size, color, unique_search_id, quantity)
            VALUES (40844171832, 6350183787, 'S', 'Đen', 'dens', 9102);
            
            INSERT INTO product_details (id, product_id, size, color, unique_search_id, quantity)
            VALUES (40844171833, 6350183787, 'M', 'Đen', 'demn', 9506);
            
            INSERT INTO product_details (id, product_id, size, color, unique_search_id, quantity)
            VALUES (40844171834, 6350183787, 'L', 'Trắng', 'aglnrt', 9828);
            
            INSERT INTO products (id, sku, name, slug, category_id, unit_price, sale_price, preview_image_name, preview_image_path, views, description)
            VALUES (1074142756, 'SP12012', 'CHÂN VÁY ĐUÔI CÁ THỜI TRANG CÔNG SỞ', 'chan-vay-duoi-ca-thoi-trang-cong-so', 12, 112000, 175000, 'SP_1074142756_0.jpg', 'images/products/12/SP_1074142756_0.jpg', 977, 'Chất liệu: vải umi co giãn 4 chiều
👉👉Màu: Đen, trắng, đỏ đô,đỏ tươi, xanh côban,xanh lá; xanh tím than, xám đen, xám trắng lông chuột, nâu ; chấm bi xanh than; chấm bi đỏ đô; chấm bi đen;  đỏ; đen muối tiêu, màu nude - màu da
Size: XS, S, M ,L,XL, XXL
    S. < 45kg
                           M < 50kg
                            L < 55kg
                           XL < 60kg
                          XXL < 65kg
🌼🌼🌼Độ dài váy 55-60cm( tuỳ theo khách hàng đặt nhà em sẽ may theo yêu cầu và shopee giao tận tay khách hàng ak)
Mô tả: Lưng chun

🌺 Chân váy được may và thiết kế theo số đo của khách hàng báo xưởng may trực tiếp , phù hợp cho mọi kích thước cơ thể.🌻🌼. 

☎️📞☎️📞 0375354001  để được tư vấn cụ thể nhé! 

☎️ Các chị cần tư vấn inb trực tiếp để được shop tư vấn nhiệt tình nhất có thể😍😍😍 
 
⏰⏰⏰ Bên mình là xưởng có nhận sỉ nhé📍shop inb để nhận giá SỈ nhé📌📌📌
#chanvay #chânváyôm #chânváythờitrang #chânváyđuôicá  #chânváyđẹp #chânváybútchì #thờitrangnữ #thờitrangcôngsở #thờitrangcaocấp #thờitranggiárẻ #chân #váy #bút #chì #dáng #dài #sẻ #sau');
            
            INSERT INTO product_images (product_id, name, path) 
            VALUES (1074142756, 'SP_1074142756_1.jpg', 'images/products/12/SP_1074142756_1.jpg');
            
            INSERT INTO product_images (product_id, name, path) 
            VALUES (1074142756, 'SP_1074142756_2.jpg', 'images/products/12/SP_1074142756_2.jpg');
            
            INSERT INTO product_images (product_id, name, path) 
            VALUES (1074142756, 'SP_1074142756_3.jpg', 'images/products/12/SP_1074142756_3.jpg');
            
            INSERT INTO product_images (product_id, name, path) 
            VALUES (1074142756, 'SP_1074142756_4.jpg', 'images/products/12/SP_1074142756_4.jpg');
            
            INSERT INTO product_images (product_id, name, path) 
            VALUES (1074142756, 'SP_1074142756_5.jpg', 'images/products/12/SP_1074142756_5.jpg');
            
            INSERT INTO product_images (product_id, name, path) 
            VALUES (1074142756, 'SP_1074142756_6.jpg', 'images/products/12/SP_1074142756_6.jpg');
            
            INSERT INTO product_images (product_id, name, path) 
            VALUES (1074142756, 'SP_1074142756_7.jpg', 'images/products/12/SP_1074142756_7.jpg');
            
            INSERT INTO product_images (product_id, name, path) 
            VALUES (1074142756, 'SP_1074142756_8.jpg', 'images/products/12/SP_1074142756_8.jpg');
            
            INSERT INTO product_images (product_id, name, path) 
            VALUES (1074142756, 'SP_1074142756_9.jpg', 'images/products/12/SP_1074142756_9.jpg');
            
            INSERT INTO product_details (id, product_id, size, color, unique_search_id, quantity)
            VALUES (3255190244, 1074142756, 'S', 'đen', 'dens', 99);
            
            INSERT INTO product_details (id, product_id, size, color, unique_search_id, quantity)
            VALUES (3255190245, 1074142756, 'M', 'đen', 'demn', 95);
            
            INSERT INTO product_details (id, product_id, size, color, unique_search_id, quantity)
            VALUES (3255190246, 1074142756, 'L', 'đen', 'deln', 98);
            
            INSERT INTO product_details (id, product_id, size, color, unique_search_id, quantity)
            VALUES (3255190247, 1074142756, 'XL', 'đen', 'delnx', 97);
            
            INSERT INTO product_details (id, product_id, size, color, unique_search_id, quantity)
            VALUES (3255190248, 1074142756, 'XXL', 'đen', 'delnxx', 98);
            
            INSERT INTO product_details (id, product_id, size, color, unique_search_id, quantity)
            VALUES (3255190249, 1074142756, 'S', 'chấm bi đen', '  abcdehimns', 100);
            
            INSERT INTO product_details (id, product_id, size, color, unique_search_id, quantity)
            VALUES (3255190250, 1074142756, 'M', 'chấm bi đen', '  abcdehimmn', 100);
            
            INSERT INTO product_details (id, product_id, size, color, unique_search_id, quantity)
            VALUES (3255190251, 1074142756, 'L', 'chấm bi đen', '  abcdehilmn', 100);
            
            INSERT INTO product_details (id, product_id, size, color, unique_search_id, quantity)
            VALUES (3255190252, 1074142756, 'XL', 'chấm bi đen', '  abcdehilmnx', 100);
            
            INSERT INTO product_details (id, product_id, size, color, unique_search_id, quantity)
            VALUES (3255190253, 1074142756, 'XXL', 'chấm bi đen', '  abcdehilmnxx', 100);
            
            INSERT INTO product_details (id, product_id, size, color, unique_search_id, quantity)
            VALUES (3255190254, 1074142756, 'S', 'đỏ đô', ' ddoos', 100);
            
            INSERT INTO product_details (id, product_id, size, color, unique_search_id, quantity)
            VALUES (3255190255, 1074142756, 'M', 'đỏ đô', ' ddmoo', 100);
            
            INSERT INTO product_details (id, product_id, size, color, unique_search_id, quantity)
            VALUES (3255190256, 1074142756, 'L', 'đỏ đô', ' ddloo', 100);
            
            INSERT INTO product_details (id, product_id, size, color, unique_search_id, quantity)
            VALUES (3255190257, 1074142756, 'XL', 'đỏ đô', ' ddloox', 100);
            
            INSERT INTO product_details (id, product_id, size, color, unique_search_id, quantity)
            VALUES (3255190258, 1074142756, 'XXL', 'đỏ đô', ' ddlooxx', 100);
            
            INSERT INTO product_details (id, product_id, size, color, unique_search_id, quantity)
            VALUES (3255190259, 1074142756, 'S', 'đỏ tươi', ' dioostu', 100);
            
            INSERT INTO product_details (id, product_id, size, color, unique_search_id, quantity)
            VALUES (3255190260, 1074142756, 'M', 'đỏ tươi', ' dimootu', 100);
            
            INSERT INTO product_details (id, product_id, size, color, unique_search_id, quantity)
            VALUES (3255190261, 1074142756, 'L', 'đỏ tươi', ' dilootu', 100);
            
            INSERT INTO product_details (id, product_id, size, color, unique_search_id, quantity)
            VALUES (3255190262, 1074142756, 'XL', 'đỏ tươi', ' dilootux', 100);
            
            INSERT INTO product_details (id, product_id, size, color, unique_search_id, quantity)
            VALUES (3255190263, 1074142756, 'XXL', 'đỏ tươi', ' dilootuxx', 100);
            
            INSERT INTO product_details (id, product_id, size, color, unique_search_id, quantity)
            VALUES (3255190264, 1074142756, 'S', 'xám', 'amsx', 100);
            
            INSERT INTO product_details (id, product_id, size, color, unique_search_id, quantity)
            VALUES (3255190265, 1074142756, 'M', 'xám', 'ammx', 100);
            
            INSERT INTO product_details (id, product_id, size, color, unique_search_id, quantity)
            VALUES (3255190266, 1074142756, 'L', 'xám', 'almx', 100);
            
            INSERT INTO product_details (id, product_id, size, color, unique_search_id, quantity)
            VALUES (3255190267, 1074142756, 'XL', 'xám', 'almxx', 100);
            
            INSERT INTO product_details (id, product_id, size, color, unique_search_id, quantity)
            VALUES (3255190268, 1074142756, 'XXL', 'xám', 'almxxx', 100);
            
            INSERT INTO product_details (id, product_id, size, color, unique_search_id, quantity)
            VALUES (3255190269, 1074142756, 'S', 'xanh than', ' aahhnnstx', 100);
            
            INSERT INTO product_details (id, product_id, size, color, unique_search_id, quantity)
            VALUES (3255190270, 1074142756, 'M', 'xanh than', ' aahhmnntx', 100);
            
            INSERT INTO product_details (id, product_id, size, color, unique_search_id, quantity)
            VALUES (3255190271, 1074142756, 'L', 'xanh than', ' aahhlnntx', 99);
            
            INSERT INTO product_details (id, product_id, size, color, unique_search_id, quantity)
            VALUES (3255190272, 1074142756, 'XL', 'xanh than', ' aahhlnntxx', 100);
            
            INSERT INTO product_details (id, product_id, size, color, unique_search_id, quantity)
            VALUES (3255190273, 1074142756, 'XXL', 'xanh than', ' aahhlnntxxx', 100);
            
            INSERT INTO product_details (id, product_id, size, color, unique_search_id, quantity)
            VALUES (3255190274, 1074142756, 'S', 'kẻ', 'eks', 100);
            
            INSERT INTO product_details (id, product_id, size, color, unique_search_id, quantity)
            VALUES (3255190275, 1074142756, 'M', 'kẻ', 'ekm', 100);
            
            INSERT INTO product_details (id, product_id, size, color, unique_search_id, quantity)
            VALUES (3255190276, 1074142756, 'L', 'kẻ', 'ekl', 100);
            
            INSERT INTO product_details (id, product_id, size, color, unique_search_id, quantity)
            VALUES (3255190277, 1074142756, 'XL', 'kẻ', 'eklx', 100);
            
            INSERT INTO product_details (id, product_id, size, color, unique_search_id, quantity)
            VALUES (3255190278, 1074142756, 'XXL', 'kẻ', 'eklxx', 100);
            
            INSERT INTO product_details (id, product_id, size, color, unique_search_id, quantity)
            VALUES (3255190279, 1074142756, 'S', 'vàng tươi', ' aginostuv', 100);
            
            INSERT INTO product_details (id, product_id, size, color, unique_search_id, quantity)
            VALUES (3255190280, 1074142756, 'M', 'vàng tươi', ' agimnotuv', 100);
            
            INSERT INTO product_details (id, product_id, size, color, unique_search_id, quantity)
            VALUES (3255190281, 1074142756, 'L', 'vàng tươi', ' agilnotuv', 100);
            
            INSERT INTO product_details (id, product_id, size, color, unique_search_id, quantity)
            VALUES (3255190282, 1074142756, 'XL', 'vàng tươi', ' agilnotuvx', 100);
            
            INSERT INTO product_details (id, product_id, size, color, unique_search_id, quantity)
            VALUES (3255190283, 1074142756, 'XXL', 'vàng tươi', ' agilnotuvxx', 100);
            
            INSERT INTO product_details (id, product_id, size, color, unique_search_id, quantity)
            VALUES (3255190284, 1074142756, 'S', 'xanh rêu', ' aehnrsux', 100);
            
            INSERT INTO product_details (id, product_id, size, color, unique_search_id, quantity)
            VALUES (3255190285, 1074142756, 'M', 'xanh rêu', ' aehmnrux', 100);
            
            INSERT INTO product_details (id, product_id, size, color, unique_search_id, quantity)
            VALUES (3255190286, 1074142756, 'L', 'xanh rêu', ' aehlnrux', 100);
            
            INSERT INTO product_details (id, product_id, size, color, unique_search_id, quantity)
            VALUES (3255190287, 1074142756, 'XL', 'xanh rêu', ' aehlnruxx', 100);
            
            INSERT INTO product_details (id, product_id, size, color, unique_search_id, quantity)
            VALUES (3255190288, 1074142756, 'XXL', 'xanh rêu', ' aehlnruxxx', 100);
            
            INSERT INTO product_details (id, product_id, size, color, unique_search_id, quantity)
            VALUES (3255190289, 1074142756, 'S', 'nâu đậm', ' aadmnsu', 100);
            
            INSERT INTO product_details (id, product_id, size, color, unique_search_id, quantity)
            VALUES (3255190290, 1074142756, 'M', 'nâu đậm', ' aadmmnu', 100);
            
            INSERT INTO product_details (id, product_id, size, color, unique_search_id, quantity)
            VALUES (3255190291, 1074142756, 'L', 'nâu đậm', ' aadlmnu', 100);
            
            INSERT INTO product_details (id, product_id, size, color, unique_search_id, quantity)
            VALUES (3255190292, 1074142756, 'XL', 'nâu đậm', ' aadlmnux', 100);
            
            INSERT INTO product_details (id, product_id, size, color, unique_search_id, quantity)
            VALUES (3255190293, 1074142756, 'XXL', 'nâu đậm', ' aadlmnuxx', 100);
            
            INSERT INTO products (id, sku, name, slug, category_id, unit_price, sale_price, preview_image_name, preview_image_path, views, description)
            VALUES (1717592804, 'SP12013', 'Chân váy nữ bút chì công sở dáng dài co giãn 4 chiều Cúc Fashion CV186 đầm cao cấp', 'chan-vay-nu-but-chi-cong-so-dang-dai-co-gian-4-chieu-cuc-fashion-cv186-dam-cao-cap', 12, 159000, 200000, 'SP_1717592804_0.jpg', 'images/products/12/SP_1717592804_0.jpg', 16951, 'Chân váy nữ bút chì công sở dáng dài co giãn 4 chiều Cúc Fashion CV186 đầm cao cấp là hàng cao cấp, Chất liệu vải hàng đẹp, không nhăn, hàng thiết kế của Cúc

☑️ CAM KẾT:
- Bao hàng chuẩn , cao cấp, đứng form dáng của Chân váy nữ công sở
- chân váy là chất Umi cao cấp co giãn 4 chiều, không bai , không xù, không nhão
- SHOP CHỈ BÁN HÀNG LOẠI 1, CHẤT LƯỢNG CAO
- Bao hàng chuẩn 1 đổi 1 cho khách hàng
- Cam kết Chân váy bút chì nữ CV186 chuẩn, from , dáng , màu, đẹp như hình
- Hàng luôn có sẵn

- Chân váy đen dài CV186 có màu: Đen
- Chân váy dài có 3 size: S , M , L

☑️ BẢNG SIZE FROM CHUẨN HÀNG THIẾT KẾ CỦA CÚC FASHION: 

=> size S: < 48kg. Eo < 67cm ngực 82-89cm – Mông 84-88cm – tùy chiều cao

=> size M: 48-53kg. Eo: 67 – 73 Ngực 86-92cm Mông 84-92cm tùy chiều cao

=> size L: 54 - 60kg. Eo 74-80cm – Ngực 90-96cm –Mông 92-100cm - Thích hợp cho người từ 55-60kg tùy chiều cao

size XL: 60 – 65kg. eo >80

❌CHUYÊN SỈ - LẺ CHÂN VÁY BÚT CHÌ, ÁO SƠ MI, QUẦN, VEST THỜI TRANG CÔNG SỞ NỮ TOÀN QUỐC.
❌ Bao giá, bao chất đảm bảo luôn luôn là đầu mối đổ buôn tốt nhất
Đặc biệt hơn thế nữa giá bán lẻ rẻ như giá buôn, đảm bảo rẻ hơn các shop bán ngoài thị trường
CHƯA BAO GIỜ VỪA SHOPPING VÀ KINH DOANH LẠI ĐƠN GIẢN, TIỆN LỢI, KHÔNG CẦN VỐN VÀ HÀI LÒNG ĐẾN THẾ

Hãy để lại tin nhắn nhân viên CÚC FASHION sẽ inbox, gọi tư vấn, khách thích thì mua, không mua cũng không sao ạ, Shop vẫn tư vấn nhiệt tình

#chân_váy #chân_váy_dài #chan_váy_dài #chân_váy_công_sở #váy_công_sở #chân_váy_đẹp #váy_dài #chân_váy_bút_chì #chân_váy_đen #chan_vay #chân_vay #váy_bút_chì #váy_dài_đẹp #cúc_fashion #váy_nữ #đầm_nữ #vay_nu #chân_váy_nữ

☑️ LƯU Ý: 
- Hướng dẫn đặt mua nhiều màu, mẫu, kích thước trong 1 đơn hàng: 
Bạn phải chọn màu, mẫu hoặc kích thước bạn muốn rồi cho vào giỏ hàng. 
Sau khi chọn đủ thì vào giỏ hàng để tiến hành mua hàng. 
Có thể điều chỉnh số lượng mua trong giỏ hàng nếu muốn. 
- Đối với những sản phẩm có nhiều mẫu, màu sắc, nhiều kích thước. 
Quý khách vui lòng đặt mua đúng mẫu, màu, kích thước của sản phẩm trên hệ thống để tránh nhầm lẫn. Do Shop chủ yếu sắp hàng theo phiếu in từ hệ thống chứ không nhìn được vào ghi chú hay tin nhắn. ( Shop ko chấp nhận đơn note, hay ghi chú) 
- Nếu quý khách muốn biết rõ hơn về sản phẩm xin vui lòng chat với shop để được tư vấn trước khi đặt hàng. 
- Những đơn hàng đã xác nhận có mã vận chuyển thì shop sẽ không hủy với bất kì lý do gì. 
- Mọi thắc mắc về vận chuyển xin liên lạc Hotline Shopee: 19001221

📌 Khách sỉ vui lòng chat với shop CÚC để được tư vấn kỹ hơn
📌Chúc Khách Yêu mua hàng Vui vẻ tại hàng thiết kế Cúc Fashion');
            
            INSERT INTO product_images (product_id, name, path) 
            VALUES (1717592804, 'SP_1717592804_1.jpg', 'images/products/12/SP_1717592804_1.jpg');
            
            INSERT INTO product_images (product_id, name, path) 
            VALUES (1717592804, 'SP_1717592804_2.jpg', 'images/products/12/SP_1717592804_2.jpg');
            
            INSERT INTO product_images (product_id, name, path) 
            VALUES (1717592804, 'SP_1717592804_3.jpg', 'images/products/12/SP_1717592804_3.jpg');
            
            INSERT INTO product_images (product_id, name, path) 
            VALUES (1717592804, 'SP_1717592804_4.jpg', 'images/products/12/SP_1717592804_4.jpg');
            
            INSERT INTO product_images (product_id, name, path) 
            VALUES (1717592804, 'SP_1717592804_5.jpg', 'images/products/12/SP_1717592804_5.jpg');
            
            INSERT INTO product_images (product_id, name, path) 
            VALUES (1717592804, 'SP_1717592804_6.jpg', 'images/products/12/SP_1717592804_6.jpg');
            
            INSERT INTO product_images (product_id, name, path) 
            VALUES (1717592804, 'SP_1717592804_7.jpg', 'images/products/12/SP_1717592804_7.jpg');
            
            INSERT INTO product_images (product_id, name, path) 
            VALUES (1717592804, 'SP_1717592804_8.jpg', 'images/products/12/SP_1717592804_8.jpg');
            
            INSERT INTO product_images (product_id, name, path) 
            VALUES (1717592804, 'SP_1717592804_9.jpg', 'images/products/12/SP_1717592804_9.jpg');
            
            INSERT INTO product_details (id, product_id, size, color, unique_search_id, quantity)
            VALUES (7359910121, 1717592804, 'Size S', 'Đen', ' deeinssz', 44);
            
            INSERT INTO product_details (id, product_id, size, color, unique_search_id, quantity)
            VALUES (7359910122, 1717592804, 'Size M', 'Đen', ' deeimnsz', 32);
            
            INSERT INTO product_details (id, product_id, size, color, unique_search_id, quantity)
            VALUES (9967051237, 1717592804, 'Size L', 'Đen', ' deeilnsz', 33);
            
            INSERT INTO products (id, sku, name, slug, category_id, unit_price, sale_price, preview_image_name, preview_image_path, views, description)
            VALUES (9321381195, 'SP12014', '[ Mã WASTRUN4 giảm 10% tối đa 30K đơn 99K] Chân Váy Đuôi Cá Vải Tuyết Hàn Model 2021', 'ma-wastrun4-giam-10percent-toi-da-30k-don-99k-chan-vay-duoi-ca-vai-tuyet-han-model-2021', 12, 119000, 180000, 'SP_9321381195_0.jpg', 'images/products/12/SP_9321381195_0.jpg', 18264, 'Sẵn kho Sll hàng siêu HOT !
Chân váy đuôi cá vải Tuyết Hàn Model cực HOT 
  👉Chân Váy đuối cá lên từ vải Tuyết Hàn dày dặn, co dãn nhẹ, không nhăn, vải suông mềm tạo dáng váy cực thanh lịch, tôn chân thon dài, điệu đà cho chị em.
 👉Chị em tha hồ kết hợp Chân váy đuôi cá cùng áo phông, sơ mi, áo voan ... mặc đi làm, đi chơi đều rất Thời trang, thanh lịch, Đẹp nhã nhặn
  👉Đường màu sắc nét, chắc chắn. 
  👉Thiết kế Dây quần bản to, lưng cao giúp thu gọn vòng 2 và tôn vòng 3 nuột nà🥰🥰
  👉Váy có mở khoá bên hông tiện lợi.

2 màu: Đen và Nâu đất. Váy dài 63-64cm

Lưu ý: Bảng size đã được chỉnh sửa theo cân nặng của khách từ 28/3/2021. Khách có thể nhắn tin riêng shop để được tư vấn kỹ hơn về size ạ.

Size S từ 46-50Kg
Size M từ 50-54kg
Size L từ 54-58kg
Size XL từ 58-62kg

#vay_đuôi_cá#vay_duoi_ca#vayduoica
#váy_công_sở#vay_cong_so#vaycongso
#váy_xoè_qua_gối#vay_xoe_qua_goi#vayxoequagoi
#váy_đẹp#vay_đep#vaydep
#chân_váy_đẹp#chan_vay_dep#chanvaydep
');
            
            INSERT INTO product_images (product_id, name, path) 
            VALUES (9321381195, 'SP_9321381195_1.jpg', 'images/products/12/SP_9321381195_1.jpg');
            
            INSERT INTO product_images (product_id, name, path) 
            VALUES (9321381195, 'SP_9321381195_2.jpg', 'images/products/12/SP_9321381195_2.jpg');
            
            INSERT INTO product_images (product_id, name, path) 
            VALUES (9321381195, 'SP_9321381195_3.jpg', 'images/products/12/SP_9321381195_3.jpg');
            
            INSERT INTO product_images (product_id, name, path) 
            VALUES (9321381195, 'SP_9321381195_4.jpg', 'images/products/12/SP_9321381195_4.jpg');
            
            INSERT INTO product_images (product_id, name, path) 
            VALUES (9321381195, 'SP_9321381195_5.jpg', 'images/products/12/SP_9321381195_5.jpg');
            
            INSERT INTO product_images (product_id, name, path) 
            VALUES (9321381195, 'SP_9321381195_6.jpg', 'images/products/12/SP_9321381195_6.jpg');
            
            INSERT INTO product_details (id, product_id, size, color, unique_search_id, quantity)
            VALUES (43962725220, 9321381195, 'L( 54-58Kg)', 'Nâu', ' ()-4558agklnu', 72);
            
            INSERT INTO product_details (id, product_id, size, color, unique_search_id, quantity)
            VALUES (43962725221, 9321381195, 'XL(58-62Kg)', 'Nâu', '()-2568agklnux', 75);
            
            INSERT INTO product_details (id, product_id, size, color, unique_search_id, quantity)
            VALUES (43962725222, 9321381195, 'S( 45-50Kg)', 'Đen', ' ()-0455degkns', 73);
            
            INSERT INTO product_details (id, product_id, size, color, unique_search_id, quantity)
            VALUES (43962725223, 9321381195, 'M( 50-54Kg)', 'Đen', ' ()-0455degkmn', 71);
            
            INSERT INTO product_details (id, product_id, size, color, unique_search_id, quantity)
            VALUES (43962725224, 9321381195, 'L( 54-58Kg)', 'Đen', ' ()-4558degkln', 74);
            
            INSERT INTO product_details (id, product_id, size, color, unique_search_id, quantity)
            VALUES (43962725225, 9321381195, 'XL(58-62Kg)', 'Đen', '()-2568degklnx', 74);
            
            INSERT INTO product_details (id, product_id, size, color, unique_search_id, quantity)
            VALUES (43962725226, 9321381195, 'S( 45-50Kg)', 'Nâu', ' ()-0455agknsu', 71);
            
            INSERT INTO product_details (id, product_id, size, color, unique_search_id, quantity)
            VALUES (43962725227, 9321381195, 'M( 50-54Kg)', 'Nâu', ' ()-0455agkmnu', 74);
            
            INSERT INTO products (id, sku, name, slug, category_id, unit_price, sale_price, preview_image_name, preview_image_path, views, description)
            VALUES (8531509886, 'SP12015', 'Chân váy công sở, chân váy bút trì sẻ sau phối ren', 'chan-vay-cong-so,-chan-vay-but-tri-se-sau-phoi-ren', 12, 172500, 250000, 'SP_8531509886_0.jpg', 'images/products/12/SP_8531509886_0.jpg', 539, 'E BÁN HÀNG NGHÌN EM NÀY TRÊN FB RỒI CÁC CHẾ ƠI....😁😁😁

💋Chân váy phối ren huyền thoại về hàng rồi nhé, năm nay đông không khác gì hè nên mấy em váy không hạ nhiệt tẹo nào 
Riêng em này mặc ko bao giờ lo lỗi mốt luôn ạ, chị em công sở ai cũng đều phải có 1 ẻm trong tủ đồ mặc được 4 mùa trong năm
📌 Váy xẻ sau dễ mặc, hàng có đủ size S, M, L cho khách từ 45-58 kg
- Size S: 45-53 kg. 
- Size M: 53-56kg. 
- Size L: 56-60 kg. 
📌 1 màu đen duy nhất cực dễ mix đồ 
📌 chất liệu umi loại 1 đanh - mềm - mịn- co giãn thoải mái
Hàng sẵn sll luôn ạ
🌹 Buôn, sỉ SLL

💎💎💎 Địa Chỉ Liên Hệ:

☎️Hotline /Zalo/ Shopee Chat : 0972247352 & 0966609388
🏫Địa chỉ shop: GỐC ĐỀ-TAM HỒNG-YÊN LẠC-VĨNH PHÚC 
✅FANPAGE : NGUYỄN THỊ SAO
📌TIKTOK : NGUYỄN THỊ SAO

#chânváybútchì  #chânváycôngsở #Chânváyxòe
#chânváy  #chânváyđẹp  #chânváyxinh  #chânváyôm  #chânváybútchì  #chânváycôngsở  #chânváynữ #chânváymidi');
            
            INSERT INTO product_images (product_id, name, path) 
            VALUES (8531509886, 'SP_8531509886_1.jpg', 'images/products/12/SP_8531509886_1.jpg');
            
            INSERT INTO product_images (product_id, name, path) 
            VALUES (8531509886, 'SP_8531509886_2.jpg', 'images/products/12/SP_8531509886_2.jpg');
            
            INSERT INTO product_images (product_id, name, path) 
            VALUES (8531509886, 'SP_8531509886_3.jpg', 'images/products/12/SP_8531509886_3.jpg');
            
            INSERT INTO product_images (product_id, name, path) 
            VALUES (8531509886, 'SP_8531509886_4.jpg', 'images/products/12/SP_8531509886_4.jpg');
            
            INSERT INTO product_images (product_id, name, path) 
            VALUES (8531509886, 'SP_8531509886_5.jpg', 'images/products/12/SP_8531509886_5.jpg');
            
            INSERT INTO product_images (product_id, name, path) 
            VALUES (8531509886, 'SP_8531509886_6.jpg', 'images/products/12/SP_8531509886_6.jpg');
            
            INSERT INTO product_images (product_id, name, path) 
            VALUES (8531509886, 'SP_8531509886_7.jpg', 'images/products/12/SP_8531509886_7.jpg');
            
            INSERT INTO product_images (product_id, name, path) 
            VALUES (8531509886, 'SP_8531509886_8.jpg', 'images/products/12/SP_8531509886_8.jpg');
            
            INSERT INTO product_images (product_id, name, path) 
            VALUES (8531509886, 'SP_8531509886_9.jpg', 'images/products/12/SP_8531509886_9.jpg');
            
            INSERT INTO product_details (id, product_id, size, color, unique_search_id, quantity)
            VALUES (64388977350, 8531509886, 'L', 'Đen', 'deln', 1255);
            
            INSERT INTO product_details (id, product_id, size, color, unique_search_id, quantity)
            VALUES (64388977351, 8531509886, 'S', 'Đỏ', 'dos', 1311);
            
            INSERT INTO product_details (id, product_id, size, color, unique_search_id, quantity)
            VALUES (64388977352, 8531509886, 'M', 'Đen', 'demn', 1244);
            
            INSERT INTO product_details (id, product_id, size, color, unique_search_id, quantity)
            VALUES (64388977353, 8531509886, 'M', 'Đỏ', 'dmo', 1221);
            
            INSERT INTO product_details (id, product_id, size, color, unique_search_id, quantity)
            VALUES (64388977354, 8531509886, 'L', 'Đỏ', 'dlo', 1311);
            
            INSERT INTO product_details (id, product_id, size, color, unique_search_id, quantity)
            VALUES (64388977355, 8531509886, 'S', 'Đen', 'dens', 1258);
            
            INSERT INTO products (id, sku, name, slug, category_id, unit_price, sale_price, preview_image_name, preview_image_path, views, description)
            VALUES (8938841654, 'SP12016', 'Chân váy Ngắn Chữ A| Chân Váy Ngắn công sở Cạp Cao - Hàng VNXK', 'chan-vay-ngan-chu-aor-chan-vay-ngan-cong-so-cap-cao-hang-vnxk', 12, 99000, 198000, 'SP_8938841654_0.jpg', 'images/products/12/SP_8938841654_0.jpg', 8564, '🌟🌟Hàng có sẵn 🌟🌟

Mùa hè nhất định phải có em nó 
Chân váy thần thánh siuu hot về hàng khách iiu ơi 
Chất tuyết mưa dàu dặn.  lên fom chuẩn mẫu luôn ạ 
Về sẵn 2 màu cực dễ mix đồ , mặc ti tỉ áo mix đều xinh 
Sẵn 2 Size M (40-52) L (53-60kg ) 
Hàng bao đổ shop
');
            
            INSERT INTO product_images (product_id, name, path) 
            VALUES (8938841654, 'SP_8938841654_1.jpg', 'images/products/12/SP_8938841654_1.jpg');
            
            INSERT INTO product_images (product_id, name, path) 
            VALUES (8938841654, 'SP_8938841654_2.jpg', 'images/products/12/SP_8938841654_2.jpg');
            
            INSERT INTO product_images (product_id, name, path) 
            VALUES (8938841654, 'SP_8938841654_3.jpg', 'images/products/12/SP_8938841654_3.jpg');
            
            INSERT INTO product_images (product_id, name, path) 
            VALUES (8938841654, 'SP_8938841654_4.jpg', 'images/products/12/SP_8938841654_4.jpg');
            
            INSERT INTO product_images (product_id, name, path) 
            VALUES (8938841654, 'SP_8938841654_5.jpg', 'images/products/12/SP_8938841654_5.jpg');
            
            INSERT INTO product_images (product_id, name, path) 
            VALUES (8938841654, 'SP_8938841654_6.jpg', 'images/products/12/SP_8938841654_6.jpg');
            
            INSERT INTO product_images (product_id, name, path) 
            VALUES (8938841654, 'SP_8938841654_7.jpg', 'images/products/12/SP_8938841654_7.jpg');
            
            INSERT INTO product_details (id, product_id, size, color, unique_search_id, quantity)
            VALUES (44706775897, 8938841654, 'Size M (40-52)', 'Đen', '  ()-0245deeimnsz', 475);
            
            INSERT INTO product_details (id, product_id, size, color, unique_search_id, quantity)
            VALUES (44706775898, 8938841654, 'L (53-60kg ) ', 'Đen', '   ()-0356degkln', 985);
            
            INSERT INTO product_details (id, product_id, size, color, unique_search_id, quantity)
            VALUES (44706775899, 8938841654, 'Size M (40-52)', 'Be', '  ()-0245beeimsz', 507);
            
            INSERT INTO product_details (id, product_id, size, color, unique_search_id, quantity)
            VALUES (44706775900, 8938841654, 'L (53-60kg ) ', 'Be', '   ()-0356begkl', 743);
            
            INSERT INTO product_details (id, product_id, size, color, unique_search_id, quantity)
            VALUES (74843891810, 8938841654, 'Size M (40-52)', 'Ngẫu nhiên siêu sale', '     ()-0245aaeeeeghiiilmnnnsssuuz', 20);
            
            INSERT INTO product_details (id, product_id, size, color, unique_search_id, quantity)
            VALUES (74843891811, 8938841654, 'L (53-60kg ) ', 'Ngẫu nhiên siêu sale', '      ()-0356aaeeegghiikllnnnssuu', 20);
            